url_hash,url,domain,s3_path,status,error_log,created_at,updated_at
71d2db74256852623c2402ab76b2d697,https://www.whitehouse.gov/wp-content/uploads/2025/09/The-MAHA-Strategy-WH.pdf,www.whitehouse.gov,raw/pdfs/pdf_queue/www.whitehouse.gov/the-maha-strategy-wh-71d2db74.pdf,uploaded,,2026-04-14 23:01:10.318524+00:00,2026-04-14 23:24:40.355585+00:00
20a5b997edc83d12fc53bd1d705703b3,https://www.whitehouse.gov/wp-content/uploads/2025/05/MAHA-Report-The-White-House.pdf,www.whitehouse.gov,raw/pdfs/pdf_queue/www.whitehouse.gov/maha-report-the-white-house-20a5b997.pdf,uploaded,,2026-04-14 23:01:10.318524+00:00,2026-04-14 23:23:55.364320+00:00
f33d33787d1b2b42df1f8b791ca4bb19,https://www.pesticideresearch.com/site/wp-content/uploads/2016/02/Exposure_and_Interaction_2016_Web_0.pdf,www.pesticideresearch.com,,error,HTTPError: 404 Client Error: Not Found for url: https://pesticideresearch.com/site/wp-content/uploads/2016/02/Exposure_and_Interaction_2016_Web_0.pdf,2026-04-14 23:01:10.318524+00:00,2026-04-14 23:23:41.529500+00:00
48471841694b51870665843ea6d61fe0,https://www.pesticidereform.org/wp-content/uploads/2026/02/2026.02.02_Petition-for-Writ-of-Mandate.pdf,www.pesticidereform.org,raw/pdfs/pdf_queue/www.pesticidereform.org/2026-02-02-petition-for-writ-of-mandate-48471841.pdf,uploaded,,2026-04-14 23:01:10.318524+00:00,2026-04-14 23:23:29.359555+00:00
0469075e7ff2d95449ebe9b572dbf145,https://www.panna.org/wp-content/uploads/PANnews2022n03FINAL.pdf,www.panna.org,,error,HTTPError: 404 Client Error: Not Found for url: https://www.panna.org/wp-content/uploads/PANnews2022n03FINAL.pdf,2026-04-14 23:01:10.318524+00:00,2026-04-14 23:23:24.432297+00:00
8315e8de213a2a7f58240af7f4228271,https://www.panna.org/wp-content/uploads/2026/03/PANFY25IRS990public.pdf,www.panna.org,raw/pdfs/pdf_queue/www.panna.org/panfy25irs990public-8315e8de.pdf,uploaded,,2026-04-14 23:01:10.318524+00:00,2026-04-14 23:23:22.916263+00:00
1e99e40153376aa4f2c60490e6a529c6,https://www.panna.org/wp-content/uploads/2026/03/PANFY25Audit.pdf,www.panna.org,raw/pdfs/pdf_queue/www.panna.org/panfy25audit-1e99e401.pdf,uploaded,,2026-04-14 23:01:10.318524+00:00,2026-04-14 23:23:20.750566+00:00
bf49767feae0028622ae802ef1a9192b,https://www.panna.org/wp-content/uploads/2026/01/PANnewsFY26n02.pdf,www.panna.org,raw/pdfs/pdf_queue/www.panna.org/pannewsfy26n02-bf49767f.pdf,uploaded,,2026-04-14 23:01:10.318524+00:00,2026-04-14 23:23:17.927728+00:00
bfd8117fe3cd39914707420a34db1228,https://www.panna.org/wp-content/uploads/2026/01/1.15.26_F_CDFA-Climate-Resilience-Strategy-Comment-Letter.pdf,www.panna.org,raw/pdfs/pdf_queue/www.panna.org/1-15-26-f-cdfa-climate-resilience-strategy-comment-letter-bfd8117f.pdf,uploaded,,2026-04-14 23:01:10.318524+00:00,2026-04-14 23:23:12.260286+00:00
bc17b009ce14947fd4e3971f2fadc85e,https://www.panna.org/wp-content/uploads/2025/11/Argentina_Agroecologia_3_estudios_de_caso_RAPAL_PAN.pdf,www.panna.org,raw/pdfs/pdf_queue/www.panna.org/argentina-agroecologia-3-estudios-de-caso-rapal-pan-bc17b009.pdf,uploaded,,2026-04-14 23:01:10.318524+00:00,2026-04-14 23:23:10.160751+00:00
baf1ffc933f87307ef87d80c990ec800,https://www.panna.org/wp-content/uploads/2025/11/Agroecology_is_a_Climate_Solution.pdf,www.panna.org,raw/pdfs/pdf_queue/www.panna.org/agroecology-is-a-climate-solution-baf1ffc9.pdf,uploaded,,2026-04-14 23:01:10.318524+00:00,2026-04-14 23:22:56.847280+00:00
bea8128ed4f547ac04b3687cf5544736,https://www.panna.org/wp-content/uploads/2025/11/2025October_PesticidesClimateChange_final.pdf,www.panna.org,raw/pdfs/pdf_queue/www.panna.org/2025october-pesticidesclimatechange-final-bea8128e.pdf,uploaded,,2026-04-14 23:01:10.318524+00:00,2026-04-14 23:22:54.854270+00:00
a4ea652c85017f8fc16a31853c025ef4,https://www.panna.org/wp-content/uploads/2025/10/Disenado-Para-Matar-Quien-lucran-paraquat-Espanol.pdf,www.panna.org,raw/pdfs/pdf_queue/www.panna.org/disenado-para-matar-quien-lucran-paraquat-espanol-a4ea652c.pdf,uploaded,,2026-04-14 23:01:10.318524+00:00,2026-04-14 23:22:52.738535+00:00
02ebe20a413d73ccfa4e8f1c71b827bd,https://www.panna.org/wp-content/uploads/2025/10/Designed-Kill-Who-Profits-Paraquat.pdf,www.panna.org,raw/pdfs/pdf_queue/www.panna.org/designed-kill-who-profits-paraquat-02ebe20a.pdf,uploaded,,2026-04-14 23:01:10.318524+00:00,2026-04-14 23:21:43.090140+00:00
d65996771746d09a2ce6ff21941771f7,https://www.panna.org/wp-content/uploads/2025/06/PAN-Newsletter-Spring2025-1.pdf,www.panna.org,raw/pdfs/pdf_queue/www.panna.org/pan-newsletter-spring2025-1-d6599677.pdf,uploaded,,2026-04-14 23:01:10.318524+00:00,2026-04-14 23:20:35.380955+00:00
bc75db6e74169fa504c0e88e45be6ffb,https://www.panna.org/wp-content/uploads/2025/05/202308ClimateChangeEng-Aug23-.pdf,www.panna.org,raw/pdfs/pdf_queue/www.panna.org/202308climatechangeeng-aug23-bc75db6e.pdf,uploaded,,2026-04-14 23:01:10.318524+00:00,2026-04-14 23:20:32.671533+00:00
ba57db50412f149e4161476e7aa366d0,https://www.panna.org/wp-content/uploads/2025/04/Alternatives-non-chimiques-au-chlorpyrifos_PAN-Inde_2025-FRA.pdf,www.panna.org,raw/pdfs/pdf_queue/www.panna.org/alternatives-non-chimiques-au-chlorpyrifos-pan-inde-2025-fra-ba57db50.pdf,uploaded,,2026-04-14 23:01:10.318524+00:00,2026-04-14 23:20:24.641702+00:00
115bc113bd4ec5dc1e554506ec13b4a4,https://www.panna.org/wp-content/uploads/2025/04/Alternativas-no-quimicas-al-clorpirifos_PAN-India_2025-ESP.pdf,www.panna.org,raw/pdfs/pdf_queue/www.panna.org/alternativas-no-quimicas-al-clorpirifos-pan-india-2025-esp-115bc113.pdf,uploaded,,2026-04-14 23:01:10.318524+00:00,2026-04-14 23:19:44.304387+00:00
fa0be0eb64e7d813649b8a28d2a22266,https://www.panna.org/wp-content/uploads/2025/04/2025_Chlorpyrifos_Alternatives_Sugarcane_Groundnuts_Brief_ENG.pdf,www.panna.org,raw/pdfs/pdf_queue/www.panna.org/2025-chlorpyrifos-alternatives-sugarcane-groundnuts-brief-eng-fa0be0eb.pdf,uploaded,,2026-04-14 23:01:10.318524+00:00,2026-04-14 23:19:05.119598+00:00
072ff03e1c387efae3b344f9138f0194,https://www.panna.org/wp-content/uploads/2025/04/2025_Alternatives-non-chimiques-au-chlorpyrifos_FRA.pdf,www.panna.org,raw/pdfs/pdf_queue/www.panna.org/2025-alternatives-non-chimiques-au-chlorpyrifos-fra-072ff03e.pdf,uploaded,,2026-04-14 23:01:10.318524+00:00,2026-04-14 23:18:57.604371+00:00
ca39674715c18e9349c139090dc6ca16,https://www.panna.org/wp-content/uploads/2025/04/2025_Alternativas-no-Quimicas-al-Uso-de-Clorpirifos_ESP.pdf,www.panna.org,raw/pdfs/pdf_queue/www.panna.org/2025-alternativas-no-quimicas-al-uso-de-clorpirifos-esp-ca396747.pdf,uploaded,,2026-04-14 23:01:10.318524+00:00,2026-04-14 23:18:53.800570+00:00
543110dd830c330d595c8b2f55b9d086,https://www.panna.org/wp-content/uploads/2025/04/20250_Alternativas_a_Clorpirifos_Cana-de-azucar_Cacahuetes_ESP.pdf,www.panna.org,raw/pdfs/pdf_queue/www.panna.org/20250-alternativas-a-clorpirifos-cana-de-azucar-cacahuetes-esp-543110dd.pdf,uploaded,,2026-04-14 23:01:10.318524+00:00,2026-04-14 23:18:50.417871+00:00
986a4dcfd6afd849b0ca8e3900b542eb,https://www.panna.org/wp-content/uploads/2025/04/202503_ChlorpyrifosAltsBrief_ENG.pdf,www.panna.org,raw/pdfs/pdf_queue/www.panna.org/202503-chlorpyrifosaltsbrief-eng-986a4dcf.pdf,uploaded,,2026-04-14 23:01:10.318524+00:00,2026-04-14 23:18:43.112329+00:00
2fa18e0557cc03f84bd0f691a18e3564,https://www.panna.org/wp-content/uploads/2025/04/2025-Alternatives-ecologiques-au-chlorpyrifos-canne-a-sucre-et-arachides_FRA.pdf,www.panna.org,raw/pdfs/pdf_queue/www.panna.org/2025-alternatives-ecologiques-au-chlorpyrifos-canne-a-sucre-et-arachides-fra-2fa18e05.pdf,uploaded,,2026-04-14 23:01:10.318524+00:00,2026-04-14 23:18:39.459048+00:00
22640fc0bc3c7f42c8a93989d25eec74,https://www.panna.org/wp-content/uploads/2025/02/Screenshot-2025-02-26-at-12-43-07-PANnewsFY25n03.pdf,www.panna.org,,error,HTTPError: 404 Client Error: Not Found for url: https://www.panna.org/wp-content/uploads/2025/02/Screenshot-2025-02-26-at-12-43-07-PANnewsFY25n03.pdf,2026-04-14 23:01:10.318524+00:00,2026-04-14 23:18:26.614993+00:00
a8112dd58b27a20d79542d8ea9822032,https://www.panna.org/wp-content/uploads/2025/02/Screenshot-2025-02-26-at-12-32-42-PANFY24AnnualReport.pdf,www.panna.org,,error,HTTPError: 404 Client Error: Not Found for url: https://www.panna.org/wp-content/uploads/2025/02/Screenshot-2025-02-26-at-12-32-42-PANFY24AnnualReport.pdf,2026-04-14 23:01:10.318524+00:00,2026-04-14 23:18:23.162282+00:00
ee4a3b6fc4dd51f2de1e0c4ac71b06d6,https://www.panna.org/wp-content/uploads/2025/02/PANnewsFY25n03.pdf,www.panna.org,raw/pdfs/pdf_queue/www.panna.org/pannewsfy25n03-ee4a3b6f.pdf,uploaded,,2026-04-14 23:01:10.318524+00:00,2026-04-14 23:18:21.668575+00:00
b9ad5c048b1b55a8db7457ac00d14fe2,https://www.panna.org/wp-content/uploads/2025/02/PANFY24AnnualReport.pdf,www.panna.org,raw/pdfs/pdf_queue/www.panna.org/panfy24annualreport-b9ad5c04.pdf,uploaded,,2026-04-14 23:01:10.318524+00:00,2026-04-14 23:18:18.429069+00:00
b69ceb9a98e2de5cc60b8b99f8bf304c,https://www.panna.org/wp-content/uploads/2025/01/RAPAL_Estudio_caso_agroecologia_2021_ESP.pdf,www.panna.org,raw/pdfs/pdf_queue/www.panna.org/rapal-estudio-caso-agroecologia-2021-esp-b69ceb9a.pdf,uploaded,,2026-04-14 23:01:10.318524+00:00,2026-04-14 23:18:16.543266+00:00
c5abf04bc01c64c6ca92124a99bfc58f,https://www.panna.org/wp-content/uploads/2025/01/RAPAL_Agroecology_CaseStudies_2021_ENG.pdf,www.panna.org,raw/pdfs/pdf_queue/www.panna.org/rapal-agroecology-casestudies-2021-eng-c5abf04b.pdf,uploaded,,2026-04-14 23:01:10.318524+00:00,2026-04-14 23:18:08.677322+00:00
cbef2f064155824fd9067ece75c0648f,https://www.panna.org/wp-content/uploads/2024/10/202410PFASBriefENGfinal.pdf,www.panna.org,raw/pdfs/pdf_queue/www.panna.org/202410pfasbriefengfinal-cbef2f06.pdf,uploaded,,2026-04-14 23:01:10.318524+00:00,2026-04-14 23:18:00.589393+00:00
4f1f9ad0436e863d7523eb730dd1780d,https://www.panna.org/wp-content/uploads/2024/09/PANnewsFY25n02.pdf,www.panna.org,raw/pdfs/pdf_queue/www.panna.org/pannewsfy25n02-4f1f9ad0.pdf,uploaded,,2026-04-14 23:01:10.318524+00:00,2026-04-14 23:17:59.311549+00:00
004b50ae1bf02fa765c708823afba1d1,https://www.panna.org/wp-content/uploads/2024/09/202408ChlorpyrifosBananasBriefFRA.pdf,www.panna.org,raw/pdfs/pdf_queue/www.panna.org/202408chlorpyrifosbananasbrieffra-004b50ae.pdf,uploaded,,2026-04-14 23:01:10.318524+00:00,2026-04-14 23:17:56.386810+00:00
7bb438a0c259377f8a046c3d614efbcd,https://www.panna.org/wp-content/uploads/2024/09/202408ChlorpyrifosBananasBriefESP.pdf,www.panna.org,raw/pdfs/pdf_queue/www.panna.org/202408chlorpyrifosbananasbriefesp-7bb438a0.pdf,uploaded,,2026-04-14 23:01:10.318524+00:00,2026-04-14 23:17:44.367262+00:00
03522cec50edc885eee86bcc1427dd6b,https://www.panna.org/wp-content/uploads/2024/09/202408ChlorpyrifosBananasBriefENG.pdf,www.panna.org,raw/pdfs/pdf_queue/www.panna.org/202408chlorpyrifosbananasbriefeng-03522cec.pdf,uploaded,,2026-04-14 23:01:10.318524+00:00,2026-04-14 23:17:31.274570+00:00
4bf5abd958da49a43cb4ba049160d476,https://www.panna.org/wp-content/uploads/2024/06/PANnewsFY25n01.pdf,www.panna.org,raw/pdfs/pdf_queue/www.panna.org/pannewsfy25n01-4bf5abd9.pdf,uploaded,,2026-04-14 23:01:10.318524+00:00,2026-04-14 23:17:18.183007+00:00
abadd3c96f1418243fc80145c10bd7eb,https://www.panna.org/wp-content/uploads/2024/06/FR_Statement-on-end-of-ToxicAlliance_061024.pdf,www.panna.org,raw/pdfs/pdf_queue/www.panna.org/fr-statement-on-end-of-toxicalliance-061024-abadd3c9.pdf,uploaded,,2026-04-14 23:01:10.318524+00:00,2026-04-14 23:17:13.982151+00:00
f73a06ec88a40d18f028099de0381763,https://www.panna.org/wp-content/uploads/2024/06/ES_Statement-on-end-of-ToxicAlliance_061024.pdf,www.panna.org,raw/pdfs/pdf_queue/www.panna.org/es-statement-on-end-of-toxicalliance-061024-f73a06ec.pdf,uploaded,,2026-04-14 23:01:10.318524+00:00,2026-04-14 23:17:12.468859+00:00
be891ae111d8805c46a6edcd659ee055,https://www.panna.org/wp-content/uploads/2024/02/PANnews2023n03.pdf,www.panna.org,raw/pdfs/pdf_queue/www.panna.org/pannews2023n03-be891ae1.pdf,uploaded,,2026-04-14 23:01:10.318524+00:00,2026-04-14 23:17:11.126754+00:00
8455eacb29c34c23a3a1c2687be234b3,https://www.panna.org/wp-content/uploads/2024/02/PANFY23AnnualReport.pdf,www.panna.org,raw/pdfs/pdf_queue/www.panna.org/panfy23annualreport-8455eacb.pdf,uploaded,,2026-04-14 23:01:10.318524+00:00,2026-04-14 23:17:06.626835+00:00
f2f01d5cb0fe9506f8859a2cdc9ab8a0,https://www.panna.org/wp-content/uploads/2024/02/PAN-3-31-23-990-Public.pdf,www.panna.org,raw/pdfs/pdf_queue/www.panna.org/pan-3-31-23-990-public-f2f01d5c.pdf,uploaded,,2026-04-14 23:01:10.318524+00:00,2026-04-14 23:17:05.479806+00:00
7e6d63ab097c8dbb46ca260fe17a8854,https://www.panna.org/wp-content/uploads/2023/10/EN-CorporateCaptureOfTheFAO.pdf,www.panna.org,raw/pdfs/pdf_queue/www.panna.org/en-corporatecaptureofthefao-7e6d63ab.pdf,uploaded,,2026-04-14 23:01:10.318524+00:00,2026-04-14 23:17:02.928917+00:00
ea02c923789ff9ebf2ed6add34ca78b3,https://www.panna.org/wp-content/uploads/2023/09/PANnews2023n02.pdf,www.panna.org,raw/pdfs/pdf_queue/www.panna.org/pannews2023n02-ea02c923.pdf,uploaded,,2026-04-14 23:01:10.318524+00:00,2026-04-14 23:17:00.867070+00:00
544f22c424bbd0cfb02c83c2745bb443,https://www.panna.org/wp-content/uploads/2023/07/SecondhandPesticides2003.pdf,www.panna.org,raw/pdfs/pdf_queue/www.panna.org/secondhandpesticides2003-544f22c4.pdf,uploaded,,2026-04-14 23:01:10.318524+00:00,2026-04-14 23:16:58.120756+00:00
c5316eba87d0e8057400443e7488ca7a,https://www.panna.org/wp-content/uploads/2023/06/PAN-Executive-Director-23-2.pdf,www.panna.org,raw/pdfs/pdf_queue/www.panna.org/pan-executive-director-23-2-c5316eba.pdf,uploaded,,2026-04-14 23:01:10.318524+00:00,2026-04-14 23:16:51.552876+00:00
037d4c131c6266ecef17bee9df257cde,https://www.panna.org/wp-content/uploads/2023/05/PANnews2023n01sm.pdf,www.panna.org,raw/pdfs/pdf_queue/www.panna.org/pannews2023n01sm-037d4c13.pdf,uploaded,,2026-04-14 23:01:10.318524+00:00,2026-04-14 23:16:49.968825+00:00
57605774e211342066a521400baa3837,https://www.panna.org/wp-content/uploads/2023/03/HowtoSendEFT.pdf,www.panna.org,raw/pdfs/pdf_queue/www.panna.org/howtosendeft-57605774.pdf,uploaded,,2026-04-14 23:01:10.318524+00:00,2026-04-14 23:16:47.256041+00:00
08a4879a7c0e0c19a73bc7cddd181be4,https://www.panna.org/wp-content/uploads/2023/02/PANnews2022n04.pdf,www.panna.org,raw/pdfs/pdf_queue/www.panna.org/pannews2022n04-08a4879a.pdf,uploaded,,2026-04-14 23:01:10.318524+00:00,2026-04-14 23:16:45.362309+00:00
830d66ab6a7de5f5da76042b36cfc574,https://www.panna.org/wp-content/uploads/2023/02/PANFY22annualreportFINAL.pdf,www.panna.org,raw/pdfs/pdf_queue/www.panna.org/panfy22annualreportfinal-830d66ab.pdf,uploaded,,2026-04-14 23:01:10.318524+00:00,2026-04-14 23:16:42.469315+00:00
9e9e936dc571c6596775913fa6c82381,https://www.panna.org/wp-content/uploads/2023/02/Climate-Pesticides_Summary_PANNA2022_ENG.pdf,www.panna.org,raw/pdfs/pdf_queue/www.panna.org/climate-pesticides-summary-panna2022-eng-9e9e936d.pdf,uploaded,,2026-04-14 23:01:10.318524+00:00,2026-04-14 23:16:40.079639+00:00
9dd219ad7f1b01c9c5ba2db889c5ece6,https://www.panna.org/wp-content/uploads/2023/02/Climat-Pesticides_Resume_PANNA2022_FRA.pdf,www.panna.org,raw/pdfs/pdf_queue/www.panna.org/climat-pesticides-resume-panna2022-fra-9dd219ad.pdf,uploaded,,2026-04-14 23:01:10.318524+00:00,2026-04-14 23:16:38.213756+00:00
7636cc9f8feca0768db39f060dea68fd,https://www.panna.org/wp-content/uploads/2023/02/Clima-Plaguicidas_-Resumen_PANNA2022_ESP.pdf,www.panna.org,raw/pdfs/pdf_queue/www.panna.org/clima-plaguicidas-resumen-panna2022-esp-7636cc9f.pdf,uploaded,,2026-04-14 23:01:10.318524+00:00,2026-04-14 23:16:36.394536+00:00
acd5d53236f64554302d0ba3941fd373,https://www.panna.org/wp-content/uploads/2023/02/202308ClimateChangeEng.pdf,www.panna.org,raw/pdfs/pdf_queue/www.panna.org/202308climatechangeeng-acd5d532.pdf,uploaded,,2026-04-14 23:01:10.318524+00:00,2026-04-14 23:16:34.922909+00:00
934a445a97ab4aa584554f2481d96e29,https://www.panna.org/wp-content/uploads/2023/02/202301ClimateChangeFraFINAL.pdf,www.panna.org,raw/pdfs/pdf_queue/www.panna.org/202301climatechangefrafinal-934a445a.pdf,uploaded,,2026-04-14 23:01:10.318524+00:00,2026-04-14 23:16:30.936421+00:00
b853a72f3f574ae74b023a1c637e2502,https://www.panna.org/wp-content/uploads/2023/02/202301ClimateChangeEspFINAL.pdf,www.panna.org,raw/pdfs/pdf_queue/www.panna.org/202301climatechangeespfinal-b853a72f.pdf,uploaded,,2026-04-14 23:01:10.318524+00:00,2026-04-14 23:16:22.726332+00:00
da9d16b7d73634238c53549fc3afa0c1,https://www.panna.org/wp-content/uploads/2023/02/202301ClimateChangeEngFINAL.pdf,www.panna.org,raw/pdfs/pdf_queue/www.panna.org/202301climatechangeengfinal-da9d16b7.pdf,uploaded,,2026-04-14 23:01:10.318524+00:00,2026-04-14 23:16:14.153388+00:00
05d2edabd27ddffca1e2ce3d2dfe1f25,https://www.panna.org/wp-content/uploads/2022/12/vietnamMalaraStudy20071106.pdf,www.panna.org,raw/pdfs/pdf_queue/www.panna.org/vietnammalarastudy20071106-05d2edab.pdf,uploaded,,2026-04-14 23:01:10.318524+00:00,2026-04-14 23:16:06.938567+00:00
5f0329c96e94fe04911f89c110a58502,https://www.panna.org/wp-content/uploads/2022/12/etc_WhoOwnsNature.pdf,www.panna.org,raw/pdfs/pdf_queue/www.panna.org/etc-whoownsnature-5f0329c9.pdf,uploaded,,2026-04-14 23:01:10.318524+00:00,2026-04-14 23:16:05.441817+00:00
aafd39905242c39bce9cf3d9b2167f7b,https://www.panna.org/wp-content/uploads/2022/12/YE2020NewsletterFinal-1.pdf,www.panna.org,raw/pdfs/pdf_queue/www.panna.org/ye2020newsletterfinal-1-aafd3990.pdf,uploaded,,2026-04-14 23:01:10.318524+00:00,2026-04-14 23:15:52.579289+00:00
b8942a8c4d1f303ec75affdf1bc6b855,https://www.panna.org/wp-content/uploads/2022/12/Watsonville-2014-Technical-final-web.pdf,www.panna.org,raw/pdfs/pdf_queue/www.panna.org/watsonville-2014-technical-final-web-b8942a8c.pdf,uploaded,,2026-04-14 23:01:10.318524+00:00,2026-04-14 23:15:50.423506+00:00
1e41bfa1787668ece381fb7ed2feb3ce,https://www.panna.org/wp-content/uploads/2022/12/UNCTAD_CorpConcenAg-2005.pdf,www.panna.org,raw/pdfs/pdf_queue/www.panna.org/unctad-corpconcenag-2005-1e41bfa1.pdf,uploaded,,2026-04-14 23:01:10.318524+00:00,2026-04-14 23:15:41.894933+00:00
76916268c943fbfaedae252c521fce12,https://www.panna.org/wp-content/uploads/2022/12/TechReport_MN-Drift_May2012.pdf,www.panna.org,raw/pdfs/pdf_queue/www.panna.org/techreport-mn-drift-may2012-76916268.pdf,uploaded,,2026-04-14 23:01:10.318524+00:00,2026-04-14 23:15:38.935611+00:00
d9f2c9119889211deb9ac304851befbe,https://www.panna.org/wp-content/uploads/2022/12/TechReport_MN-Drift_May2012-2.pdf,www.panna.org,raw/pdfs/pdf_queue/www.panna.org/techreport-mn-drift-may2012-2-d9f2c911.pdf,uploaded,,2026-04-14 23:01:10.318524+00:00,2026-04-14 23:15:30.912129+00:00
566abaf7fdbce60a084fa970ccef9212,https://www.panna.org/wp-content/uploads/2022/12/Strathmore-CA-poisoning-2007_0.pdf,www.panna.org,raw/pdfs/pdf_queue/www.panna.org/strathmore-ca-poisoning-2007-0-566abaf7.pdf,uploaded,,2026-04-14 23:01:10.318524+00:00,2026-04-14 23:15:26.144030+00:00
04dc3a136879930297ab1a373292d3ba,https://www.panna.org/wp-content/uploads/2022/12/ScientistsSupportFarmers2010.pdf,www.panna.org,raw/pdfs/pdf_queue/www.panna.org/scientistssupportfarmers2010-04dc3a13.pdf,uploaded,,2026-04-14 23:01:10.318524+00:00,2026-04-14 23:15:24.718324+00:00
d26dea4e104cd7b6639917f50a64d177,https://www.panna.org/wp-content/uploads/2022/12/Schooling2010.pdf,www.panna.org,raw/pdfs/pdf_queue/www.panna.org/schooling2010-d26dea4e.pdf,uploaded,,2026-04-14 23:01:10.318524+00:00,2026-04-14 23:15:21.442209+00:00
817e60504e1af2224b4b6433a0a25d3c,https://www.panna.org/wp-content/uploads/2022/12/Phasing-Out-HHPs-with-Agroecology.pdf,www.panna.org,raw/pdfs/pdf_queue/www.panna.org/phasing-out-hhps-with-agroecology-817e6050.pdf,uploaded,,2026-04-14 23:01:10.318524+00:00,2026-04-14 23:15:10.551650+00:00
9144314fd66c5a497c133167da1b5df4,https://www.panna.org/wp-content/uploads/2022/12/PesticidesPollinators_Issue-brief_March2014.pdf,www.panna.org,raw/pdfs/pdf_queue/www.panna.org/pesticidespollinators-issue-brief-march2014-9144314f.pdf,uploaded,,2026-04-14 23:01:10.318524+00:00,2026-04-14 23:14:57.370144+00:00
a7c418bdf739aca2b13e989311e047c1,https://www.panna.org/wp-content/uploads/2022/12/PesticidesPlayingField.pdf,www.panna.org,raw/pdfs/pdf_queue/www.panna.org/pesticidesplayingfield-a7c418bd.pdf,uploaded,,2026-04-14 23:01:10.318524+00:00,2026-04-14 23:14:53.753649+00:00
1a08db3e2d967ff45f6fee19d2be4665,https://www.panna.org/wp-content/uploads/2022/12/PesticideActionNetwork-newsletter-2014-1.pdf,www.panna.org,raw/pdfs/pdf_queue/www.panna.org/pesticideactionnetwork-newsletter-2014-1-1a08db3e.pdf,uploaded,,2026-04-14 23:01:10.318524+00:00,2026-04-14 23:14:51.754791+00:00
25d7618622ae513a12ad4aa3e12f931d,https://www.panna.org/wp-content/uploads/2022/12/PANnews2022n01.pdf,www.panna.org,raw/pdfs/pdf_queue/www.panna.org/pannews2022n01-25d76186.pdf,uploaded,,2026-04-14 23:01:10.318524+00:00,2026-04-14 23:14:43.559309+00:00
c6e6cfdb2e1218207a2f31060b9bf2e1,https://www.panna.org/wp-content/uploads/2022/12/PANnews2021n04-1.pdf,www.panna.org,raw/pdfs/pdf_queue/www.panna.org/pannews2021n04-1-c6e6cfdb.pdf,uploaded,,2026-04-14 23:01:10.318524+00:00,2026-04-14 23:14:41.065076+00:00
852dac4257c4939ad50a030b2bb02f56,https://www.panna.org/wp-content/uploads/2022/12/PANnews2021n03.pdf,www.panna.org,raw/pdfs/pdf_queue/www.panna.org/pannews2021n03-852dac42.pdf,uploaded,,2026-04-14 23:01:10.318524+00:00,2026-04-14 23:14:36.907087+00:00
b71197d82a5df74ab6cb9294a04161e4,https://www.panna.org/wp-content/uploads/2022/12/PANnews2021n02F.pdf,www.panna.org,raw/pdfs/pdf_queue/www.panna.org/pannews2021n02f-b71197d8.pdf,uploaded,,2026-04-14 23:01:10.318524+00:00,2026-04-14 23:14:33.963557+00:00
0bf24f134829e24ccf8d6115a53d10be,https://www.panna.org/wp-content/uploads/2022/12/PANnews2021n01.pdf,www.panna.org,raw/pdfs/pdf_queue/www.panna.org/pannews2021n01-0bf24f13.pdf,uploaded,,2026-04-14 23:01:10.318524+00:00,2026-04-14 23:14:31.384385+00:00
1af7694905425dcdfb5bd05f2d9ab06c,https://www.panna.org/wp-content/uploads/2022/12/PANnews2020n02.pdf,www.panna.org,raw/pdfs/pdf_queue/www.panna.org/pannews2020n02-1af76949.pdf,uploaded,,2026-04-14 23:01:10.318524+00:00,2026-04-14 23:14:28.430998+00:00
27e67e678bfdc89c3a69c5bbdbec9b4c,https://www.panna.org/wp-content/uploads/2022/12/PANnews2020n01.pdf,www.panna.org,raw/pdfs/pdf_queue/www.panna.org/pannews2020n01-27e67e67.pdf,uploaded,,2026-04-14 23:01:10.318524+00:00,2026-04-14 23:14:25.793304+00:00
fc71413a0cf2663c5d58d9fe26c4b720,https://www.panna.org/wp-content/uploads/2022/12/PANnews2019n04.pdf,www.panna.org,raw/pdfs/pdf_queue/www.panna.org/pannews2019n04-fc71413a.pdf,uploaded,,2026-04-14 23:01:10.318524+00:00,2026-04-14 23:14:22.854768+00:00
93805ef82345eee21df293d79072ec10,https://www.panna.org/wp-content/uploads/2022/12/PANnews2019n03.pdf,www.panna.org,raw/pdfs/pdf_queue/www.panna.org/pannews2019n03-93805ef8.pdf,uploaded,,2026-04-14 23:01:10.318524+00:00,2026-04-14 23:14:20.408999+00:00
8a30467ed1e0ddc26cc58c42eaa5b83c,https://www.panna.org/wp-content/uploads/2022/12/PANnews2019n02.pdf,www.panna.org,raw/pdfs/pdf_queue/www.panna.org/pannews2019n02-8a30467e.pdf,uploaded,,2026-04-14 23:01:10.318524+00:00,2026-04-14 23:14:17.388764+00:00
5361f47e13971f96e92a5bdbff3c2816,https://www.panna.org/wp-content/uploads/2022/12/PANnews2015n02.pdf,www.panna.org,raw/pdfs/pdf_queue/www.panna.org/pannews2015n02-5361f47e.pdf,uploaded,,2026-04-14 23:01:10.318524+00:00,2026-04-14 23:14:14.496777+00:00
5173e20c2a266ac8e37c41786c52962c,https://www.panna.org/wp-content/uploads/2022/12/PANnews2015n01.pdf,www.panna.org,raw/pdfs/pdf_queue/www.panna.org/pannews2015n01-5173e20c.pdf,uploaded,,2026-04-14 23:01:10.318524+00:00,2026-04-14 23:14:11.183022+00:00
beb318137e014e7cbae5cbc52c7fceb5,https://www.panna.org/wp-content/uploads/2022/12/PANnews-fall2014.pdf,www.panna.org,raw/pdfs/pdf_queue/www.panna.org/pannews-fall2014-beb31813.pdf,uploaded,,2026-04-14 23:01:10.318524+00:00,2026-04-14 23:14:00.162493+00:00
ebd87dd8374de7dd073000ece3360c5f,https://www.panna.org/wp-content/uploads/2022/12/PANnews-fall2014-1.pdf,www.panna.org,raw/pdfs/pdf_queue/www.panna.org/pannews-fall2014-1-ebd87dd8.pdf,uploaded,,2026-04-14 23:01:10.318524+00:00,2026-04-14 23:13:54.225751+00:00
361b37dcfb4e2f0c469eaa2b940a0edc,https://www.panna.org/wp-content/uploads/2022/12/PAN_HHP_List-2018.pdf,www.panna.org,raw/pdfs/pdf_queue/www.panna.org/pan-hhp-list-2018-361b37dc.pdf,uploaded,,2026-04-14 23:01:10.318524+00:00,2026-04-14 23:13:48.556292+00:00
1cc1f15e2b9d8dbc8cf44fd851b9ec71,https://www.panna.org/wp-content/uploads/2022/12/PANFY19annualreport_0.pdf,www.panna.org,raw/pdfs/pdf_queue/www.panna.org/panfy19annualreport-0-1cc1f15e.pdf,uploaded,,2026-04-14 23:01:10.318524+00:00,2026-04-14 23:13:44.234063+00:00
a514554bac8b13ab5282e5c9370ce233,https://www.panna.org/wp-content/uploads/2022/12/PAN-Global-Report_0.pdf,www.panna.org,raw/pdfs/pdf_queue/www.panna.org/pan-global-report-0-a514554b.pdf,uploaded,,2026-04-14 23:01:10.318524+00:00,2026-04-14 23:13:41.041822+00:00
fd6c76c47cbd4cb0334e7597070bdb1c,https://www.panna.org/wp-content/uploads/2022/12/PAN-Europe-AE-clips_Final.pdf,www.panna.org,raw/pdfs/pdf_queue/www.panna.org/pan-europe-ae-clips-final-fd6c76c4.pdf,uploaded,,2026-04-14 23:01:10.318524+00:00,2026-04-14 23:13:33.962228+00:00
a07a218ff27afd55e2c15f02dc698033,https://www.panna.org/wp-content/uploads/2022/12/KidsHealthReportOct2012.pdf,www.panna.org,raw/pdfs/pdf_queue/www.panna.org/kidshealthreportoct2012-a07a218f.pdf,uploaded,,2026-04-14 23:01:10.318524+00:00,2026-04-14 23:13:31.043157+00:00
3a9f43f1c1880ecaabf906632f61abf8,https://www.panna.org/wp-content/uploads/2022/12/KHROct12ExSumEspFINAL.pdf,www.panna.org,raw/pdfs/pdf_queue/www.panna.org/khroct12exsumespfinal-3a9f43f1.pdf,uploaded,,2026-04-14 23:01:10.318524+00:00,2026-04-14 23:13:22.335521+00:00
ad37788b5677706097399a26d29bdda8,https://www.panna.org/wp-content/uploads/2022/12/IowaDrift-Liability-FactSheet-1.pdf,www.panna.org,raw/pdfs/pdf_queue/www.panna.org/iowadrift-liability-factsheet-1-ad37788b.pdf,uploaded,,2026-04-14 23:01:10.318524+00:00,2026-04-14 23:13:20.475269+00:00
1c54f23910d4ce3e5ebba38d2eaa3486,https://www.panna.org/wp-content/uploads/2022/12/IowaDrift-Liability-FactSheet-1-1.pdf,www.panna.org,raw/pdfs/pdf_queue/www.panna.org/iowadrift-liability-factsheet-1-1-1c54f239.pdf,uploaded,,2026-04-14 23:01:10.318524+00:00,2026-04-14 23:13:18.626521+00:00
0f425242ce03d3d25999c4ed28809cd6,https://www.panna.org/wp-content/uploads/2022/12/HealthySchoolsToolkit_FINAL-2016.pdf,www.panna.org,raw/pdfs/pdf_queue/www.panna.org/healthyschoolstoolkit-final-2016-0f425242.pdf,uploaded,,2026-04-14 23:01:10.318524+00:00,2026-04-14 23:13:16.751627+00:00
21f0207aac482fbcb52bf23355aa8030,https://www.panna.org/wp-content/uploads/2022/12/HealthyKids-Toolkit_Feb2014_0.pdf,www.panna.org,raw/pdfs/pdf_queue/www.panna.org/healthykids-toolkit-feb2014-0-21f0207a.pdf,uploaded,,2026-04-14 23:01:10.318524+00:00,2026-04-14 23:13:13.425409+00:00
ec1a93c7c81ec9a44991d5d0425652e5,https://www.panna.org/wp-content/uploads/2022/12/Getting-the-Drift-on-Chemical-Trespass_0.pdf,www.panna.org,raw/pdfs/pdf_queue/www.panna.org/getting-the-drift-on-chemical-trespass-0-ec1a93c7.pdf,uploaded,,2026-04-14 23:01:10.318524+00:00,2026-04-14 23:13:11.330734+00:00
2f840964e1640884b0054ed95aae5736,https://www.panna.org/wp-content/uploads/2022/12/GMOBriefFINAL_2.pdf,www.panna.org,raw/pdfs/pdf_queue/www.panna.org/gmobrieffinal-2-2f840964.pdf,uploaded,,2026-04-14 23:01:10.318524+00:00,2026-04-14 23:13:09.703006+00:00
2533fe25a3e834c7dbf236a38e73db1c,https://www.panna.org/wp-content/uploads/2022/12/FieldsofPoison2002Span.pdf,www.panna.org,raw/pdfs/pdf_queue/www.panna.org/fieldsofpoison2002span-2533fe25.pdf,uploaded,,2026-04-14 23:01:10.318524+00:00,2026-04-14 23:13:07.451268+00:00
fea8337d6e57d6738606cf95d843ecfa,https://www.panna.org/wp-content/uploads/2022/12/FieldsofPoison2002Eng.pdf,www.panna.org,raw/pdfs/pdf_queue/www.panna.org/fieldsofpoison2002eng-fea8337d.pdf,uploaded,,2026-04-14 23:01:10.318524+00:00,2026-04-14 23:13:05.868545+00:00
16866b55e93576ff97f8a86897feae46,https://www.panna.org/wp-content/uploads/2022/12/Fall2020Newsletter.pdf,www.panna.org,raw/pdfs/pdf_queue/www.panna.org/fall2020newsletter-16866b55.pdf,uploaded,,2026-04-14 23:01:10.318524+00:00,2026-04-14 23:13:04.266254+00:00
17d65d46cd77e9dd4e049694e2ce3c24,https://www.panna.org/wp-content/uploads/2022/12/EN-CorporateCaptureOfTheFAO_0.pdf,www.panna.org,raw/pdfs/pdf_queue/www.panna.org/en-corporatecaptureofthefao-0-17d65d46.pdf,uploaded,,2026-04-14 23:01:10.318524+00:00,2026-04-14 23:13:02.506570+00:00
48f8cf1fae5d170b287863a8f4021743,https://www.panna.org/wp-content/uploads/2022/12/Drift_Issue-brief_FINAL_2.pdf,www.panna.org,raw/pdfs/pdf_queue/www.panna.org/drift-issue-brief-final-2-48f8cf1f.pdf,uploaded,,2026-04-14 23:01:10.318524+00:00,2026-04-14 23:13:00.902163+00:00
b8edbd478098d7bd5cd0b1a6f76b64dd,https://www.panna.org/wp-content/uploads/2022/12/DCPPsection1technicalEng0512-12_0.pdf,www.panna.org,raw/pdfs/pdf_queue/www.panna.org/dcppsection1technicaleng0512-12-0-b8edbd47.pdf,uploaded,,2026-04-14 23:01:10.318524+00:00,2026-04-14 23:12:59.745865+00:00
bfe0eae18a367b128f462b905918d71a,https://www.panna.org/wp-content/uploads/2022/12/CorporateControlBriefEspSept2014.pdf,www.panna.org,raw/pdfs/pdf_queue/www.panna.org/corporatecontrolbriefespsept2014-bfe0eae1.pdf,uploaded,,2026-04-14 23:01:10.318524+00:00,2026-04-14 23:12:58.431363+00:00
b9885237235478efa6eaa761d3dcb3b3,https://www.panna.org/wp-content/uploads/2022/12/CorporateControl-IAASTD-PANNABrief.pdf,www.panna.org,raw/pdfs/pdf_queue/www.panna.org/corporatecontrol-iaastd-pannabrief-b9885237.pdf,uploaded,,2026-04-14 23:01:10.318524+00:00,2026-04-14 23:12:56.290034+00:00
5adca668fde02ab2271c367797db7a73,https://www.panna.org/wp-content/uploads/2022/12/ConsumerReportsFoodLabelingSurveyJune2014.pdf,www.panna.org,raw/pdfs/pdf_queue/www.panna.org/consumerreportsfoodlabelingsurveyjune2014-5adca668.pdf,uploaded,,2026-04-14 23:01:10.318524+00:00,2026-04-14 23:12:54.131009+00:00
8e3bae7d854ea9b4537aefbc0cdbdcf9,https://www.panna.org/wp-content/uploads/2022/12/CommunityBeeHaven_Resolution.pdf,www.panna.org,raw/pdfs/pdf_queue/www.panna.org/communitybeehaven-resolution-8e3bae7d.pdf,uploaded,,2026-04-14 23:01:10.318524+00:00,2026-04-14 23:12:52.497330+00:00
270b806d114d149ce2feb0bb4c86104a,https://www.panna.org/wp-content/uploads/2022/12/ChemTres2004Eng.pdf,www.panna.org,raw/pdfs/pdf_queue/www.panna.org/chemtres2004eng-270b806d.pdf,uploaded,,2026-04-14 23:01:10.318524+00:00,2026-04-14 23:12:51.381347+00:00
c9f9c43425907dfbfec39a7697920cf9,https://www.panna.org/wp-content/uploads/2022/12/Biodrift_Profiles-1.pdf,www.panna.org,raw/pdfs/pdf_queue/www.panna.org/biodrift-profiles-1-c9f9c434.pdf,uploaded,,2026-04-14 23:01:10.318524+00:00,2026-04-14 23:12:49.266534+00:00
21a0d17fa3f4e2cb78c01838f63f62c9,https://www.panna.org/wp-content/uploads/2022/12/BiodriftProfiles2007Span.pdf,www.panna.org,raw/pdfs/pdf_queue/www.panna.org/biodriftprofiles2007span-21a0d17f.pdf,uploaded,,2026-04-14 23:01:10.318524+00:00,2026-04-14 23:12:47.494801+00:00
c2ec9c2c22d9ea2a6396a1e0d5e4be9a,https://www.panna.org/wp-content/uploads/2022/12/Biodrift-Summary-Eng-1.pdf,www.panna.org,raw/pdfs/pdf_queue/www.panna.org/biodrift-summary-eng-1-c2ec9c2c.pdf,uploaded,,2026-04-14 23:01:10.318524+00:00,2026-04-14 23:12:46.143786+00:00
03856c4ee2c1b2c8dfb8130389819467,https://www.panna.org/wp-content/uploads/2022/12/BeesPesticides_SOS_FINAL_May2012.pdf,www.panna.org,raw/pdfs/pdf_queue/www.panna.org/beespesticides-sos-final-may2012-03856c4e.pdf,uploaded,,2026-04-14 23:01:10.318524+00:00,2026-04-14 23:12:44.340366+00:00
55da8361cdc109be4ba54d0535b102c0,https://www.panna.org/wp-content/uploads/2022/12/BeesPesticides_SOS_FINAL_May2012-1.pdf,www.panna.org,raw/pdfs/pdf_queue/www.panna.org/beespesticides-sos-final-may2012-1-55da8361.pdf,uploaded,,2026-04-14 23:01:10.318524+00:00,2026-04-14 23:12:41.734188+00:00
27aacbc7c1d7694386de0c1f0dd05371,https://www.panna.org/wp-content/uploads/2022/12/BeeToolkit_Reduced_0.pdf,www.panna.org,raw/pdfs/pdf_queue/www.panna.org/beetoolkit-reduced-0-27aacbc7.pdf,uploaded,,2026-04-14 23:01:10.318524+00:00,2026-04-14 23:12:39.053384+00:00
c722b89b6aef2749a0d63887dd4a5c61,https://www.panna.org/wp-content/uploads/2022/12/BeeToolkit_Reduced_0-1.pdf,www.panna.org,raw/pdfs/pdf_queue/www.panna.org/beetoolkit-reduced-0-1-c722b89b.pdf,uploaded,,2026-04-14 23:01:10.318524+00:00,2026-04-14 23:12:36.777034+00:00
6f5e3096a226fb3ed0fdfcdda2655d9a,https://www.panna.org/wp-content/uploads/2022/12/Bee-FriendlyGardening_TriFold_2018.pdf,www.panna.org,raw/pdfs/pdf_queue/www.panna.org/bee-friendlygardening-trifold-2018-6f5e3096.pdf,uploaded,,2026-04-14 23:01:10.318524+00:00,2026-04-14 23:12:34.186545+00:00
e3960a3345385d40f511c7c3162e3cbb,https://www.panna.org/wp-content/uploads/2022/12/Bee-FriendlyGardening_TriFold_2013.pdf,www.panna.org,raw/pdfs/pdf_queue/www.panna.org/bee-friendlygardening-trifold-2013-e3960a33.pdf,uploaded,,2026-04-14 23:01:10.318524+00:00,2026-04-14 23:12:31.628828+00:00
201c11d0e383e91aab0a7aaad2b120d3,https://www.panna.org/wp-content/uploads/2022/12/AtrazineReportBig2010.pdf,www.panna.org,raw/pdfs/pdf_queue/www.panna.org/atrazinereportbig2010-201c11d0.pdf,uploaded,,2026-04-14 23:01:10.318524+00:00,2026-04-14 23:12:29.363010+00:00
c225eb1acbbe101eaa1a682ea4f564b9,https://www.panna.org/wp-content/uploads/2022/12/AgroecologyInUSbriefENG201909_FINAL.pdf,www.panna.org,raw/pdfs/pdf_queue/www.panna.org/agroecologyinusbriefeng201909-final-c225eb1a.pdf,uploaded,,2026-04-14 23:01:10.318524+00:00,2026-04-14 23:12:27.064589+00:00
86ac0b55e29cc8971ff4daf3781d4db0,https://www.panna.org/wp-content/uploads/2022/12/Agroecology-PAN-International-Position-Paper-fr.pdf,www.panna.org,raw/pdfs/pdf_queue/www.panna.org/agroecology-pan-international-position-paper-fr-86ac0b55.pdf,uploaded,,2026-04-14 23:01:10.318524+00:00,2026-04-14 23:12:25.683270+00:00
f25389efa1ebe656d19c486d6b8678cd,https://www.panna.org/wp-content/uploads/2022/12/Agroecology-PAN-International-Position-Paper-es.pdf,www.panna.org,raw/pdfs/pdf_queue/www.panna.org/agroecology-pan-international-position-paper-es-f25389ef.pdf,uploaded,,2026-04-14 23:01:10.318524+00:00,2026-04-14 23:12:23.391749+00:00
71fed20d3bddb29a731db134629cc0e9,https://www.panna.org/wp-content/uploads/2022/12/Agroecology-PAN-International-Position-Paper-en.pdf,www.panna.org,raw/pdfs/pdf_queue/www.panna.org/agroecology-pan-international-position-paper-en-71fed20d.pdf,uploaded,,2026-04-14 23:01:10.318524+00:00,2026-04-14 23:12:21.030522+00:00
fe60a402cac20089d820f3dd03f91dba,https://www.panna.org/wp-content/uploads/2022/12/Agroecology-PAN-International-Position-Paper-en-1.pdf,www.panna.org,raw/pdfs/pdf_queue/www.panna.org/agroecology-pan-international-position-paper-en-1-fe60a402.pdf,uploaded,,2026-04-14 23:01:10.318524+00:00,2026-04-14 23:12:19.049104+00:00
91c64ba0e7c484e1539c0d60eccf1ef2,https://www.panna.org/wp-content/uploads/2022/12/Agroecology-PAN-International-Position-Paper-de.pdf,www.panna.org,raw/pdfs/pdf_queue/www.panna.org/agroecology-pan-international-position-paper-de-91c64ba0.pdf,uploaded,,2026-04-14 23:01:10.318524+00:00,2026-04-14 23:12:16.732746+00:00
15970c80d42996e29fe455f42e93653c,https://www.panna.org/wp-content/uploads/2022/12/AgroecoBriefSept2014small_1.pdf,www.panna.org,raw/pdfs/pdf_queue/www.panna.org/agroecobriefsept2014small-1-15970c80.pdf,uploaded,,2026-04-14 23:01:10.318524+00:00,2026-04-14 23:12:14.274340+00:00
d78b3880b20b206cb25ebff6ba62f3c7,https://www.panna.org/wp-content/uploads/2022/12/AgroecoBriefFrench2014small.pdf,www.panna.org,raw/pdfs/pdf_queue/www.panna.org/agroecobrieffrench2014small-d78b3880.pdf,uploaded,,2026-04-14 23:01:10.318524+00:00,2026-04-14 23:12:12.114080+00:00
41446fef1e02f999e760483c40c50e02,https://www.panna.org/wp-content/uploads/2022/12/AgroecoBriefESPSept2014.pdf,www.panna.org,raw/pdfs/pdf_queue/www.panna.org/agroecobriefespsept2014-41446fef.pdf,uploaded,,2026-04-14 23:01:10.318524+00:00,2026-04-14 23:12:10.042250+00:00
602ec6bc488026f4f1ca8f0d6227b031,https://www.panna.org/wp-content/uploads/2022/12/202107ClimatePests-FINAL.pdf,www.panna.org,raw/pdfs/pdf_queue/www.panna.org/202107climatepests-final-602ec6bc.pdf,uploaded,,2026-04-14 23:01:10.318524+00:00,2026-04-14 23:12:08.269530+00:00
b4c6d460263cdea5962d36bb9dc0a67f,https://www.panna.org/wp-content/uploads/2022/12/201909AgroecologyPositionPOR-FINAL.pdf,www.panna.org,raw/pdfs/pdf_queue/www.panna.org/201909agroecologypositionpor-final-b4c6d460.pdf,uploaded,,2026-04-14 23:01:10.318524+00:00,2026-04-14 23:12:06.542022+00:00
b3c8574b01573c98189aac5b94d30f76,https://www.panna.org/wp-content/uploads/2022/12/201909Agroecology-PositionARABICFINAL.pdf,www.panna.org,raw/pdfs/pdf_queue/www.panna.org/201909agroecology-positionarabicfinal-b3c8574b.pdf,uploaded,,2026-04-14 23:01:10.318524+00:00,2026-04-14 23:12:04.126567+00:00
82fd658490c25082f440f6b690bc7d7c,https://www.panna.org/wp-content/uploads/2022/12/201909AgroecoCaseStudies_PANUK_FINAL.pdf,www.panna.org,raw/pdfs/pdf_queue/www.panna.org/201909agroecocasestudies-panuk-final-82fd6584.pdf,uploaded,,2026-04-14 23:01:10.318524+00:00,2026-04-14 23:12:01.519761+00:00
7cf72d794d039bdac3e3cd973b87ad98,https://www.panna.org/wp-content/uploads/2022/07/PAN-Agroecology-Policy-Webinar-Resources.pdf,www.panna.org,raw/pdfs/pdf_queue/www.panna.org/pan-agroecology-policy-webinar-resources-7cf72d79.pdf,uploaded,,2026-04-14 23:01:10.318524+00:00,2026-04-14 23:11:59.902505+00:00
65c8cffb1bc710e98d7cbc538d296d7c,https://www.panna.org/wp-content/uploads/2022/07/FRA_Webinaire_Politique_AE_resume.pdf,www.panna.org,raw/pdfs/pdf_queue/www.panna.org/fra-webinaire-politique-ae-resume-65c8cffb.pdf,uploaded,,2026-04-14 23:01:10.318524+00:00,2026-04-14 23:11:57.662745+00:00
98e035d9e6f9dbefe99a70102dd5e026,https://www.panna.org/wp-content/uploads/2022/07/ESP_Webinar_Politica-AE_resumen.pdf,www.panna.org,raw/pdfs/pdf_queue/www.panna.org/esp-webinar-politica-ae-resumen-98e035d9.pdf,uploaded,,2026-04-14 23:01:10.318524+00:00,2026-04-14 23:11:54.883288+00:00
2418eb3c8d0377d7a6140282170e5c5f,https://www.panna.org/wp-content/uploads/2022/07/ENG_PAN_AE_Policy_Webinar_Summary.pdf,www.panna.org,raw/pdfs/pdf_queue/www.panna.org/eng-pan-ae-policy-webinar-summary-2418eb3c.pdf,uploaded,,2026-04-14 23:01:10.318524+00:00,2026-04-14 23:11:52.682584+00:00
9a4483a4be56c7769115d1518e7ee949,https://www.panna.org/wp-content/uploads/2022/06/PAN-501c3.pdf,www.panna.org,raw/pdfs/pdf_queue/www.panna.org/pan-501c3-9a4483a4.pdf,uploaded,,2026-04-14 23:01:10.318524+00:00,2026-04-14 23:11:50.426505+00:00
1fbaa4af5d28adbdf99704cd646e915b,https://www.panna.org/wp-content/uploads/2022/06/HowtoSendEFT-1.pdf,www.panna.org,raw/pdfs/pdf_queue/www.panna.org/howtosendeft-1-1fbaa4af.pdf,uploaded,,2026-04-14 23:01:10.318524+00:00,2026-04-14 23:11:49.119972+00:00
adef718a0e4c08867c9c2435aac8ad26,https://www.panna.org/wp-content/uploads/2020/07/biodrift4pagerEsp.pdf,www.panna.org,raw/pdfs/pdf_queue/www.panna.org/biodrift4pageresp-adef718a.pdf,uploaded,,2026-04-14 23:01:10.318524+00:00,2026-04-14 23:11:47.553025+00:00
a5b4e6564532b3f046c4a0515fb93f85,https://www.panna.org/wp-content/uploads/2020/07/biodrift4pagerEng.pdf,www.panna.org,raw/pdfs/pdf_queue/www.panna.org/biodrift4pagereng-a5b4e656.pdf,uploaded,,2026-04-14 23:01:10.318524+00:00,2026-04-14 23:11:45.565512+00:00
d9b0d6ed8896d7e62fe1c881385f79e3,https://www.panna.org/wp-content/uploads/2020/07/WatsonvilleFumigants201503FINALcc.pdf,www.panna.org,raw/pdfs/pdf_queue/www.panna.org/watsonvillefumigants201503finalcc-d9b0d6ed.pdf,uploaded,,2026-04-14 23:01:10.318524+00:00,2026-04-14 23:11:43.757119+00:00
8cc58ac85c05dd19bd570d51ffe22ae0,https://www.panna.org/wp-content/uploads/2020/07/Watsonville-2014-Technical-final-full.pdf,www.panna.org,raw/pdfs/pdf_queue/www.panna.org/watsonville-2014-technical-final-full-8cc58ac8.pdf,uploaded,,2026-04-14 23:01:10.318524+00:00,2026-04-14 23:11:40.911764+00:00
cbb050d2877c0e988bf48ed9530548e6,https://www.panna.org/wp-content/uploads/2020/07/Tehama-results-HTF-4pg_0.pdf,www.panna.org,raw/pdfs/pdf_queue/www.panna.org/tehama-results-htf-4pg-0-cbb050d2.pdf,uploaded,,2026-04-14 23:01:10.318524+00:00,2026-04-14 23:11:36.916842+00:00
0783034eec7ee01a53b04446178c2661,https://www.panna.org/wp-content/uploads/2020/07/SisquocFinalTech_0.pdf,www.panna.org,raw/pdfs/pdf_queue/www.panna.org/sisquocfinaltech-0-0783034e.pdf,uploaded,,2026-04-14 23:01:10.318524+00:00,2026-04-14 23:11:34.630267+00:00
1cc8ce0fe13f0c1c6696d961b24a2c4d,https://www.panna.org/wp-content/uploads/2020/07/Rob-Faux-DC-results-FINAL.pdf,www.panna.org,raw/pdfs/pdf_queue/www.panna.org/rob-faux-dc-results-final-1cc8ce0f.pdf,uploaded,,2026-04-14 23:01:10.318524+00:00,2026-04-14 23:11:31.406089+00:00
33b17885c9d4fd9cdbeb6f60d62641f3,https://www.panna.org/wp-content/uploads/2020/07/POW12-20-06YakimaSUM-copy.pdf,www.panna.org,raw/pdfs/pdf_queue/www.panna.org/pow12-20-06yakimasum-copy-33b17885.pdf,uploaded,,2026-04-14 23:01:10.318524+00:00,2026-04-14 23:11:29.246755+00:00
f226b07f1ba71bb4aca82694597459b8,https://www.panna.org/wp-content/uploads/2020/07/MN-report-pdf-2021.pdf,www.panna.org,raw/pdfs/pdf_queue/www.panna.org/mn-report-pdf-2021-f226b07f.pdf,uploaded,,2026-04-14 23:01:10.318524+00:00,2026-04-14 23:11:26.560069+00:00
6e8e4e300fbe825f180b98a928edcdb5,https://www.panna.org/wp-content/uploads/2020/07/Lindsay-chlorpyrifos7_18_06wc-Reduce.pdf,www.panna.org,raw/pdfs/pdf_queue/www.panna.org/lindsay-chlorpyrifos7-18-06wc-reduce-6e8e4e30.pdf,uploaded,,2026-04-14 23:01:10.318524+00:00,2026-04-14 23:11:22.456017+00:00
01a20f39c19ce9cc07710c0ad31bd334,https://www.panna.org/wp-content/uploads/2020/07/HastingsFL04_13_07_0_0.pdf,www.panna.org,raw/pdfs/pdf_queue/www.panna.org/hastingsfl04-13-07-0-0-01a20f39.pdf,uploaded,,2026-04-14 23:01:10.318524+00:00,2026-04-14 23:11:20.264792+00:00
7e3b66ebdf395de67e2b78ef89752d24,https://www.panna.org/wp-content/uploads/2020/07/HastingsFL-short04_16_07.pdf,www.panna.org,raw/pdfs/pdf_queue/www.panna.org/hastingsfl-short04-16-07-7e3b66eb.pdf,uploaded,,2026-04-14 23:01:10.318524+00:00,2026-04-14 23:11:17.965075+00:00
e83121db53872714ee6aa358afd21ce7,https://www.panna.org/wp-content/uploads/2020/07/4-pgr_MN-2012_update2014_0.pdf,www.panna.org,raw/pdfs/pdf_queue/www.panna.org/4-pgr-mn-2012-update2014-0-e83121db.pdf,uploaded,,2026-04-14 23:01:10.318524+00:00,2026-04-14 23:11:16.388394+00:00
8cd78299131ff342b1e9a6ecd775c6de,https://www.panna.org/wp-content/uploads/2020/07/1MN-Tech-Report_FINAL-copy-small.pdf,www.panna.org,raw/pdfs/pdf_queue/www.panna.org/1mn-tech-report-final-copy-small-8cd78299.pdf,uploaded,,2026-04-14 23:01:10.318524+00:00,2026-04-14 23:11:14.409565+00:00
49a95ffe412d6a26083549c2005fe348,https://www.panna.org/wp-content/uploads/2019/10/La-agroecologia-en-Estados-Unidos_2020_ESP.pdf,www.panna.org,raw/pdfs/pdf_queue/www.panna.org/la-agroecologia-en-estados-unidos-2020-esp-49a95ffe.pdf,uploaded,,2026-04-14 23:01:10.318524+00:00,2026-04-14 23:11:12.240288+00:00
aa1654c8b470d956c96dd0f13fd373fe,https://www.panna.org/wp-content/uploads/2018/12/PANnews2018n04.pdf,www.panna.org,raw/pdfs/pdf_queue/www.panna.org/pannews2018n04-aa1654c8.pdf,uploaded,,2026-04-14 23:01:10.318524+00:00,2026-04-14 23:11:09.096110+00:00
c742ffc0375b05b93801ee624d1e1af2,https://www.panna.org/wp-content/uploads/2018/09/PANNews2018no03.pdf,www.panna.org,raw/pdfs/pdf_queue/www.panna.org/pannews2018no03-c742ffc0.pdf,uploaded,,2026-04-14 23:01:10.318524+00:00,2026-04-14 23:11:07.429792+00:00
16e73dd8d6f5320df4681483113d3cee,https://www.panna.org/wp-content/uploads/2018/09/PANFY18AnnualReport.pdf,www.panna.org,raw/pdfs/pdf_queue/www.panna.org/panfy18annualreport-16e73dd8.pdf,uploaded,,2026-04-14 23:01:10.318524+00:00,2026-04-14 23:11:04.883240+00:00
9206e5bfb5f49c38e5db13700a1244fc,https://www.panna.org/wp-content/uploads/2018/08/PollinatorFriendlyCandidates2018.pdf,www.panna.org,raw/pdfs/pdf_queue/www.panna.org/pollinatorfriendlycandidates2018-9206e5bf.pdf,uploaded,,2026-04-14 23:01:10.318524+00:00,2026-04-14 23:11:02.164025+00:00
4a7d1c6eeb149338934b2bfb22bf4d05,https://www.panna.org/wp-content/uploads/2018/08/PANnews2018n02.pdf,www.panna.org,raw/pdfs/pdf_queue/www.panna.org/pannews2018n02-4a7d1c6e.pdf,uploaded,,2026-04-14 23:01:10.318524+00:00,2026-04-14 23:11:00.167066+00:00
e41b3b88d6ab0e1d059680aa72675696,https://www.panna.org/wp-content/uploads/2018/03/PAN-news-spring-2018.pdf,www.panna.org,raw/pdfs/pdf_queue/www.panna.org/pan-news-spring-2018-e41b3b88.pdf,uploaded,,2026-04-14 23:01:10.318524+00:00,2026-04-14 23:10:58.242505+00:00
b10b80026ee3a58348ba2ee447f1a115,https://www.panna.org/wp-content/uploads/2017/11/PANnews2017.pdf,www.panna.org,raw/pdfs/pdf_queue/www.panna.org/pannews2017-b10b8002.pdf,uploaded,,2026-04-14 23:01:10.318524+00:00,2026-04-14 23:10:56.112100+00:00
aa3fad34b20fb1eca8159a9c07e31d78,https://www.panna.org/wp-content/uploads/2017/09/PANnews2017n03Fall.pdf,www.panna.org,raw/pdfs/pdf_queue/www.panna.org/pannews2017n03fall-aa3fad34.pdf,uploaded,,2026-04-14 23:01:10.318524+00:00,2026-04-14 23:10:54.171029+00:00
dc1fe51399e69518d3d9d85922fb04de,https://www.panna.org/wp-content/uploads/2017/08/In-Case-of-Drift-Toolkit-2023.pdf,www.panna.org,raw/pdfs/pdf_queue/www.panna.org/in-case-of-drift-toolkit-2023-dc1fe513.pdf,uploaded,,2026-04-14 23:01:10.318524+00:00,2026-04-14 23:10:51.018251+00:00
10cffac7697c52040a853b8c8fea742b,https://www.panna.org/wp-content/uploads/2017/08/ICOD-Spanish.pdf,www.panna.org,raw/pdfs/pdf_queue/www.panna.org/icod-spanish-10cffac7.pdf,uploaded,,2026-04-14 23:01:10.318524+00:00,2026-04-14 23:10:48.649451+00:00
7e32638425bc25e771f1382e3b0d76b9,https://www.panna.org/wp-content/uploads/2017/07/CPF-alternatives-2017-CA.pdf,www.panna.org,raw/pdfs/pdf_queue/www.panna.org/cpf-alternatives-2017-ca-7e326384.pdf,uploaded,,2026-04-14 23:01:10.318524+00:00,2026-04-14 23:10:46.440178+00:00
469c51cef8e6a7cae80383ffb0bf4075,https://www.panna.org/wp-content/uploads/2017/06/PANnews2017n02.pdf,www.panna.org,raw/pdfs/pdf_queue/www.panna.org/pannews2017n02-469c51ce.pdf,uploaded,,2026-04-14 23:01:10.318524+00:00,2026-04-14 23:10:44.637911+00:00
74251cbc736c318ade606326ed53c958,https://www.panna.org/wp-content/uploads/2017/03/PANnews2017n01.pdf,www.panna.org,raw/pdfs/pdf_queue/www.panna.org/pannews2017n01-74251cbc.pdf,uploaded,,2026-04-14 23:01:10.318524+00:00,2026-04-14 23:10:42.572023+00:00
7d6833164ecfc6e2e07c7660e33e4435,https://www.panna.org/wp-content/uploads/2017/03/2013-PAN-AP-POISONING-OUR-FUTURE-Children-and-Pesticides-Book-v8-WEB-lo-res.pdf,www.panna.org,raw/pdfs/pdf_queue/www.panna.org/2013-pan-ap-poisoning-our-future-children-and-pesticides-book-v8-web-lo-res-7d683316.pdf,uploaded,,2026-04-14 23:01:10.318524+00:00,2026-04-14 23:10:40.460504+00:00
c50f549967374e3b7feecd089d68f35d,https://www.panna.org/wp-content/uploads/2017/02/201903BeeFactsheet-v4.pdf,www.panna.org,raw/pdfs/pdf_queue/www.panna.org/201903beefactsheet-v4-c50f5499.pdf,uploaded,,2026-04-14 23:01:10.318524+00:00,2026-04-14 23:10:37.528742+00:00
ecdf9a39b2e1522793e061745bda4dc3,https://www.panna.org/wp-content/uploads/2016/12/PANnews2016n04.pdf,www.panna.org,raw/pdfs/pdf_queue/www.panna.org/pannews2016n04-ecdf9a39.pdf,uploaded,,2026-04-14 23:01:10.318524+00:00,2026-04-14 23:10:36.216708+00:00
b08246bbba090bf0d39730bd250a2fa1,https://www.panna.org/wp-content/uploads/2016/09/PANnews2016-Fall.pdf,www.panna.org,raw/pdfs/pdf_queue/www.panna.org/pannews2016-fall-b08246bb.pdf,uploaded,,2026-04-14 23:01:10.318524+00:00,2026-04-14 23:10:34.408542+00:00
a77c00a6b9b09d2a5a8d0b42d588d003,https://www.panna.org/wp-content/uploads/2016/08/ASD-factshet-2016-copy.pdf,www.panna.org,raw/pdfs/pdf_queue/www.panna.org/asd-factshet-2016-copy-a77c00a6.pdf,uploaded,,2026-04-14 23:01:10.318524+00:00,2026-04-14 23:10:32.532065+00:00
d45cbc72dbb44b6bc42ede202a95ddd7,https://www.panna.org/wp-content/uploads/2016/07/HealthySchoolsToolkit_SPANISH-2016.pdf,www.panna.org,raw/pdfs/pdf_queue/www.panna.org/healthyschoolstoolkit-spanish-2016-d45cbc72.pdf,uploaded,,2026-04-14 23:01:10.318524+00:00,2026-04-14 23:10:29.891306+00:00
b8f10b3922a7073a975224024918b752,https://www.panna.org/wp-content/uploads/2016/06/PANnews2016n02FINAL.pdf,www.panna.org,raw/pdfs/pdf_queue/www.panna.org/pannews2016n02final-b8f10b39.pdf,uploaded,,2026-04-14 23:01:10.318524+00:00,2026-04-14 23:10:26.034294+00:00
e2b808cd8970f6bf1d4454512eff166b,https://www.panna.org/wp-content/uploads/2016/05/KoF-MN-factsheet-FINAL.pdf,www.panna.org,raw/pdfs/pdf_queue/www.panna.org/kof-mn-factsheet-final-e2b808cd.pdf,uploaded,,2026-04-14 23:01:10.318524+00:00,2026-04-14 23:10:24.251317+00:00
b3dc32fc31f422bbfcec255ed266d179,https://www.panna.org/wp-content/uploads/2016/05/KoF-Iowa-factsheet-FINAL.pdf,www.panna.org,raw/pdfs/pdf_queue/www.panna.org/kof-iowa-factsheet-final-b3dc32fc.pdf,uploaded,,2026-04-14 23:01:10.318524+00:00,2026-04-14 23:10:22.066769+00:00
c6929cdac79156f66e3f98fd28664981,https://www.panna.org/wp-content/uploads/2016/05/KoF-CA-factsheet-SPANISH-FINAL.pdf,www.panna.org,raw/pdfs/pdf_queue/www.panna.org/kof-ca-factsheet-spanish-final-c6929cda.pdf,uploaded,,2026-04-14 23:01:10.318524+00:00,2026-04-14 23:10:19.893504+00:00
94460fdd346600646d5b7addfbcbd9d2,https://www.panna.org/wp-content/uploads/2016/05/KoF-CA-factsheet-FINAL.pdf,www.panna.org,raw/pdfs/pdf_queue/www.panna.org/kof-ca-factsheet-final-94460fdd.pdf,uploaded,,2026-04-14 23:01:10.318524+00:00,2026-04-14 23:10:17.706766+00:00
e200e548ff5cbfc7fb1bae2bc5c38853,https://www.panna.org/wp-content/uploads/2016/04/KOF-report-final.pdf,www.panna.org,raw/pdfs/pdf_queue/www.panna.org/kof-report-final-e200e548.pdf,uploaded,,2026-04-14 23:01:10.318524+00:00,2026-04-14 23:10:15.985099+00:00
6b7ba5230e5dae7fd2a00b086feb6777,https://www.panna.org/wp-content/uploads/2016/02/PANnews2016n01FINAL.pdf,www.panna.org,raw/pdfs/pdf_queue/www.panna.org/pannews2016n01final-6b7ba523.pdf,uploaded,,2026-04-14 23:01:10.318524+00:00,2026-04-14 23:10:12.988159+00:00
521660101ee768dfade6dba0f1a8eb63,https://www.panna.org/wp-content/uploads/2016/02/PANnews2015-year-end.pdf,www.panna.org,raw/pdfs/pdf_queue/www.panna.org/pannews2015-year-end-52166010.pdf,uploaded,,2026-04-14 23:01:10.318524+00:00,2026-04-14 23:10:10.463249+00:00
d33909d666b919f770e8a3383dd74006,https://www.panna.org/wp-content/uploads/2016/02/FINAL-FINAL-Fallando-a-Proteger-a-los-Ninos-de-Edad-Escolar.pdf,www.panna.org,raw/pdfs/pdf_queue/www.panna.org/final-final-fallando-a-proteger-a-los-ninos-de-edad-escolar-d33909d6.pdf,uploaded,,2026-04-14 23:01:10.318524+00:00,2026-04-14 23:10:08.302504+00:00
76c37cb245d7b141766daed2b3bbd12e,https://www.panna.org/wp-content/uploads/2016/02/Bees-the-Science-IssueBrief-20160407.pdf,www.panna.org,raw/pdfs/pdf_queue/www.panna.org/bees-the-science-issuebrief-20160407-76c37cb2.pdf,uploaded,,2026-04-14 23:01:10.318524+00:00,2026-04-14 23:10:06.598045+00:00
1c9362cf46084b57ac83cfd6b9e692f7,https://www.panna.org/wp-content/uploads/2015/12/PANnews2015-year-end.pdf,www.panna.org,raw/pdfs/pdf_queue/www.panna.org/pannews2015-year-end-1c9362cf.pdf,uploaded,,2026-04-14 23:01:10.318524+00:00,2026-04-14 23:10:04.909537+00:00
1c4c221095f6c96f9974eeb50538c2d3,https://www.panna.org/wp-content/uploads/2015/10/WatsonvilleFumigants201503FINALc.pdf,www.panna.org,raw/pdfs/pdf_queue/www.panna.org/watsonvillefumigants201503finalc-1c4c2210.pdf,uploaded,,2026-04-14 23:01:10.318524+00:00,2026-04-14 23:10:02.704765+00:00
8f162b7685f494bcf0e96e4211d4af33,https://www.panna.org/wp-content/uploads/2015/10/PANnews2015n03.pdf,www.panna.org,raw/pdfs/pdf_queue/www.panna.org/pannews2015n03-8f162b76.pdf,uploaded,,2026-04-14 23:01:10.318524+00:00,2026-04-14 23:09:59.787652+00:00
f61442c5ce41c17d56163e26282042d6,https://www.panna.org/wp-content/uploads/2015/09/IJOEH_July08_Smith.pdf,www.panna.org,raw/pdfs/pdf_queue/www.panna.org/ijoeh-july08-smith-f61442c5.pdf,uploaded,,2026-04-14 23:01:10.318524+00:00,2026-04-14 23:09:57.073338+00:00
36c38db7e0567114a7427b60fb7af6c1,https://www.panna.org/wp-content/uploads/2015/08/CVEnglish2-20_0.pdf,www.panna.org,raw/pdfs/pdf_queue/www.panna.org/cvenglish2-20-0-36c38db7.pdf,uploaded,,2026-04-14 23:01:10.318524+00:00,2026-04-14 23:09:55.670056+00:00
4f225d81732c25699c93ea459526db74,https://www.panna.org/wp-content/uploads/2015/08/BeeToolkit_Reduced_0.pdf,www.panna.org,raw/pdfs/pdf_queue/www.panna.org/beetoolkit-reduced-0-4f225d81.pdf,uploaded,,2026-04-14 23:01:10.318524+00:00,2026-04-14 23:09:53.515291+00:00
afea95e1a1c754a87ad4e524c648c1d4,https://www.panna.org/wp-content/uploads/2015/06/HawaiiPesticideDrift-IssueBrief-New.pdf,www.panna.org,raw/pdfs/pdf_queue/www.panna.org/hawaiipesticidedrift-issuebrief-new-afea95e1.pdf,uploaded,,2026-04-14 23:01:10.318524+00:00,2026-04-14 23:09:51.030094+00:00
e75b5e1746f2d1e60cb9393c8cdd0d64,https://www.pan-uk.org/site/wp-content/uploads/United-Nations-Report-of-the-Special-Rapporteur-on-the-right-to-food.pdf,www.pan-uk.org,raw/pdfs/pdf_queue/www.pan-uk.org/united-nations-report-of-the-special-rapporteur-on-the-right-to-food-e75b5e17.pdf,uploaded,,2026-04-14 23:01:10.318524+00:00,2026-04-14 23:09:49.120454+00:00
625a07b9e0fd7255790176566d7ec3a0,https://www.nemnba.org/wp-content/uploads/2019/11/Symposium-Poster-VarCOMP.pdf,www.nemnba.org,raw/pdfs/pdf_queue/www.nemnba.org/symposium-poster-varcomp-625a07b9.pdf,uploaded,,2026-04-14 23:01:10.318524+00:00,2026-04-14 23:09:47.227110+00:00
7819c3b0427ef9f16de8cebc33f8fa9f,https://www.merkley.senate.gov/wp-content/uploads/National-Chemical-Disaster-Awareness-Day.pdf,www.merkley.senate.gov,,error,HTTPError: 403 Client Error: Forbidden for url: https://www.merkley.senate.gov/wp-content/uploads/National-Chemical-Disaster-Awareness-Day.pdf,2026-04-14 23:01:10.318524+00:00,2026-04-14 23:09:40.074585+00:00
5c25aab8d34a4a2a22dce6d8deb54a04,https://www.mepartnership.org/wp-content/uploads/2012/03/Public_Pollinators-Polling-results.pdf,www.mepartnership.org,raw/pdfs/pdf_queue/www.mepartnership.org/public-pollinators-polling-results-5c25aab8.pdf,uploaded,,2026-04-14 23:01:10.318524+00:00,2026-04-14 23:09:38.309076+00:00
1b143513e5349473cc81a182a3b11146,https://www.iarc.who.int/wp-content/uploads/2018/07/pr236_E.pdf,www.iarc.who.int,raw/pdfs/pdf_queue/www.iarc.who.int/pr236-e-1b143513.pdf,uploaded,,2026-04-14 23:01:10.318524+00:00,2026-04-14 23:09:35.840771+00:00
4f8d2bfb801b8321d67c0c4132ff92a4,https://www.iarc.who.int/wp-content/uploads/2018/07/MonographVolume112-1.pdf,www.iarc.who.int,raw/pdfs/pdf_queue/www.iarc.who.int/monographvolume112-1-4f8d2bfb.pdf,uploaded,,2026-04-14 23:01:10.318524+00:00,2026-04-14 23:09:35.279796+00:00
8aa0b06d527dee9097f4d0711e1ea800,https://www.foodsystems4people.org/wp-content/uploads/2022/05/UNFSSAnalysisReportMay2022_FS4P.pdf,www.foodsystems4people.org,raw/pdfs/pdf_queue/www.foodsystems4people.org/unfssanalysisreportmay2022-fs4p-8aa0b06d.pdf,uploaded,,2026-04-14 23:01:10.318524+00:00,2026-04-14 23:09:33.748303+00:00
c860d4a4724b2c632bd853214fbf0bfc,https://www.extension.iastate.edu/ffed/wp-content/uploads/2018/04/IowaFoodandFarmFacts-2018-1.pdf,www.extension.iastate.edu,,error,HTTPError: 504 Server Error: Gateway Time-out for url: https://www.extension.iastate.edu/ffed/wp-content/uploads/2018/04/IowaFoodandFarmFacts-2018-1.pdf,2026-04-14 23:01:10.318524+00:00,2026-04-14 23:09:29.851994+00:00
305d92b5945a0101e6ba999ac22fa750,https://www.env-health.org/wp-content/uploads/2018/08/August-2018-HEAL-Generations-Futures-PAN-E-PAN-DE-Chlorpyrifos-Factsheet-web.pdf,www.env-health.org,raw/pdfs/pdf_queue/www.env-health.org/august-2018-heal-generations-futures-pan-e-pan-de-chlorpyrifos-factsheet-web-305d92b5.pdf,uploaded,,2026-04-14 23:01:10.318524+00:00,2026-04-14 23:09:17.534573+00:00
34249894caac2e653945b2d0ea1b4366,https://www.corporateaccountability.org/wp-content/uploads/2017/05/cai_Bonn2017_digital_FINAL.pdf,www.corporateaccountability.org,raw/pdfs/pdf_queue/www.corporateaccountability.org/cai-bonn2017-digital-final-34249894.pdf,uploaded,,2026-04-14 23:01:10.318524+00:00,2026-04-14 23:09:14.886548+00:00
607c68d86d92ee0b28370df44311bba4,https://www.ciel.org/wp-content/uploads/2022/10/Fossils-Fertilizers-and-False-Solutions.pdf,www.ciel.org,raw/pdfs/pdf_queue/www.ciel.org/fossils-fertilizers-and-false-solutions-607c68d8.pdf,uploaded,,2026-04-14 23:01:10.318524+00:00,2026-04-14 23:09:01.652045+00:00
ba30bb32b762cd6ff9089f754f263127,https://www.ciel.org/wp-content/uploads/2022/05/Sowing-a-Plastic-Planet_final23may22.pdf,www.ciel.org,raw/pdfs/pdf_queue/www.ciel.org/sowing-a-plastic-planet-final23may22-ba30bb32.pdf,uploaded,,2026-04-14 23:01:10.318524+00:00,2026-04-14 23:08:47.807864+00:00
6a74cfdfc822deaa842488183e486481,https://www.cancerfreeeconomy.org/wp-content/uploads/2020/09/CFE_ChildhoodCancerPrevention_Report_F2.pdf,www.cancerfreeeconomy.org,raw/pdfs/pdf_queue/www.cancerfreeeconomy.org/cfe-childhoodcancerprevention-report-f2-6a74cfdf.pdf,uploaded,,2026-04-14 23:01:10.318524+00:00,2026-04-14 23:08:29.538564+00:00
c255429a7e0202beb37b30bc0de11b43,https://usrtk.org/wp-content/uploads/2021/02/February-2020-USTR-email-about-meeting-with-industry-and-push-to-fold-issue-into-USMCA-certification.pdf,usrtk.org,raw/pdfs/pdf_queue/usrtk.org/february-2020-ustr-email-about-meeting-with-industry-and-push-to-fold-issue-into-usmca-certification-c255429a.pdf,uploaded,,2026-04-14 23:01:10.318524+00:00,2026-04-14 23:08:15.507042+00:00
2705efb3ce3e7e094cb80ef768fb5874,https://usrtk.org/wp-content/uploads/2017/08/72-Document-Details-Monsantos-Strategy-Regarding-IARC.pdf,usrtk.org,raw/pdfs/pdf_queue/usrtk.org/72-document-details-monsantos-strategy-regarding-iarc-2705efb3.pdf,uploaded,,2026-04-14 23:01:10.318524+00:00,2026-04-14 23:08:14.562805+00:00
9b3ad5596c4622563fe733048c25e291,https://usrtk.org/wp-content/uploads/2017/06/Dr.-Aaron-Blair-03.20.2017_Redacted.pdf,usrtk.org,raw/pdfs/pdf_queue/usrtk.org/dr-aaron-blair-03-20-2017-redacted-9b3ad559.pdf,uploaded,,2026-04-14 23:01:10.318524+00:00,2026-04-14 23:08:13.382533+00:00
d4f05a9be32859bdaeb5200d93db09d3,https://practicalfarmers.org/wp-content/uploads/2018/10/Labs022317.pdf,practicalfarmers.org,raw/pdfs/pdf_queue/practicalfarmers.org/labs022317-d4f05a9b.pdf,uploaded,,2026-04-14 23:01:10.318524+00:00,2026-04-14 23:08:10.700894+00:00
56522a76946b3aed08093111860c7ac1,https://practicalfarmers.b-cdn.net/wp-content/uploads/2018/10/IDALSsummary_1-14-14NN3.pdf,practicalfarmers.b-cdn.net,raw/pdfs/pdf_queue/practicalfarmers.b-cdn.net/idalssummary-1-14-14nn3-56522a76.pdf,uploaded,,2026-04-14 23:01:10.318524+00:00,2026-04-14 23:08:07.526548+00:00
79ca8e66e56ada7a72a160bd974ea11f,https://pesticidestorymap.com/wp-content/uploads/2025/10/Designed-to-Kill-Who-Profits-from-Paraquat-October-2025-.pdf,pesticidestorymap.com,raw/pdfs/pdf_queue/pesticidestorymap.com/designed-to-kill-who-profits-from-paraquat-october-2025-79ca8e66.pdf,uploaded,,2026-04-14 23:01:10.318524+00:00,2026-04-14 23:08:02.134809+00:00
f4f71316a0f5c7b266745725e97e774e,https://pan.neonrain.tv/wp-content/uploads/2018/09/NLC_NARC_Farm_Bill_Letter_August_2018.pdf,pan.neonrain.tv,,error,"ConnectionError: HTTPSConnectionPool(host='pan.neonrain.tv', port=443): Max retries exceeded with url: /wp-content/uploads/2018/09/NLC_NARC_Farm_Bill_Letter_August_2018.pdf (Caused by NameResolutionError(""HTTPSConnection(host='pan.neonrain.tv', port=443): Failed to resolve 'pan.neonrain.tv' ([Errno 11001] getaddrinfo failed)""))",2026-04-14 23:01:10.318524+00:00,2026-04-14 23:06:40.985017+00:00
ce7376612fe08f87a71f7314db6c6859,https://pan.neonrain.tv/wp-content/uploads/2018/09/2018-Farm-Bill-Conference-Committee-Letter.pdf,pan.neonrain.tv,,error,"ConnectionError: HTTPSConnectionPool(host='pan.neonrain.tv', port=443): Max retries exceeded with url: /wp-content/uploads/2018/09/2018-Farm-Bill-Conference-Committee-Letter.pdf (Caused by NameResolutionError(""HTTPSConnection(host='pan.neonrain.tv', port=443): Failed to resolve 'pan.neonrain.tv' ([Errno 11001] getaddrinfo failed)""))",2026-04-14 23:01:10.318524+00:00,2026-04-14 23:06:40.752044+00:00
6043756578ebf76ff3de45142e2beb19,https://pan.neonrain.tv/wp-content/uploads/2017/04/Motion-for-Further-Relief-4-5-17.pdf,pan.neonrain.tv,,error,"ConnectionError: HTTPSConnectionPool(host='pan.neonrain.tv', port=443): Max retries exceeded with url: /wp-content/uploads/2017/04/Motion-for-Further-Relief-4-5-17.pdf (Caused by NameResolutionError(""HTTPSConnection(host='pan.neonrain.tv', port=443): Failed to resolve 'pan.neonrain.tv' ([Errno 11001] getaddrinfo failed)""))",2026-04-14 23:01:10.318524+00:00,2026-04-14 23:06:40.511252+00:00
a0b1a47a959676843e01c0a0846530d1,https://pan.neonrain.tv/wp-content/uploads/2017/01/Petition-for-Review_filed.pdf,pan.neonrain.tv,,error,"ConnectionError: HTTPSConnectionPool(host='pan.neonrain.tv', port=443): Max retries exceeded with url: /wp-content/uploads/2017/01/Petition-for-Review_filed.pdf (Caused by NameResolutionError(""HTTPSConnection(host='pan.neonrain.tv', port=443): Failed to resolve 'pan.neonrain.tv' ([Errno 11001] getaddrinfo failed)""))",2026-04-14 23:01:10.318524+00:00,2026-04-14 23:06:40.217396+00:00
aee32da420aa0f88c599867ab4191f94,https://pan.neonrain.tv/wp-content/uploads/2015/05/Stoeckel-et-al-2012.pdf,pan.neonrain.tv,,error,"ConnectionError: HTTPSConnectionPool(host='pan.neonrain.tv', port=443): Max retries exceeded with url: /wp-content/uploads/2015/05/Stoeckel-et-al-2012.pdf (Caused by NameResolutionError(""HTTPSConnection(host='pan.neonrain.tv', port=443): Failed to resolve 'pan.neonrain.tv' ([Errno 11001] getaddrinfo failed)""))",2026-04-14 23:01:10.318524+00:00,2026-04-14 23:06:39.917287+00:00
bee3dbc2f5f901337b4a11eda89e8d81,https://pan.neonrain.tv/wp-content/uploads/2015/04/UNEP-POPS-COP.7-5.English.pdf,pan.neonrain.tv,,error,"ConnectionError: HTTPSConnectionPool(host='pan.neonrain.tv', port=443): Max retries exceeded with url: /wp-content/uploads/2015/04/UNEP-POPS-COP.7-5.English.pdf (Caused by NameResolutionError(""HTTPSConnection(host='pan.neonrain.tv', port=443): Failed to resolve 'pan.neonrain.tv' ([Errno 11001] getaddrinfo failed)""))",2026-04-14 23:01:10.318524+00:00,2026-04-14 23:06:39.190267+00:00
d7a44a6618215ce717a75510be0ba496,https://pan.neonrain.tv/wp-content/uploads/2014/06/ld02A001.pdf,pan.neonrain.tv,,error,"ConnectionError: HTTPSConnectionPool(host='pan.neonrain.tv', port=443): Max retries exceeded with url: /wp-content/uploads/2014/06/ld02A001.pdf (Caused by NameResolutionError(""HTTPSConnection(host='pan.neonrain.tv', port=443): Failed to resolve 'pan.neonrain.tv' ([Errno 11001] getaddrinfo failed)""))",2026-04-14 23:01:10.318524+00:00,2026-04-14 23:06:38.960757+00:00
112849048a75c877842abc96db864c08,https://pan.neonrain.tv/wp-content/uploads/2012/04/USDA-Acreage-2011.pdf,pan.neonrain.tv,,error,"ConnectionError: HTTPSConnectionPool(host='pan.neonrain.tv', port=443): Max retries exceeded with url: /wp-content/uploads/2012/04/USDA-Acreage-2011.pdf (Caused by NameResolutionError(""HTTPSConnection(host='pan.neonrain.tv', port=443): Failed to resolve 'pan.neonrain.tv' ([Errno 11001] getaddrinfo failed)""))",2026-04-14 23:01:10.318524+00:00,2026-04-14 23:06:38.730729+00:00
61b92f25a74c229b95061f9d5210988d,https://pan.neonrain.tv/wp-content/uploads/2012/04/PPT-Executive-Summary.pdf,pan.neonrain.tv,,error,"ConnectionError: HTTPSConnectionPool(host='pan.neonrain.tv', port=443): Max retries exceeded with url: /wp-content/uploads/2012/04/PPT-Executive-Summary.pdf (Caused by NameResolutionError(""HTTPSConnection(host='pan.neonrain.tv', port=443): Failed to resolve 'pan.neonrain.tv' ([Errno 11001] getaddrinfo failed)""))",2026-04-14 23:01:10.318524+00:00,2026-04-14 23:06:38.503252+00:00
87fa9fa2febe30f6b24c5d4409fe13a3,https://pan.neonrain.tv/wp-content/uploads/2012/04/Iwasa_Mechanism-for-the-differential-toxicity-of-neonicotinoid-insecticides-in-the-honey-bee_0.pdf,pan.neonrain.tv,,error,"ConnectionError: HTTPSConnectionPool(host='pan.neonrain.tv', port=443): Max retries exceeded with url: /wp-content/uploads/2012/04/Iwasa_Mechanism-for-the-differential-toxicity-of-neonicotinoid-insecticides-in-the-honey-bee_0.pdf (Caused by NameResolutionError(""HTTPSConnection(host='pan.neonrain.tv', port=443): Failed to resolve 'pan.neonrain.tv' ([Errno 11001] getaddrinfo failed)""))",2026-04-14 23:01:10.318524+00:00,2026-04-14 23:06:38.282764+00:00
46867096a6f0b35d8776a003735330f5,https://pan.neonrain.tv/wp-content/uploads/2012/04/DDTtruthSheetApr2012FINAL.pdf,pan.neonrain.tv,,error,"ConnectionError: HTTPSConnectionPool(host='pan.neonrain.tv', port=443): Max retries exceeded with url: /wp-content/uploads/2012/04/DDTtruthSheetApr2012FINAL.pdf (Caused by NameResolutionError(""HTTPSConnection(host='pan.neonrain.tv', port=443): Failed to resolve 'pan.neonrain.tv' ([Errno 11001] getaddrinfo failed)""))",2026-04-14 23:01:10.318524+00:00,2026-04-14 23:06:38.051530+00:00
047093e024839c1fafa29c8598ad5dd7,https://pan.neonrain.tv/wp-content/uploads/2012/04/BenbrookLecture_Systemics_0.pdf,pan.neonrain.tv,,error,"ConnectionError: HTTPSConnectionPool(host='pan.neonrain.tv', port=443): Max retries exceeded with url: /wp-content/uploads/2012/04/BenbrookLecture_Systemics_0.pdf (Caused by NameResolutionError(""HTTPSConnection(host='pan.neonrain.tv', port=443): Failed to resolve 'pan.neonrain.tv' ([Errno 11001] getaddrinfo failed)""))",2026-04-14 23:01:10.318524+00:00,2026-04-14 23:06:37.818548+00:00
27c98bf8371ddc1e5e035110c251e23d,https://pan.neonrain.tv/wp-content/uploads/2012/03/Krupke_journal.pone_.0029268_0.pdf,pan.neonrain.tv,,error,"ConnectionError: HTTPSConnectionPool(host='pan.neonrain.tv', port=443): Max retries exceeded with url: /wp-content/uploads/2012/03/Krupke_journal.pone_.0029268_0.pdf (Caused by NameResolutionError(""HTTPSConnection(host='pan.neonrain.tv', port=443): Failed to resolve 'pan.neonrain.tv' ([Errno 11001] getaddrinfo failed)""))",2026-04-14 23:01:10.318524+00:00,2026-04-14 23:06:37.584578+00:00
ed4eeab7feb12fb0f4ed30b62a755908,https://pan.neonrain.tv/wp-content/uploads/2012/03/Iwasa-et-al-CP-23-2004-371-neonic-tox-in-bee.pdf,pan.neonrain.tv,,error,"ConnectionError: HTTPSConnectionPool(host='pan.neonrain.tv', port=443): Max retries exceeded with url: /wp-content/uploads/2012/03/Iwasa-et-al-CP-23-2004-371-neonic-tox-in-bee.pdf (Caused by NameResolutionError(""HTTPSConnection(host='pan.neonrain.tv', port=443): Failed to resolve 'pan.neonrain.tv' ([Errno 11001] getaddrinfo failed)""))",2026-04-14 23:01:10.318524+00:00,2026-04-14 23:06:37.353025+00:00
cd8e6bc6bddf032c79496dfca6bd652c,https://pan.neonrain.tv/wp-content/uploads/2012/03/FJ-Letter-re-Budget-Cuts-to-Agricultural-Programs.pdf,pan.neonrain.tv,,error,"ConnectionError: HTTPSConnectionPool(host='pan.neonrain.tv', port=443): Max retries exceeded with url: /wp-content/uploads/2012/03/FJ-Letter-re-Budget-Cuts-to-Agricultural-Programs.pdf (Caused by NameResolutionError(""HTTPSConnection(host='pan.neonrain.tv', port=443): Failed to resolve 'pan.neonrain.tv' ([Errno 11001] getaddrinfo failed)""))",2026-04-14 23:01:10.318524+00:00,2026-04-14 23:06:37.120147+00:00
c6ad3de46a325e4158b984363df3b69a,https://pan.neonrain.tv/wp-content/uploads/2012/03/CFS-Clothianidin-Petition-3-20-12.pdf,pan.neonrain.tv,,error,"ConnectionError: HTTPSConnectionPool(host='pan.neonrain.tv', port=443): Max retries exceeded with url: /wp-content/uploads/2012/03/CFS-Clothianidin-Petition-3-20-12.pdf (Caused by NameResolutionError(""HTTPSConnection(host='pan.neonrain.tv', port=443): Failed to resolve 'pan.neonrain.tv' ([Errno 11001] getaddrinfo failed)""))",2026-04-14 23:01:10.318524+00:00,2026-04-14 23:06:36.872540+00:00
8e708f264aa48b7bb00a167a3fdacbc1,https://pan.neonrain.tv/wp-content/uploads/2012/03/BeesPesticides_SOS_FINAL_May2012.pdf,pan.neonrain.tv,,error,"ConnectionError: HTTPSConnectionPool(host='pan.neonrain.tv', port=443): Max retries exceeded with url: /wp-content/uploads/2012/03/BeesPesticides_SOS_FINAL_May2012.pdf (Caused by NameResolutionError(""HTTPSConnection(host='pan.neonrain.tv', port=443): Failed to resolve 'pan.neonrain.tv' ([Errno 11001] getaddrinfo failed)""))",2026-04-14 23:01:10.318524+00:00,2026-04-14 23:06:36.532511+00:00
ce7244e05f5bf72e627544ddf5bc4780,https://pan.neonrain.tv/wp-content/uploads/2012/03/Alaux_nosema-and-neonic-interactions_0.pdf,pan.neonrain.tv,,error,"ConnectionError: HTTPSConnectionPool(host='pan.neonrain.tv', port=443): Max retries exceeded with url: /wp-content/uploads/2012/03/Alaux_nosema-and-neonic-interactions_0.pdf (Caused by NameResolutionError(""HTTPSConnection(host='pan.neonrain.tv', port=443): Failed to resolve 'pan.neonrain.tv' ([Errno 11001] getaddrinfo failed)""))",2026-04-14 23:01:10.318524+00:00,2026-04-14 23:06:36.064974+00:00
dcc1b51c0909e21dd8b89f1d044434aa,https://pan.neonrain.tv/wp-content/uploads/2012/02/EJcomments_EPA-HQ-OPP-2010-0541_0.pdf,pan.neonrain.tv,,error,"ConnectionError: HTTPSConnectionPool(host='pan.neonrain.tv', port=443): Max retries exceeded with url: /wp-content/uploads/2012/02/EJcomments_EPA-HQ-OPP-2010-0541_0.pdf (Caused by NameResolutionError(""HTTPSConnection(host='pan.neonrain.tv', port=443): Failed to resolve 'pan.neonrain.tv' ([Errno 11001] getaddrinfo failed)""))",2026-04-14 23:01:10.318524+00:00,2026-04-14 23:06:35.823022+00:00
4501d0553af0ee63786f47daf46b7639,https://pan.neonrain.tv/wp-content/uploads/2012/02/AtrazineHealth_0.pdf,pan.neonrain.tv,,error,"ConnectionError: HTTPSConnectionPool(host='pan.neonrain.tv', port=443): Max retries exceeded with url: /wp-content/uploads/2012/02/AtrazineHealth_0.pdf (Caused by NameResolutionError(""HTTPSConnection(host='pan.neonrain.tv', port=443): Failed to resolve 'pan.neonrain.tv' ([Errno 11001] getaddrinfo failed)""))",2026-04-14 23:01:10.318524+00:00,2026-04-14 23:06:35.599533+00:00
635e6343c7b1a8f713683ef7a062ce54,https://pan.neonrain.tv/wp-content/uploads/2012/01/MeI-Lawsuit-FactsheetFINAL.pdf,pan.neonrain.tv,,error,"ConnectionError: HTTPSConnectionPool(host='pan.neonrain.tv', port=443): Max retries exceeded with url: /wp-content/uploads/2012/01/MeI-Lawsuit-FactsheetFINAL.pdf (Caused by NameResolutionError(""HTTPSConnection(host='pan.neonrain.tv', port=443): Failed to resolve 'pan.neonrain.tv' ([Errno 11001] getaddrinfo failed)""))",2026-04-14 23:01:10.318524+00:00,2026-04-14 23:06:35.353262+00:00
3c0c57fa22c0f36908fb3021fcb9df2a,https://pan.neonrain.tv/wp-content/uploads/2012/01/Krupke_journal.pone_.0029268.pdf,pan.neonrain.tv,,error,"ConnectionError: HTTPSConnectionPool(host='pan.neonrain.tv', port=443): Max retries exceeded with url: /wp-content/uploads/2012/01/Krupke_journal.pone_.0029268.pdf (Caused by NameResolutionError(""HTTPSConnection(host='pan.neonrain.tv', port=443): Failed to resolve 'pan.neonrain.tv' ([Errno 11001] getaddrinfo failed)""))",2026-04-14 23:01:10.318524+00:00,2026-04-14 23:06:35.119606+00:00
5280e3e23f39d5d60fb98e5c044f24c9,https://pan.neonrain.tv/wp-content/uploads/2012/01/24D_0804.pdf,pan.neonrain.tv,,error,"ConnectionError: HTTPSConnectionPool(host='pan.neonrain.tv', port=443): Max retries exceeded with url: /wp-content/uploads/2012/01/24D_0804.pdf (Caused by NameResolutionError(""HTTPSConnection(host='pan.neonrain.tv', port=443): Failed to resolve 'pan.neonrain.tv' ([Errno 11001] getaddrinfo failed)""))",2026-04-14 23:01:10.318524+00:00,2026-04-14 23:06:34.405017+00:00
f2754c3571b4fea90ebd73010567b5e7,https://pan.neonrain.tv/wp-content/uploads/2012/01/24D-factsheet.pdf,pan.neonrain.tv,,error,"ConnectionError: HTTPSConnectionPool(host='pan.neonrain.tv', port=443): Max retries exceeded with url: /wp-content/uploads/2012/01/24D-factsheet.pdf (Caused by NameResolutionError(""HTTPSConnection(host='pan.neonrain.tv', port=443): Failed to resolve 'pan.neonrain.tv' ([Errno 11001] getaddrinfo failed)""))",2026-04-14 23:01:10.318524+00:00,2026-04-14 23:06:34.162149+00:00
f4bbe4d1458ef59f480ac7b4b4be537d,https://pan.neonrain.tv/wp-content/uploads/2011/11/November15BecerraletterFINAL.pdf,pan.neonrain.tv,,error,"ConnectionError: HTTPSConnectionPool(host='pan.neonrain.tv', port=443): Max retries exceeded with url: /wp-content/uploads/2011/11/November15BecerraletterFINAL.pdf (Caused by NameResolutionError(""HTTPSConnection(host='pan.neonrain.tv', port=443): Failed to resolve 'pan.neonrain.tv' ([Errno 11001] getaddrinfo failed)""))",2026-04-14 23:01:10.318524+00:00,2026-04-14 23:06:33.914463+00:00
2a2c61982e75a6b0ba620479a08a389f,https://pan.neonrain.tv/wp-content/uploads/2011/11/California-State-Grange-Resolution.pdf,pan.neonrain.tv,,error,"ConnectionError: HTTPSConnectionPool(host='pan.neonrain.tv', port=443): Max retries exceeded with url: /wp-content/uploads/2011/11/California-State-Grange-Resolution.pdf (Caused by NameResolutionError(""HTTPSConnection(host='pan.neonrain.tv', port=443): Failed to resolve 'pan.neonrain.tv' ([Errno 11001] getaddrinfo failed)""))",2026-04-14 23:01:10.318524+00:00,2026-04-14 23:06:33.669566+00:00
e53a1b7d4a5b83d6040ea8c3ed9b2115,https://pan.neonrain.tv/wp-content/uploads/2011/10/GMOemperorHasNoClothes.pdf,pan.neonrain.tv,,error,"ConnectionError: HTTPSConnectionPool(host='pan.neonrain.tv', port=443): Max retries exceeded with url: /wp-content/uploads/2011/10/GMOemperorHasNoClothes.pdf (Caused by NameResolutionError(""HTTPSConnection(host='pan.neonrain.tv', port=443): Failed to resolve 'pan.neonrain.tv' ([Errno 11001] getaddrinfo failed)""))",2026-04-14 23:01:10.318524+00:00,2026-04-14 23:06:33.434449+00:00
5b7574877920a5e678a5fe81cdbf2f51,https://pan.neonrain.tv/wp-content/uploads/2011/10/Chlorpyrifos_HCP_Oct-6-2011.pdf,pan.neonrain.tv,,error,"ConnectionError: HTTPSConnectionPool(host='pan.neonrain.tv', port=443): Max retries exceeded with url: /wp-content/uploads/2011/10/Chlorpyrifos_HCP_Oct-6-2011.pdf (Caused by NameResolutionError(""HTTPSConnection(host='pan.neonrain.tv', port=443): Failed to resolve 'pan.neonrain.tv' ([Errno 11001] getaddrinfo failed)""))",2026-04-14 23:01:10.318524+00:00,2026-04-14 23:06:33.169560+00:00
806ce5207a2bcb2d78e83235b647d19d,https://pan.neonrain.tv/wp-content/uploads/2011/10/070810SisquocSummary.pdf,pan.neonrain.tv,,error,"ConnectionError: HTTPSConnectionPool(host='pan.neonrain.tv', port=443): Max retries exceeded with url: /wp-content/uploads/2011/10/070810SisquocSummary.pdf (Caused by NameResolutionError(""HTTPSConnection(host='pan.neonrain.tv', port=443): Failed to resolve 'pan.neonrain.tv' ([Errno 11001] getaddrinfo failed)""))",2026-04-14 23:01:10.318524+00:00,2026-04-14 23:06:32.756781+00:00
9d422b208a631e3adacb6701d4b067b0,https://pan.neonrain.tv/wp-content/uploads/2011/09/Glyph-rev-plan-Dec09.pdf,pan.neonrain.tv,,error,"ConnectionError: HTTPSConnectionPool(host='pan.neonrain.tv', port=443): Max retries exceeded with url: /wp-content/uploads/2011/09/Glyph-rev-plan-Dec09.pdf (Caused by NameResolutionError(""HTTPSConnection(host='pan.neonrain.tv', port=443): Failed to resolve 'pan.neonrain.tv' ([Errno 11001] getaddrinfo failed)""))",2026-04-14 23:01:10.318524+00:00,2026-04-14 23:06:32.524313+00:00
7d6aaed184451747b3fc08cf0564c88d,https://pan.neonrain.tv/wp-content/uploads/2011/09/EJcomments_EPA-HQ-OPP-2010-0541.pdf,pan.neonrain.tv,,error,"ConnectionError: HTTPSConnectionPool(host='pan.neonrain.tv', port=443): Max retries exceeded with url: /wp-content/uploads/2011/09/EJcomments_EPA-HQ-OPP-2010-0541.pdf (Caused by NameResolutionError(""HTTPSConnection(host='pan.neonrain.tv', port=443): Failed to resolve 'pan.neonrain.tv' ([Errno 11001] getaddrinfo failed)""))",2026-04-14 23:01:10.318524+00:00,2026-04-14 23:06:32.279808+00:00
622baf8742cd6bd8d1978a4d023f032b,https://pan.neonrain.tv/wp-content/uploads/2011/08/PCP_Report_08-09_508.pdf,pan.neonrain.tv,,error,"ConnectionError: HTTPSConnectionPool(host='pan.neonrain.tv', port=443): Max retries exceeded with url: /wp-content/uploads/2011/08/PCP_Report_08-09_508.pdf (Caused by NameResolutionError(""HTTPSConnection(host='pan.neonrain.tv', port=443): Failed to resolve 'pan.neonrain.tv' ([Errno 11001] getaddrinfo failed)""))",2026-04-14 23:01:10.318524+00:00,2026-04-14 23:06:32.035299+00:00
63e51592c3e47b545ccbaff4a6d3b6d2,https://pan.neonrain.tv/wp-content/uploads/2011/08/FarmersLetterNOPfinal08.12.11.pdf,pan.neonrain.tv,,error,"ConnectionError: HTTPSConnectionPool(host='pan.neonrain.tv', port=443): Max retries exceeded with url: /wp-content/uploads/2011/08/FarmersLetterNOPfinal08.12.11.pdf (Caused by NameResolutionError(""HTTPSConnection(host='pan.neonrain.tv', port=443): Failed to resolve 'pan.neonrain.tv' ([Errno 11001] getaddrinfo failed)""))",2026-04-14 23:01:10.318524+00:00,2026-04-14 23:06:31.794250+00:00
5675ab6f569f7596177460610c708e60,https://pan.neonrain.tv/wp-content/uploads/2011/07/Methylodide-letter-to-Gov-with-signatures.pdf,pan.neonrain.tv,,error,"ConnectionError: HTTPSConnectionPool(host='pan.neonrain.tv', port=443): Max retries exceeded with url: /wp-content/uploads/2011/07/Methylodide-letter-to-Gov-with-signatures.pdf (Caused by NameResolutionError(""HTTPSConnection(host='pan.neonrain.tv', port=443): Failed to resolve 'pan.neonrain.tv' ([Errno 11001] getaddrinfo failed)""))",2026-04-14 23:01:10.318524+00:00,2026-04-14 23:06:31.533227+00:00
39b9ec521de009c5ef591f2a9c801cce,https://pan.neonrain.tv/wp-content/uploads/2011/06/Pesticides-sign-on-letterFINAL.pdf,pan.neonrain.tv,,error,"ConnectionError: HTTPSConnectionPool(host='pan.neonrain.tv', port=443): Max retries exceeded with url: /wp-content/uploads/2011/06/Pesticides-sign-on-letterFINAL.pdf (Caused by NameResolutionError(""HTTPSConnection(host='pan.neonrain.tv', port=443): Failed to resolve 'pan.neonrain.tv' ([Errno 11001] getaddrinfo failed)""))",2026-04-14 23:01:10.318524+00:00,2026-04-14 23:06:31.253784+00:00
441e75d3c061ab15a37435c01a3f57e4,https://pan.neonrain.tv/wp-content/uploads/2011/06/Calvert.Ag-WrkrPoisoning2008.pdf,pan.neonrain.tv,,error,"ConnectionError: HTTPSConnectionPool(host='pan.neonrain.tv', port=443): Max retries exceeded with url: /wp-content/uploads/2011/06/Calvert.Ag-WrkrPoisoning2008.pdf (Caused by NameResolutionError(""HTTPSConnection(host='pan.neonrain.tv', port=443): Failed to resolve 'pan.neonrain.tv' ([Errno 11001] getaddrinfo failed)""))",2026-04-14 23:01:10.318524+00:00,2026-04-14 23:06:31.012322+00:00
a42aa5c7dee4b263ef73a52b7afaeb67,https://pan.neonrain.tv/wp-content/uploads/2011/05/PresidentsCancerPanel.pdf,pan.neonrain.tv,,error,"ConnectionError: HTTPSConnectionPool(host='pan.neonrain.tv', port=443): Max retries exceeded with url: /wp-content/uploads/2011/05/PresidentsCancerPanel.pdf (Caused by NameResolutionError(""HTTPSConnection(host='pan.neonrain.tv', port=443): Failed to resolve 'pan.neonrain.tv' ([Errno 11001] getaddrinfo failed)""))",2026-04-14 23:01:10.318524+00:00,2026-04-14 23:06:30.789777+00:00
29b9c4aadc45cb0b730b328d2539f3ff,https://pan.neonrain.tv/wp-content/uploads/2011/04/Monning-Letter-to-USEPA-re_-registration-of-methyl-iodide.pdf,pan.neonrain.tv,,error,"ConnectionError: HTTPSConnectionPool(host='pan.neonrain.tv', port=443): Max retries exceeded with url: /wp-content/uploads/2011/04/Monning-Letter-to-USEPA-re_-registration-of-methyl-iodide.pdf (Caused by NameResolutionError(""HTTPSConnection(host='pan.neonrain.tv', port=443): Failed to resolve 'pan.neonrain.tv' ([Errno 11001] getaddrinfo failed)""))",2026-04-14 23:01:10.318524+00:00,2026-04-14 23:06:30.512219+00:00
69b8bebc41580342ccc6170eaafce901,https://pan.neonrain.tv/wp-content/uploads/2011/03/MethylIodidePetition.pdf,pan.neonrain.tv,,error,"ConnectionError: HTTPSConnectionPool(host='pan.neonrain.tv', port=443): Max retries exceeded with url: /wp-content/uploads/2011/03/MethylIodidePetition.pdf (Caused by NameResolutionError(""HTTPSConnection(host='pan.neonrain.tv', port=443): Failed to resolve 'pan.neonrain.tv' ([Errno 11001] getaddrinfo failed)""))",2026-04-14 23:01:10.318524+00:00,2026-04-14 23:06:30.208033+00:00
d045cda1e8936c172cb8831be57e6be9,https://pan.neonrain.tv/wp-content/uploads/2011/02/peer_review_reportFeb2010.pdf,pan.neonrain.tv,,error,"ConnectionError: HTTPSConnectionPool(host='pan.neonrain.tv', port=443): Max retries exceeded with url: /wp-content/uploads/2011/02/peer_review_reportFeb2010.pdf (Caused by NameResolutionError(""HTTPSConnection(host='pan.neonrain.tv', port=443): Failed to resolve 'pan.neonrain.tv' ([Errno 11001] getaddrinfo failed)""))",2026-04-14 23:01:10.318524+00:00,2026-04-14 23:06:29.828098+00:00
d77ddf476badeaee9f4c1fd27ec9cb92,https://pan.neonrain.tv/wp-content/uploads/2011/02/EPA_ClothianidinResponse.pdf,pan.neonrain.tv,,error,"ConnectionError: HTTPSConnectionPool(host='pan.neonrain.tv', port=443): Max retries exceeded with url: /wp-content/uploads/2011/02/EPA_ClothianidinResponse.pdf (Caused by NameResolutionError(""HTTPSConnection(host='pan.neonrain.tv', port=443): Failed to resolve 'pan.neonrain.tv' ([Errno 11001] getaddrinfo failed)""))",2026-04-14 23:01:10.318524+00:00,2026-04-14 23:06:29.459070+00:00
9368f6d6fba086831841095ec9330ab9,https://pan.neonrain.tv/wp-content/uploads/2011/02/Calvert.AgWrkrPoisoning2008.pdf,pan.neonrain.tv,,error,"ConnectionError: HTTPSConnectionPool(host='pan.neonrain.tv', port=443): Max retries exceeded with url: /wp-content/uploads/2011/02/Calvert.AgWrkrPoisoning2008.pdf (Caused by NameResolutionError(""HTTPSConnection(host='pan.neonrain.tv', port=443): Failed to resolve 'pan.neonrain.tv' ([Errno 11001] getaddrinfo failed)""))",2026-04-14 23:01:10.318524+00:00,2026-04-14 23:06:28.475058+00:00
3b0e381d8cfddd46055f8b5d5ae35696,https://pan.neonrain.tv/wp-content/uploads/2011/01/MeI-Lawsuit-Factsheet.pdf,pan.neonrain.tv,,error,"ConnectionError: HTTPSConnectionPool(host='pan.neonrain.tv', port=443): Max retries exceeded with url: /wp-content/uploads/2011/01/MeI-Lawsuit-Factsheet.pdf (Caused by NameResolutionError(""HTTPSConnection(host='pan.neonrain.tv', port=443): Failed to resolve 'pan.neonrain.tv' ([Errno 11001] getaddrinfo failed)""))",2026-04-14 23:01:10.318524+00:00,2026-04-14 23:06:27.915114+00:00
f94bea446b9cfa5a7b33c9655bd19869,https://pan.neonrain.tv/wp-content/uploads/2011/01/Living-in-the-Shadow-of-The-Worlds-Next-Bhopal.pdf,pan.neonrain.tv,,error,"ConnectionError: HTTPSConnectionPool(host='pan.neonrain.tv', port=443): Max retries exceeded with url: /wp-content/uploads/2011/01/Living-in-the-Shadow-of-The-Worlds-Next-Bhopal.pdf (Caused by NameResolutionError(""HTTPSConnection(host='pan.neonrain.tv', port=443): Failed to resolve 'pan.neonrain.tv' ([Errno 11001] getaddrinfo failed)""))",2026-04-14 23:01:10.318524+00:00,2026-04-14 23:06:27.470745+00:00
c917e1718260646de7d48efc342c7d4c,https://pan.neonrain.tv/wp-content/uploads/2011/01/GMOBriefFINAL_2.pdf,pan.neonrain.tv,,error,"ConnectionError: HTTPSConnectionPool(host='pan.neonrain.tv', port=443): Max retries exceeded with url: /wp-content/uploads/2011/01/GMOBriefFINAL_2.pdf (Caused by NameResolutionError(""HTTPSConnection(host='pan.neonrain.tv', port=443): Failed to resolve 'pan.neonrain.tv' ([Errno 11001] getaddrinfo failed)""))",2026-04-14 23:01:10.318524+00:00,2026-04-14 23:06:27.034321+00:00
7ca51320f503802cd07e3d75ae7a1322,https://pan.neonrain.tv/wp-content/uploads/2011/01/AgroecoBriefFINALsmall.pdf,pan.neonrain.tv,,error,"ConnectionError: HTTPSConnectionPool(host='pan.neonrain.tv', port=443): Max retries exceeded with url: /wp-content/uploads/2011/01/AgroecoBriefFINALsmall.pdf (Caused by NameResolutionError(""HTTPSConnection(host='pan.neonrain.tv', port=443): Failed to resolve 'pan.neonrain.tv' ([Errno 11001] getaddrinfo failed)""))",2026-04-14 23:01:10.318524+00:00,2026-04-14 23:06:26.671315+00:00
643e6add9bfaba00fe0cb1e6568f328e,https://pan.neonrain.tv/wp-content/uploads/2010/12/Memo_Nov2010_Clothianidin_0.pdf,pan.neonrain.tv,,error,"ConnectionError: HTTPSConnectionPool(host='pan.neonrain.tv', port=443): Max retries exceeded with url: /wp-content/uploads/2010/12/Memo_Nov2010_Clothianidin_0.pdf (Caused by NameResolutionError(""HTTPSConnection(host='pan.neonrain.tv', port=443): Failed to resolve 'pan.neonrain.tv' ([Errno 11001] getaddrinfo failed)""))",2026-04-14 23:01:10.318524+00:00,2026-04-14 23:06:26.395255+00:00
01ae90344abe25456a3deb7c284f7634,https://pan.neonrain.tv/wp-content/uploads/2010/12/ClothianidinCCD_Backgrounder.pdf,pan.neonrain.tv,,error,"ConnectionError: HTTPSConnectionPool(host='pan.neonrain.tv', port=443): Max retries exceeded with url: /wp-content/uploads/2010/12/ClothianidinCCD_Backgrounder.pdf (Caused by NameResolutionError(""HTTPSConnection(host='pan.neonrain.tv', port=443): Failed to resolve 'pan.neonrain.tv' ([Errno 11001] getaddrinfo failed)""))",2026-04-14 23:01:10.318524+00:00,2026-04-14 23:06:26.163828+00:00
afd9c31ef9bbd59bf1474075fb22812e,https://pan.neonrain.tv/wp-content/uploads/2010/11/Whos-promoting-DDT.pdf,pan.neonrain.tv,,error,"ConnectionError: HTTPSConnectionPool(host='pan.neonrain.tv', port=443): Max retries exceeded with url: /wp-content/uploads/2010/11/Whos-promoting-DDT.pdf (Caused by NameResolutionError(""HTTPSConnection(host='pan.neonrain.tv', port=443): Failed to resolve 'pan.neonrain.tv' ([Errno 11001] getaddrinfo failed)""))",2026-04-14 23:01:10.318524+00:00,2026-04-14 23:06:25.916306+00:00
a531763c0ab3617efa873dba13840c9e,https://pan.neonrain.tv/wp-content/uploads/2010/10/StockholmReport-POPsInTheArctic.pdf,pan.neonrain.tv,,error,"ConnectionError: HTTPSConnectionPool(host='pan.neonrain.tv', port=443): Max retries exceeded with url: /wp-content/uploads/2010/10/StockholmReport-POPsInTheArctic.pdf (Caused by NameResolutionError(""HTTPSConnection(host='pan.neonrain.tv', port=443): Failed to resolve 'pan.neonrain.tv' ([Errno 11001] getaddrinfo failed)""))",2026-04-14 23:01:10.318524+00:00,2026-04-14 23:06:25.672273+00:00
d0d419fd44132b9aea058ccb037cfc6e,https://pan.neonrain.tv/wp-content/uploads/2010/10/CBD_10Spring.pdf,pan.neonrain.tv,,error,"ConnectionError: HTTPSConnectionPool(host='pan.neonrain.tv', port=443): Max retries exceeded with url: /wp-content/uploads/2010/10/CBD_10Spring.pdf (Caused by NameResolutionError(""HTTPSConnection(host='pan.neonrain.tv', port=443): Failed to resolve 'pan.neonrain.tv' ([Errno 11001] getaddrinfo failed)""))",2026-04-14 23:01:10.318524+00:00,2026-04-14 23:06:25.446297+00:00
c9136dd3a61811361b9de13d5e53157c,https://pan.neonrain.tv/wp-content/uploads/2010/09/RoundupBirthDefects.pdf,pan.neonrain.tv,,error,"ConnectionError: HTTPSConnectionPool(host='pan.neonrain.tv', port=443): Max retries exceeded with url: /wp-content/uploads/2010/09/RoundupBirthDefects.pdf (Caused by NameResolutionError(""HTTPSConnection(host='pan.neonrain.tv', port=443): Failed to resolve 'pan.neonrain.tv' ([Errno 11001] getaddrinfo failed)""))",2026-04-14 23:01:10.318524+00:00,2026-04-14 23:06:25.059780+00:00
82f1ba1f64db8f01da79c5ccfe97a13c,https://pan.neonrain.tv/wp-content/uploads/2010/09/GMOBriefFINAL_1.pdf,pan.neonrain.tv,,error,"ConnectionError: HTTPSConnectionPool(host='pan.neonrain.tv', port=443): Max retries exceeded with url: /wp-content/uploads/2010/09/GMOBriefFINAL_1.pdf (Caused by NameResolutionError(""HTTPSConnection(host='pan.neonrain.tv', port=443): Failed to resolve 'pan.neonrain.tv' ([Errno 11001] getaddrinfo failed)""))",2026-04-14 23:01:10.318524+00:00,2026-04-14 23:06:24.796880+00:00
3e11887cab0f26e643a822a9b0819f70,https://pan.neonrain.tv/wp-content/uploads/2010/09/BPbedbugs.pdf,pan.neonrain.tv,,error,"ConnectionError: HTTPSConnectionPool(host='pan.neonrain.tv', port=443): Max retries exceeded with url: /wp-content/uploads/2010/09/BPbedbugs.pdf (Caused by NameResolutionError(""HTTPSConnection(host='pan.neonrain.tv', port=443): Failed to resolve 'pan.neonrain.tv' ([Errno 11001] getaddrinfo failed)""))",2026-04-14 23:01:10.318524+00:00,2026-04-14 23:06:24.552280+00:00
7c289f0ca301b757e19b899e1211599d,https://pan.neonrain.tv/wp-content/uploads/2010/06/IAASTD-brief-PANNA.pdf,pan.neonrain.tv,,error,"ConnectionError: HTTPSConnectionPool(host='pan.neonrain.tv', port=443): Max retries exceeded with url: /wp-content/uploads/2010/06/IAASTD-brief-PANNA.pdf (Caused by NameResolutionError(""HTTPSConnection(host='pan.neonrain.tv', port=443): Failed to resolve 'pan.neonrain.tv' ([Errno 11001] getaddrinfo failed)""))",2026-04-14 23:01:10.318524+00:00,2026-04-14 23:06:24.327798+00:00
074d0a92d636d16013d9aed6a6b7d1ca,https://pan-international.org/wp-content/uploads/PAN_HHP_List.pdf,pan-international.org,raw/pdfs/pdf_queue/pan-international.org/pan-hhp-list-074d0a92.pdf,uploaded,,2026-04-14 23:01:10.318524+00:00,2026-04-14 23:06:23.553875+00:00
17de5157cc638cbea47e5f16c8cef950,https://pan-international.org/wp-content/uploads/PAN-International-Briefing-Paper-ICCM5.pdf,pan-international.org,raw/pdfs/pdf_queue/pan-international.org/pan-international-briefing-paper-iccm5-17de5157.pdf,uploaded,,2026-04-14 23:01:10.318524+00:00,2026-04-14 23:06:09.123049+00:00
a02156beb70d205fc84631b12314cad6,https://pan-international.org/wp-content/uploads/PAN-Int-BRS-COPs2025_Advisory_Final.pdf,pan-international.org,raw/pdfs/pdf_queue/pan-international.org/pan-int-brs-cops2025-advisory-final-a02156be.pdf,uploaded,,2026-04-14 23:01:10.318524+00:00,2026-04-14 23:06:04.550582+00:00
398fbba1acfdb0c1154df22396f01f1a,https://pan-international.org/wp-content/uploads/Fr-Lettre-a-DA-Bechdol-2022-11-Nov-28.pdf,pan-international.org,raw/pdfs/pdf_queue/pan-international.org/fr-lettre-a-da-bechdol-2022-11-nov-28-398fbba1.pdf,uploaded,,2026-04-14 23:01:10.318524+00:00,2026-04-14 23:06:02.270820+00:00
61ca872111b63d63b8242da3dd9efae5,https://pan-international.org/wp-content/uploads/Food-Systems-Transformation-at-COP28.pdf,pan-international.org,raw/pdfs/pdf_queue/pan-international.org/food-systems-transformation-at-cop28-61ca8721.pdf,uploaded,,2026-04-14 23:01:10.318524+00:00,2026-04-14 23:06:00.487085+00:00
cfb4ddf5edac30067c80a82f570d94c2,https://pan-international.org/wp-content/uploads/Es-Carta-al-DA-Bechdol-2022-11-Nov-28.pdf,pan-international.org,raw/pdfs/pdf_queue/pan-international.org/es-carta-al-da-bechdol-2022-11-nov-28-cfb4ddf5.pdf,uploaded,,2026-04-14 23:01:10.318524+00:00,2026-04-14 23:05:54.358808+00:00
9da05c7c502a1f07cd729942063589d3,https://pan-international.org/wp-content/uploads/En-Letter-to-DA-Bechdol-2022-11-Nov-28.pdf,pan-international.org,raw/pdfs/pdf_queue/pan-international.org/en-letter-to-da-bechdol-2022-11-nov-28-9da05c7c.pdf,uploaded,,2026-04-14 23:01:10.318524+00:00,2026-04-14 23:05:52.713041+00:00
76ce774bc10e5380ac2be9fd671185ed,https://pan-international.org/wp-content/uploads/EN-CSO-Letter-to-ICCM5-Re-HHPs.pdf,pan-international.org,raw/pdfs/pdf_queue/pan-international.org/en-cso-letter-to-iccm5-re-hhps-76ce774b.pdf,uploaded,,2026-04-14 23:01:10.318524+00:00,2026-04-14 23:05:51.045359+00:00
3d30a37dae9a87d5a9970c95bdb0604b,https://pan-international.org/wp-content/uploads/CropLife-Conflict-of-Interest-Briefing-to-FAO-Member-States-PAN-and-Partners.pdf,pan-international.org,raw/pdfs/pdf_queue/pan-international.org/croplife-conflict-of-interest-briefing-to-fao-member-states-pan-and-partners-3d30a37d.pdf,uploaded,,2026-04-14 23:01:10.318524+00:00,2026-04-14 23:05:49.083771+00:00
5b9204a65886f5de7e5dcb5a89aad81a,https://pan-india.org/wp-content/uploads/2025/04/Non-Chemical-Alternatives-to-Chlorpyrifos_PAN-India_March-2025.pdf,pan-india.org,raw/pdfs/pdf_queue/pan-india.org/non-chemical-alternatives-to-chlorpyrifos-pan-india-march-2025-5b9204a6.pdf,uploaded,,2026-04-14 23:01:10.318524+00:00,2026-04-14 23:05:43.632548+00:00
26812bb4aeae6460e70c5956d1671509,https://kirkwoodpubliclibrary.org/wp-content/uploads/2020/10/Blackout-Poetry-Instructions.pdf,kirkwoodpubliclibrary.org,,error,"ConnectTimeout: HTTPSConnectionPool(host='kirkwoodpubliclibrary.org', port=443): Max retries exceeded with url: /wp-content/uploads/2020/10/Blackout-Poetry-Instructions.pdf (Caused by ConnectTimeoutError(<HTTPSConnection(host='kirkwoodpubliclibrary.org', port=443) at 0x1e1be773390>, 'Connection to kirkwoodpubliclibrary.org timed out. (connect timeout=30)'))",2026-04-14 23:01:10.318524+00:00,2026-04-14 23:05:32.261081+00:00
d40f92dc3bb2cc97d0bf209a0e843c68,https://gistimpact.com/wp-content/uploads/Natural-Farming-Through-A-Wide-Angle-Lens_July-2023_Final-1.pdf,gistimpact.com,,error,HTTPError: 404 Client Error: Not Found for url: https://www.gistimpact.com/wp-content/uploads/Natural-Farming-Through-A-Wide-Angle-Lens_July-2023_Final-1.pdf,2026-04-14 23:01:10.318524+00:00,2026-04-14 23:05:10.941620+00:00
03cd0a4b5b506efe2a64d7128c101087,https://foodfirst.org/wp-content/uploads/2016/11/DR6_final-3.pdf,foodfirst.org,,error,HTTPError: 429 Client Error: Too Many Requests for url: https://foodfirst.org/wp-content/uploads/2016/11/DR6_final-3.pdf,2026-04-14 23:01:10.318524+00:00,2026-04-14 23:05:07.432807+00:00
a8e530a8f60cb39076dcbc95ec91f4a4,https://food.berkeley.edu/wp-content/uploads/2021/07/Maywa-Agroecol-ya03wr.pdf,food.berkeley.edu,raw/pdfs/pdf_queue/food.berkeley.edu/maywa-agroecol-ya03wr-a8e530a8.pdf,uploaded,,2026-04-14 23:01:10.318524+00:00,2026-04-14 23:05:05.402622+00:00
1dfd22bf76fa4b0d915012b79222f6a7,https://foe.org/wp-content/uploads/2018/09/City-Official-Farm-Bill-Preemption-Letter-FINAL-9.12.pdf,foe.org,,error,HTTPError: 403 Client Error: Forbidden for url: https://foe.org/wp-content/uploads/2018/09/City-Official-Farm-Bill-Preemption-Letter-FINAL-9.12.pdf,2026-04-14 23:01:10.318524+00:00,2026-04-14 23:05:01.178857+00:00
840ee02dc90ea94d4628ed6d9f918dc6,https://croplife.org/wp-content/uploads/2021/09/Coalition_-Call-to-Action-Sept17.pdf,croplife.org,raw/pdfs/pdf_queue/croplife.org/coalition-call-to-action-sept17-840ee02d.pdf,uploaded,,2026-04-14 23:01:10.318524+00:00,2026-04-14 23:04:59.615843+00:00
da91a594d9efd2d0f78d7a8545af55bd,https://croplife.org/wp-content/uploads/2020/10/CLI-FAO-Partnership-Announcement.pdf,croplife.org,raw/pdfs/pdf_queue/croplife.org/cli-fao-partnership-announcement-da91a594.pdf,uploaded,,2026-04-14 23:01:10.318524+00:00,2026-04-14 23:04:58.688058+00:00
5583403c91d9f85b3cce9bd38243c5b7,https://consumersunion.org/wp-content/uploads/2014/09/GMO_labeling_cost_findings_Exe_Summ.pdf,consumersunion.org,,error,HTTPError: 403 Client Error: Forbidden for url: https://advocacy.consumerreports.org/wp-content/uploads/,2026-04-14 23:01:10.318524+00:00,2026-04-14 23:04:54.760618+00:00
b2a207570a9972e6d17535b941c3d96a,https://caleja.org/wp-content/uploads/2018/05/CEJA_AgencyAssessment_2017_FinalWeb.pdf,caleja.org,,error,HTTPError: 403 Client Error: Forbidden for url: https://ceja.org/wp-content/uploads/2018/05/CEJA_AgencyAssessment_2017_FinalWeb.pdf,2026-04-14 23:01:10.318524+00:00,2026-04-14 23:04:52.006269+00:00
2cf8837d3a12d869fc3fe9341b8aa596,https://caleja.org/wp-content/uploads/2018/02/CEJA_scorecard_2017_spreads-1.pdf,caleja.org,,error,HTTPError: 403 Client Error: Forbidden for url: https://ceja.org/wp-content/uploads/2018/02/CEJA_scorecard_2017_spreads-1.pdf,2026-04-14 23:01:10.318524+00:00,2026-04-14 23:04:50.428499+00:00
8ddfd6f1f255305eb82c97e1064be32d,https://blog.humanesociety.org/wp-content/uploads/2019/03/Investigation-Report-updated-2019.03.13.pdf,blog.humanesociety.org,,error,ValueError: Not a PDF response (content-type=text/html; charset=utf-8),2026-04-14 23:01:10.318524+00:00,2026-04-14 23:04:46.173029+00:00
4a7aa60f127510fae4d8f6ca6d686f27,https://1bps6437gg8c169i0y1drtgz-wpengine.netdna-ssl.com/wp-content/uploads/2022/03/GE_Mosquitoes_Designed_Doc_3.11.2022.pdf,1bps6437gg8c169i0y1drtgz-wpengine.netdna-ssl.com,,error,ValueError: Not a PDF response (content-type=text/html; charset=utf-8),2026-04-14 23:01:10.318524+00:00,2026-04-14 23:04:42.432138+00:00
aad483bed8b08abd2f7aebc62a601c96,https://1bps6437gg8c169i0y1drtgz-wpengine.netdna-ssl.com/wp-content/uploads/2017/11/Bayer-Monsanto-merger-report-Nov-2017.pdf,1bps6437gg8c169i0y1drtgz-wpengine.netdna-ssl.com,,error,ValueError: Not a PDF response (content-type=text/html; charset=utf-8),2026-04-14 23:01:10.318524+00:00,2026-04-14 23:04:41.826167+00:00
b422b05b126e75503f6de7e3feefa59c,http://www.rootsofchange.org/wp-content/uploads/SCORE-CARD-2017.pdf,www.rootsofchange.org,raw/pdfs/pdf_queue/www.rootsofchange.org/score-card-2017-b422b05b.pdf,uploaded,,2026-04-14 23:01:10.318524+00:00,2026-04-14 23:04:38.738768+00:00
e6e4573538d13afb0057cd8b087f0251,http://www.rootsofchange.org/wp-content/uploads/CAFPC-ANNUAL-REPORT-2017-web.pdf,www.rootsofchange.org,raw/pdfs/pdf_queue/www.rootsofchange.org/cafpc-annual-report-2017-web-e6e45735.pdf,uploaded,,2026-04-14 23:01:10.318524+00:00,2026-04-14 23:04:36.804040+00:00
786cba5b69008b41c532a995652dce81,http://www.pan-uk.org/site/wp-content/uploads/Hazard-versus-risk-based-approaches-to-protecting-health-and-environment-from-pesticides.pdf,www.pan-uk.org,raw/pdfs/pdf_queue/www.pan-uk.org/hazard-versus-risk-based-approaches-to-protecting-health-and-environment-from-pesticides-786cba5b.pdf,uploaded,,2026-04-14 23:01:10.318524+00:00,2026-04-14 23:04:32.345270+00:00
9a9d9839b39d89b024fd9d89dcb770b5,http://www.ecos.org/wp-content/uploads/2017/03/Passback-Letter-from-ECOS-3_1_17-FINAL.pdf,www.ecos.org,,error,HTTPError: 404 Client Error: Not Found for url: https://www.ecos.org/wp-content/uploads/2017/03/Passback-Letter-from-ECOS-3_1_17-FINAL.pdf,2026-04-14 23:01:10.318524+00:00,2026-04-14 23:04:28.416495+00:00
3e3c6d774b145b43c125b91498df4ccc,http://www.centerforfoodsafety.org/wp-content/uploads/2013/02/Seed-Giants_final.pdf,www.centerforfoodsafety.org,,error,HTTPError: 404 Client Error: Not Found for url: https://www.centerforfoodsafety.org/wp-content/uploads/2013/02/Seed-Giants_final.pdf,2026-04-14 23:01:10.318524+00:00,2026-04-14 23:04:25.928250+00:00
9f5b69a07618250c56f60eb3eb0107f6,http://www.centerforfoodsafety.org/wp-content/uploads/2012/02/Mortensen-paper-summary-FINAL.pdf,www.centerforfoodsafety.org,,error,HTTPError: 404 Client Error: Not Found for url: https://www.centerforfoodsafety.org/wp-content/uploads/2012/02/Mortensen-paper-summary-FINAL.pdf,2026-04-14 23:01:10.318524+00:00,2026-04-14 23:04:23.620248+00:00
61179ba74d7f00b288090888cd06c982,http://www.aspenwsi.org/wordpress/wp-content/uploads/Profiles-of-the-Restaurant-Workforce-and-Restaurant-Opportunities-Centers-United.pdf,www.aspenwsi.org,,error,HTTPError: 403 Client Error: Forbidden for url: https://www.aspeninstitute.org/programs/workforce-strategies-initiative/,2026-04-14 23:01:10.318524+00:00,2026-04-14 23:04:20.385514+00:00
b44aa2574206e1cf0ce582e23983e0e9,http://sustainableagriculture.net/wp-content/uploads/2014/10/CoverCropsSoilHealthStatement.pdf,sustainableagriculture.net,raw/pdfs/pdf_queue/sustainableagriculture.net/covercropssoilhealthstatement-b44aa257.pdf,uploaded,,2026-04-14 23:01:10.318524+00:00,2026-04-14 23:04:19.035226+00:00
ba3b397516e88da086c1906886a865fc,http://sblog.s3.amazonaws.com/wp-content/uploads/2012/04/11-796-Bowman-v.-Monsanto-Petition.pdf,sblog.s3.amazonaws.com,raw/pdfs/pdf_queue/sblog.s3.amazonaws.com/11-796-bowman-v-monsanto-petition-ba3b3975.pdf,uploaded,,2026-04-14 23:01:10.318524+00:00,2026-04-14 23:04:18.137259+00:00
cc02a4e4b8b8e973cd95f1da64d7fd59,http://research.sustainablefoodtrust.org/wp-content/uploads/2012/09/Final-Paper.pdf,research.sustainablefoodtrust.org,,error,HTTPError: 404 Client Error: Not Found for url: http://research.sustainablefoodtrust.org/wp-content/uploads/2012/09/Final-Paper.pdf,2026-04-14 23:01:10.318524+00:00,2026-04-14 23:04:15.781527+00:00
ba8c1d5f42f0a5566509d4d2e47e2851,http://pollinatorstewardship.org/wp-content/uploads/2017/05/May-26-2017-newsltr-Mites-down-but-bee-losses-Remain-Unsustainable.pdf,pollinatorstewardship.org,,error,HTTPError: 404 Client Error: Not Found for url: https://www.pollinatorstewardship.org/wp-content/uploads/2017/05/May-26-2017-newsltr-Mites-down-but-bee-losses-Remain-Unsustainable.pdf,2026-04-14 23:01:10.318524+00:00,2026-04-14 23:04:15.370097+00:00
49422e2bc254ef778738d6821c3feff1,http://paninternational.org/wp-content/uploads/2013/12/PAN-Global-Report-communities-peril.pdf,paninternational.org,raw/pdfs/pdf_queue/paninternational.org/pan-global-report-communities-peril-49422e2b.pdf,uploaded,,2026-04-14 23:01:10.318524+00:00,2026-04-14 23:04:11.778793+00:00
1bcfa7c7e878328e49df83b68b7b16c4,http://pan-international.org/wp-content/uploads/Peoples_Tribunal_on_agrochemical_TNCs_-_indictment_and_verdict.pdf,pan-international.org,raw/pdfs/pdf_queue/pan-international.org/peoples-tribunal-on-agrochemical-tncs-indictment-and-verdict-1bcfa7c7.pdf,uploaded,,2026-04-14 23:01:10.318524+00:00,2026-04-14 23:03:57.828325+00:00
04c8bc8498f25ea2563955c04986dd22,http://pan-international.org/wp-content/uploads/PAN_HHP_List.pdf,pan-international.org,raw/pdfs/pdf_queue/pan-international.org/pan-hhp-list-04c8bc84.pdf,uploaded,,2026-04-14 23:01:10.318524+00:00,2026-04-14 23:03:49.962255+00:00
bffbfd9b86476df1641331eba323dd96,http://pan-international.org/wp-content/uploads/Letter-from-academics-scientists-and-researchers-on-FAO-and-CropLife-International.pdf,pan-international.org,raw/pdfs/pdf_queue/pan-international.org/letter-from-academics-scientists-and-researchers-on-fao-and-croplife-international-bffbfd9b.pdf,uploaded,,2026-04-14 23:01:10.318524+00:00,2026-04-14 23:03:43.131780+00:00
45d78682ab47562996c12ad12c84d0ae,http://pan-international.org/wp-content/uploads/HHP-Appeal-with-signatures-en.pdf,pan-international.org,raw/pdfs/pdf_queue/pan-international.org/hhp-appeal-with-signatures-en-45d78682.pdf,uploaded,,2026-04-14 23:01:10.318524+00:00,2026-04-14 23:03:41.795368+00:00
21d9780a83335a7af927e8550de3dfca,http://pan-international.org/wp-content/uploads/Glyphosate-monograph.pdf,pan-international.org,raw/pdfs/pdf_queue/pan-international.org/glyphosate-monograph-21d9780a.pdf,uploaded,,2026-04-14 23:01:10.318524+00:00,2026-04-14 23:03:40.077036+00:00
3ff32c5d8635fd259127827ebcd7732e,http://oversight.house.gov/wp-content/uploads/2012/01/20100728Roush.pdf,oversight.house.gov,raw/pdfs/pdf_queue/oversight.house.gov/20100728roush-3ff32c5d.pdf,uploaded,,2026-04-14 23:01:10.318524+00:00,2026-04-14 23:03:32.493556+00:00
64f4bfa06b4e8a01470c6859e0c9e773,http://nationalaglawcenter.org/wp-content/uploads/assets/crs/RS20430.pdf,nationalaglawcenter.org,raw/pdfs/pdf_queue/nationalaglawcenter.org/rs20430-64f4bfa0.pdf,uploaded,,2026-04-14 23:01:10.318524+00:00,2026-04-14 23:03:30.689259+00:00
8aa906b4065a1cad7d6b7e116900c959,http://foodchainworkers.org/wp-content/uploads/2011/05/FCWA_NoPieceOfThePie_Exec-Summary_FINAL.pdf,foodchainworkers.org,raw/pdfs/pdf_queue/foodchainworkers.org/fcwa-nopieceofthepie-exec-summary-final-8aa906b4.pdf,uploaded,,2026-04-14 23:01:10.318524+00:00,2026-04-14 23:03:28.358311+00:00
ba1d935b1b74778b8e156039d84b112b,http://foe.org/wp-content/uploads/2018/09/City-Official-Farm-Bill-Preemption-Letter-FINAL-9.12.pdf,foe.org,,error,HTTPError: 403 Client Error: Forbidden for url: https://foe.org/wp-content/uploads/2018/09/City-Official-Farm-Bill-Preemption-Letter-FINAL-9.12.pdf,2026-04-14 23:01:10.318524+00:00,2026-04-14 23:03:23.609565+00:00
bda4ec0607c749e76c15d32146a3a3ec,http://foe.org/wp-content/uploads/2018/03/2018-FINAL-White-Paper-with-PAN-3-7-2018.pdf,foe.org,,error,HTTPError: 403 Client Error: Forbidden for url: https://foe.org/wp-content/uploads/2018/03/2018-FINAL-White-Paper-with-PAN-3-7-2018.pdf,2026-04-14 23:01:10.318524+00:00,2026-04-14 23:03:22.712815+00:00
664af7e5cb466d417847966ddd7206ad,http://ehp.niehs.nih.gov/wp-content/uploads/advpub/2016/7/EHP504.acco.pdf,ehp.niehs.nih.gov,,error,"ConnectionError: HTTPConnectionPool(host='ehp.niehs.nih.gov', port=80): Max retries exceeded with url: /wp-content/uploads/advpub/2016/7/EHP504.acco.pdf (Caused by NameResolutionError(""HTTPConnection(host='ehp.niehs.nih.gov', port=80): Failed to resolve 'ehp.niehs.nih.gov' ([Errno 11001] getaddrinfo failed)""))",2026-04-14 23:01:10.318524+00:00,2026-04-14 23:03:21.710801+00:00
709c8ff69008bc8175588068db02dd4e,http://agroeco.org/wp-content/uploads/2010/11/GIAHSbooklet.pdf,agroeco.org,raw/pdfs/pdf_queue/agroeco.org/giahsbooklet-709c8ff6.pdf,uploaded,,2026-04-14 23:01:10.318524+00:00,2026-04-14 23:03:21.141293+00:00
5410a4ebdd09dabc967834448b14b9e1,http://191hmt1pr08amfq62276etw2.wpengine.netdna-cdn.com/wp-content/uploads/2016/01/CLA-Comments-on-SAP-Disqualification-10-12-16.pdf,191hmt1pr08amfq62276etw2.wpengine.netdna-cdn.com,,error,"ConnectionError: HTTPConnectionPool(host='191hmt1pr08amfq62276etw2.wpengine.netdna-cdn.com', port=80): Max retries exceeded with url: /wp-content/uploads/2016/01/CLA-Comments-on-SAP-Disqualification-10-12-16.pdf (Caused by NameResolutionError(""HTTPConnection(host='191hmt1pr08amfq62276etw2.wpengine.netdna-cdn.com', port=80): Failed to resolve '191hmt1pr08amfq62276etw2.wpengine.netdna-cdn.com' ([Errno 11002] getaddrinfo failed)""))",2026-04-14 23:01:10.318524+00:00,2026-04-14 23:03:00.417318+00:00
c1a143fa8cf1806f4510912d8a066cbc,https://www.panna.org/wp-content/uploads/2025/11/Lagroecologie_est_une_solution_climatique.pdf,www.panna.org,raw/pdfs/pdf_queue/www.panna.org/lagroecologie-est-une-solution-climatique-c1a143fa.pdf,uploaded,,2026-04-14 23:01:10.318524+00:00,2026-04-14 23:02:59.337589+00:00
50a8f909e86ae0740d299514bcb17156,https://www.panna.org/wp-content/uploads/2025/11/La_agroecologia_es_una_solucion_climatica.pdf,www.panna.org,raw/pdfs/pdf_queue/www.panna.org/la-agroecologia-es-una-solucion-climatica-50a8f909.pdf,uploaded,,2026-04-14 23:01:10.318524+00:00,2026-04-14 23:02:57.387014+00:00
579092fc13963e56417261a6b327c34e,https://www.panna.org/wp-content/uploads/2025/11/Kenya_Scale_up_agroecology_CEJAD_PAN.pdf,www.panna.org,raw/pdfs/pdf_queue/www.panna.org/kenya-scale-up-agroecology-cejad-pan-579092fc.pdf,uploaded,,2026-04-14 23:01:10.318524+00:00,2026-04-14 23:02:55.487324+00:00
9495b20f70fb134034a5b77603bfeea7,https://www.panna.org/wp-content/uploads/2025/11/Kenya_Climate_resilience_thru_agroecology_GBIACK_PAN.pdf,www.panna.org,raw/pdfs/pdf_queue/www.panna.org/kenya-climate-resilience-thru-agroecology-gbiack-pan-9495b20f.pdf,uploaded,,2026-04-14 23:01:10.318524+00:00,2026-04-14 23:02:51.718778+00:00
68827998fa4ceeedbb8dda0586666c8f,https://www.panna.org/wp-content/uploads/2025/11/India_Agroecological_farming_practices_Kerala_2_case_studies_Thanal_PAN.pdf,www.panna.org,raw/pdfs/pdf_queue/www.panna.org/india-agroecological-farming-practices-kerala-2-case-studies-thanal-pan-68827998.pdf,uploaded,,2026-04-14 23:01:10.318524+00:00,2026-04-14 23:02:46.935470+00:00
0bbf3afb35c21ea2bf3e536dd6028164,https://www.panna.org/wp-content/uploads/2025/11/Form-990-PAN-FY24.pdf,www.panna.org,raw/pdfs/pdf_queue/www.panna.org/form-990-pan-fy24-0bbf3afb.pdf,uploaded,,2026-04-14 23:01:10.318524+00:00,2026-04-14 23:02:31.078316+00:00
c8bd3553ec8fe854bb194b7fe732de20,https://www.panna.org/wp-content/uploads/2025/11/Ethiopia_Agroecological_Pest_Management_PAN.pdf,www.panna.org,raw/pdfs/pdf_queue/www.panna.org/ethiopia-agroecological-pest-management-pan-c8bd3553.pdf,uploaded,,2026-04-14 23:01:10.318524+00:00,2026-04-14 23:02:28.583609+00:00
eecb99cbe7845ea6487e9d3b36f7f80e,https://www.panna.org/wp-content/uploads/2025/11/Costa_Rica_Alternativas_agroecologicas_IRET_PAN.pdf,www.panna.org,raw/pdfs/pdf_queue/www.panna.org/costa-rica-alternativas-agroecologicas-iret-pan-eecb99cb.pdf,uploaded,,2026-04-14 23:01:10.318524+00:00,2026-04-14 23:02:25.705417+00:00
a1d5478abe252bb552ee8917b0b2a7e9,https://www.panna.org/wp-content/uploads/2025/11/Costa_Rica_Agroecological_Alternatives_IRET_PAN.pdf,www.panna.org,raw/pdfs/pdf_queue/www.panna.org/costa-rica-agroecological-alternatives-iret-pan-a1d5478a.pdf,uploaded,,2026-04-14 23:01:10.318524+00:00,2026-04-14 23:02:19.786768+00:00
8a5260ef6d833056b36303343db7a088,https://www.panna.org/wp-content/uploads/2025/11/Burkina_Faso_Mapping_Agroecological-Practices.pdf,www.panna.org,raw/pdfs/pdf_queue/www.panna.org/burkina-faso-mapping-agroecological-practices-8a5260ef.pdf,uploaded,,2026-04-14 23:01:10.318524+00:00,2026-04-14 23:02:13.928039+00:00
0d562fabe4e6ce4274cbbc219d220917,https://www.panna.org/wp-content/uploads/2025/11/Burkina_Faso_Cartographie_Pratiques_Agroecologiques.pdf,www.panna.org,raw/pdfs/pdf_queue/www.panna.org/burkina-faso-cartographie-pratiques-agroecologiques-0d562fab.pdf,uploaded,,2026-04-14 23:01:10.318524+00:00,2026-04-14 23:02:09.824095+00:00
cbe0a84e1661363c70a003e998881708,https://www.panna.org/wp-content/uploads/2025/11/Benin_Farmer_field_schools_GAPROFFA_PAN.pdf,www.panna.org,raw/pdfs/pdf_queue/www.panna.org/benin-farmer-field-schools-gaproffa-pan-cbe0a84e.pdf,uploaded,,2026-04-14 23:01:10.318524+00:00,2026-04-14 23:02:05.374235+00:00
ad66b6a035c06722bfef190f005e0fec,https://www.panna.org/wp-content/uploads/2025/11/Benin_Champs_ecoles_paysans_GAPROFFA_PAN.pdf,www.panna.org,raw/pdfs/pdf_queue/www.panna.org/benin-champs-ecoles-paysans-gaproffa-pan-ad66b6a0.pdf,uploaded,,2026-04-14 23:01:10.318524+00:00,2026-04-14 23:02:01.188182+00:00
6c416dea76cfbb729595488cb69f604a,https://www.panna.org/wp-content/uploads/2025/11/Argentina_Agroecology_3_case_studies_RAPAL_PAN.pdf,www.panna.org,raw/pdfs/pdf_queue/www.panna.org/argentina-agroecology-3-case-studies-rapal-pan-6c416dea.pdf,uploaded,,2026-04-14 23:01:10.318524+00:00,2026-04-14 23:01:58.174801+00:00
1d140de4d9abc7507d4e9d205e59e9a2,https://www.panna.org/wp-content/uploads/2025/11/studies-compilation.pdf,www.panna.org,raw/pdfs/www.panna.org/studies-compilation-1d140de4.pdf,uploaded,,2026-04-13 21:23:28.884071+00:00,2026-04-14 15:40:32.156691+00:00
c11f6c341f25e9f6ebc9ba766c202eb5,https://www.savetheredwoods.org/wp-content/uploads/guides/sf-bayarea-redwood-parks-guide.pdf,www.savetheredwoods.org,raw/pdfs/www.savetheredwoods.org/sf-bayarea-redwood-parks-guide-c11f6c34.pdf,uploaded,,2026-04-13 21:23:28.884071+00:00,2026-04-14 15:39:25.821503+00:00
704e56d83a55f79b5f23ef112d6d609b,https://www.panna.org/wp-content/uploads/2022/12/soil-pesticides-report.pdf,www.panna.org,raw/pdfs/www.panna.org/soil-pesticides-report-704e56d8.pdf,uploaded,,2026-04-13 21:23:28.884071+00:00,2026-04-14 15:37:33.580764+00:00
15d78e39faa9dd312828b1fa2d416d15,https://www.panna.org/wp-content/uploads/2022/12/pest_mgt_childcare.pdf,www.panna.org,raw/pdfs/www.panna.org/pest-mgt-childcare-15d78e39.pdf,uploaded,,2026-04-13 21:23:28.884071+00:00,2026-04-14 15:37:05.678461+00:00
7ac405b1e2b96c3a95b6a745df2c9d6c,https://www.panna.org/wp-content/uploads/2022/12/pan-newsletter-2013-fall.pdf,www.panna.org,raw/pdfs/www.panna.org/pan-newsletter-2013-fall-7ac405b1.pdf,uploaded,,2026-04-13 21:23:28.884071+00:00,2026-04-14 15:35:49.795659+00:00
cd5826ef35929d3e880b462b1f0ae871,https://www.cdpr.ca.gov/wp-content/uploads/2024/10/spm_roadmap.pdf,www.cdpr.ca.gov,,error,"ChunkedEncodingError: (""Connection broken: ConnectionResetError(10054, 'Une connexion existante a dû être fermée par l’hôte distant', None, 10054, None)"", ConnectionResetError(10054, 'Une connexion existante a dû être fermée par l’hôte distant', None, 10054, None))",2026-04-13 21:23:28.884071+00:00,2026-04-14 15:20:20.457173+00:00
dd71c41721569b6e6bcd64499c7e6125,https://pan.neonrain.tv/wp-content/uploads/2012/05/badgley.pdf,pan.neonrain.tv,,error,"ConnectionError: HTTPSConnectionPool(host='pan.neonrain.tv', port=443): Max retries exceeded with url: /wp-content/uploads/2012/05/badgley.pdf (Caused by NameResolutionError(""HTTPSConnection(host='pan.neonrain.tv', port=443): Failed to resolve 'pan.neonrain.tv' ([Errno 11001] getaddrinfo failed)""))",2026-04-13 21:23:28.884071+00:00,2026-04-14 13:38:47.454811+00:00
b2e293c826972dd12751fccbdf66471e,https://pan.neonrain.tv/wp-content/uploads/2011/09/angelita-settlement-agreement-signed.pdf,pan.neonrain.tv,,error,"ConnectionError: HTTPSConnectionPool(host='pan.neonrain.tv', port=443): Max retries exceeded with url: /wp-content/uploads/2011/09/angelita-settlement-agreement-signed.pdf (Caused by NameResolutionError(""HTTPSConnection(host='pan.neonrain.tv', port=443): Failed to resolve 'pan.neonrain.tv' ([Errno 11001] getaddrinfo failed)""))",2026-04-13 21:23:28.884071+00:00,2026-04-14 13:38:40.060201+00:00
d02bc3d475c999b851d385a64803e9ad,https://pan.neonrain.tv/wp-content/uploads/2010/12/sowingpoisongrowinghunger_2ndedition.pdf,pan.neonrain.tv,,error,"ConnectionError: HTTPSConnectionPool(host='pan.neonrain.tv', port=443): Max retries exceeded with url: /wp-content/uploads/2010/12/sowingpoisongrowinghunger_2ndedition.pdf (Caused by NameResolutionError(""HTTPSConnection(host='pan.neonrain.tv', port=443): Failed to resolve 'pan.neonrain.tv' ([Errno 11001] getaddrinfo failed)""))",2026-04-13 21:23:28.884071+00:00,2026-04-14 13:38:24.564436+00:00
1492907c2dd8f92426ad90e1c67df857,https://pan.neonrain.tv/wp-content/uploads/2010/10/epa-ltr-24may06.pdf,pan.neonrain.tv,,error,"ConnectionError: HTTPSConnectionPool(host='pan.neonrain.tv', port=443): Max retries exceeded with url: /wp-content/uploads/2010/10/epa-ltr-24may06.pdf (Caused by NameResolutionError(""HTTPSConnection(host='pan.neonrain.tv', port=443): Failed to resolve 'pan.neonrain.tv' ([Errno 11001] getaddrinfo failed)""))",2026-04-13 21:23:28.884071+00:00,2026-04-14 13:38:23.405259+00:00
f415afebacf18f6bbeca26c0dad0996f,http://www.thenation.com/wp-content/uploads/2015/03/rc990385.pdf,www.thenation.com,raw/pdfs/www.thenation.com/rc990385-f415afeb.pdf,uploaded,,2026-04-13 21:23:28.884071+00:00,2026-04-14 13:36:44.281782+00:00
d3bb4e1009d802b2fb27e8ce5b263c66,http://www.thenation.com/wp-content/uploads/2015/03/rc990384.pdf,www.thenation.com,raw/pdfs/www.thenation.com/rc990384-d3bb4e10.pdf,uploaded,,2026-04-13 21:23:28.884071+00:00,2026-04-14 13:36:42.635536+00:00
8993ca5756e4a1ddf2a7025e6fc65e24,http://ehp.niehs.nih.gov/wp-content/uploads/121/10/ehp.1206397.pdf,ehp.niehs.nih.gov,,error,"ConnectionError: HTTPConnectionPool(host='ehp.niehs.nih.gov', port=80): Max retries exceeded with url: /wp-content/uploads/121/10/ehp.1206397.pdf (Caused by NameResolutionError(""HTTPConnection(host='ehp.niehs.nih.gov', port=80): Failed to resolve 'ehp.niehs.nih.gov' ([Errno 11001] getaddrinfo failed)""))",2026-04-13 21:23:28.884071+00:00,2026-04-13 21:25:21.448074+00:00
5c686f5f359435ac150673613dfb6da5,http://ehp.niehs.nih.gov/wp-content/uploads/119/8/ehp.1002843.pdf,ehp.niehs.nih.gov,,error,"ConnectionError: HTTPConnectionPool(host='ehp.niehs.nih.gov', port=80): Max retries exceeded with url: /wp-content/uploads/119/8/ehp.1002843.pdf (Caused by NameResolutionError(""HTTPConnection(host='ehp.niehs.nih.gov', port=80): Failed to resolve 'ehp.niehs.nih.gov' ([Errno 11001] getaddrinfo failed)""))",2026-04-13 21:23:28.884071+00:00,2026-04-13 21:25:20.442608+00:00
cf275e92615229e6d4dd3968e42fb8f1,http://consumerfed.org/wp-content/uploads/2017/11/agricultural-megamergers-report.pdf,consumerfed.org,raw/pdfs/consumerfed.org/agricultural-megamergers-report-cf275e92.pdf,uploaded,,2026-04-13 21:23:28.884071+00:00,2026-04-13 21:25:19.009361+00:00
