url_hash,url,domain,s3_path,status,error_log,created_at,updated_at
dd88a4167cb0913c42798a547a26b80a,https://meteoburkina.bf/documents/9/BAD23021.pdf,meteoburkina.bf,raw/pdfs/meteo_burkina/meteoburkina.bf/bad23021-dd88a416.pdf,uploaded,,2026-04-14T20:45:43.687051+00:00,2026-04-14T21:37:25.413480+00:00
bb35a4693657d3d9bf4ffa3fbf3e3fa1,https://meteoburkina.bf/documents/778/Bulletin_du_14_Avril_2026_%C3%A0_12h00.pdf,meteoburkina.bf,raw/pdfs/meteo_burkina/meteoburkina.bf/bulletin-du-14-avril-2026-a-12h00-bb35a469.pdf,uploaded,,2026-04-14T20:45:43.687051+00:00,2026-04-14T21:37:03.362408+00:00
71604979d3750c9570ce6b9c17e5d2ed,https://meteoburkina.bf/documents/777/BAD260041_m%C3%A9dia.pdf,meteoburkina.bf,raw/pdfs/meteo_burkina/meteoburkina.bf/bad260041-media-71604979.pdf,uploaded,,2026-04-14T20:45:43.687051+00:00,2026-04-14T21:37:01.013681+00:00
610808bfa77371da27d8096b2e835673,https://meteoburkina.bf/documents/776/BAD26041.pdf,meteoburkina.bf,raw/pdfs/meteo_burkina/meteoburkina.bf/bad26041-610808bf.pdf,uploaded,,2026-04-14T20:45:43.687051+00:00,2026-04-14T21:36:56.596525+00:00
0bb63156970895cdc70f72720390829a,https://meteoburkina.bf/documents/775/Bulletin_du_13_Avril_2026_%C3%A0_12h00.pdf,meteoburkina.bf,raw/pdfs/meteo_burkina/meteoburkina.bf/bulletin-du-13-avril-2026-a-12h00-0bb63156.pdf,uploaded,,2026-04-14T20:45:43.687051+00:00,2026-04-14T21:36:52.608713+00:00
8cea6b9989cc02f8d6873c59ece3159f,https://meteoburkina.bf/documents/774/Bulletin_du_12_Avril_2026_%C3%A0_12h00.pdf,meteoburkina.bf,raw/pdfs/meteo_burkina/meteoburkina.bf/bulletin-du-12-avril-2026-a-12h00-8cea6b99.pdf,uploaded,,2026-04-14T20:45:43.687051+00:00,2026-04-14T21:36:50.109470+00:00
55721983e81ce99c5529d04a7e86bf86,https://meteoburkina.bf/documents/773/BCM202603.pdf,meteoburkina.bf,raw/pdfs/meteo_burkina/meteoburkina.bf/bcm202603-55721983.pdf,uploaded,,2026-04-14T20:45:43.687051+00:00,2026-04-14T21:36:47.496139+00:00
2d7dfb5a647bfedf92a5303360b4e06a,https://meteoburkina.bf/documents/764/Bulletin_du_03_Avril_2026_%C3%A0_12h00.pdf,meteoburkina.bf,raw/pdfs/meteo_burkina/meteoburkina.bf/bulletin-du-03-avril-2026-a-12h00-2d7dfb5a.pdf,uploaded,,2026-04-14T20:45:43.687051+00:00,2026-04-14T21:36:43.880431+00:00
d2afeeae706c21e015b77942f63cf292,https://meteoburkina.bf/documents/762/Bulletin_du_02_Avril_2026_%C3%A0_12h00.pdf,meteoburkina.bf,raw/pdfs/meteo_burkina/meteoburkina.bf/bulletin-du-02-avril-2026-a-12h00-d2afeeae.pdf,uploaded,,2026-04-14T20:45:43.687051+00:00,2026-04-14T21:36:41.528464+00:00
4bee30d5e981cd735352246e32f57085,https://meteoburkina.bf/documents/761/Bulletin_du_01_Avril_2026_%C3%A0_12h00.pdf,meteoburkina.bf,raw/pdfs/meteo_burkina/meteoburkina.bf/bulletin-du-01-avril-2026-a-12h00-4bee30d5.pdf,uploaded,,2026-04-14T20:45:43.687051+00:00,2026-04-14T21:36:38.984178+00:00
3574d523ef9bfd2dbdd42b82005d9b38,https://meteoburkina.bf/documents/760/Bulletin_du_27_Mars_2026_%C3%A0_12h00_TEsYRCU.pdf,meteoburkina.bf,raw/pdfs/meteo_burkina/meteoburkina.bf/bulletin-du-27-mars-2026-a-12h00-tesyrcu-3574d523.pdf,uploaded,,2026-04-14T20:45:43.687051+00:00,2026-04-14T21:36:36.553019+00:00
69b10137d02d06153fc64a147db84360,https://meteoburkina.bf/documents/759/Bulletin_du_27_Mars_2026_%C3%A0_12h00.pdf,meteoburkina.bf,raw/pdfs/meteo_burkina/meteoburkina.bf/bulletin-du-27-mars-2026-a-12h00-69b10137.pdf,uploaded,,2026-04-14T20:45:43.687051+00:00,2026-04-14T21:36:34.055420+00:00
cd169df277f9e1e8beb1b124d9195b92,https://meteoburkina.bf/documents/758/Bulletin_du_26_Mars_2026_%C3%A0_12h00.pdf,meteoburkina.bf,raw/pdfs/meteo_burkina/meteoburkina.bf/bulletin-du-26-mars-2026-a-12h00-cd169df2.pdf,uploaded,,2026-04-14T20:45:43.687051+00:00,2026-04-14T21:36:31.217267+00:00
bf7e1b02c5b70e2f37f205c4923f70b6,https://meteoburkina.bf/documents/753/Bulletin_du_22_Mars_2026_%C3%A0_12h00.pdf,meteoburkina.bf,raw/pdfs/meteo_burkina/meteoburkina.bf/bulletin-du-22-mars-2026-a-12h00-bf7e1b02.pdf,uploaded,,2026-04-14T20:45:43.687051+00:00,2026-04-14T21:36:28.837467+00:00
a3a02feccf259ca30d282efe5c0c76af,https://meteoburkina.bf/documents/749/Bulletin_du_19_Mars_2026_%C3%A0_12h00.pdf,meteoburkina.bf,raw/pdfs/meteo_burkina/meteoburkina.bf/bulletin-du-19-mars-2026-a-12h00-a3a02fec.pdf,uploaded,,2026-04-14T20:45:43.687051+00:00,2026-04-14T21:36:26.210666+00:00
8a379dd63d6d0e2237d05727ab836f90,https://meteoburkina.bf/documents/748/Bulletin_du_18_Mars_2026_%C3%A0_12h00.pdf,meteoburkina.bf,raw/pdfs/meteo_burkina/meteoburkina.bf/bulletin-du-18-mars-2026-a-12h00-8a379dd6.pdf,uploaded,,2026-04-14T20:45:43.687051+00:00,2026-04-14T21:36:23.730256+00:00
e7353f3104749d0862d981fd28f24c85,https://meteoburkina.bf/documents/747/Bulletin_du_17_Mars_2026_%C3%A0_12h00.pdf,meteoburkina.bf,raw/pdfs/meteo_burkina/meteoburkina.bf/bulletin-du-17-mars-2026-a-12h00-e7353f31.pdf,uploaded,,2026-04-14T20:45:43.687051+00:00,2026-04-14T21:36:21.268428+00:00
c9080254f67001470ce96ff7d32bd95b,https://meteoburkina.bf/documents/746/Bulletin_du_16_Mars_2026_%C3%A0_12h00.pdf,meteoburkina.bf,raw/pdfs/meteo_burkina/meteoburkina.bf/bulletin-du-16-mars-2026-a-12h00-c9080254.pdf,uploaded,,2026-04-14T20:45:43.687051+00:00,2026-04-14T21:36:18.699696+00:00
6b2e30b065af9a72453908647d801fed,https://meteoburkina.bf/documents/745/Bulletin_du_15_Mars_2026_%C3%A0_12h00.pdf,meteoburkina.bf,raw/pdfs/meteo_burkina/meteoburkina.bf/bulletin-du-15-mars-2026-a-12h00-6b2e30b0.pdf,uploaded,,2026-04-14T20:45:43.687051+00:00,2026-04-14T21:36:16.163438+00:00
d31f6c95dc2b02d24c39078ff068a7d0,https://meteoburkina.bf/documents/744/Bulletin_du_14_Mars_2026_%C3%A0_12h00.pdf,meteoburkina.bf,raw/pdfs/meteo_burkina/meteoburkina.bf/bulletin-du-14-mars-2026-a-12h00-d31f6c95.pdf,uploaded,,2026-04-14T20:45:43.687051+00:00,2026-04-14T21:36:13.908403+00:00
e41468d870acc5826b7c0fd5ee01b1bd,https://meteoburkina.bf/documents/741/Bulletin_du_13_Mars_2026_%C3%A0_12h00.pdf,meteoburkina.bf,raw/pdfs/meteo_burkina/meteoburkina.bf/bulletin-du-13-mars-2026-a-12h00-e41468d8.pdf,uploaded,,2026-04-14T20:45:43.687051+00:00,2026-04-14T21:36:11.455194+00:00
b620ef5be0f64425701b64fc442e1d4e,https://meteoburkina.bf/documents/740/Bulletin_Pr%C3%A9vision_saisonni%C3%A8re_des_temp%C3%A9ratures_MAM_2026.pdf,meteoburkina.bf,raw/pdfs/meteo_burkina/meteoburkina.bf/bulletin-prevision-saisonniere-des-temperatures-mam-2026-b620ef5b.pdf,uploaded,,2026-04-14T20:45:43.687051+00:00,2026-04-14T21:36:08.708485+00:00
877a4455799863f5f1fb799d54664641,https://meteoburkina.bf/documents/739/Bulletin_du_12_Mars_2026_%C3%A0_12h00.pdf,meteoburkina.bf,raw/pdfs/meteo_burkina/meteoburkina.bf/bulletin-du-12-mars-2026-a-12h00-877a4455.pdf,uploaded,,2026-04-14T20:45:43.687051+00:00,2026-04-14T21:35:59.789451+00:00
17f97a39a52f0cfa3e57803b5ad4f3f0,https://meteoburkina.bf/documents/738/Bulletin_du_11_Mars_2026_%C3%A0_12h00.pdf,meteoburkina.bf,raw/pdfs/meteo_burkina/meteoburkina.bf/bulletin-du-11-mars-2026-a-12h00-17f97a39.pdf,uploaded,,2026-04-14T20:45:43.687051+00:00,2026-04-14T21:35:57.145161+00:00
db7f6a471d97fd848566facb82fe2735,https://meteoburkina.bf/documents/737/Bulletin_du_10_Mars_2026_%C3%A0_12h00.pdf,meteoburkina.bf,raw/pdfs/meteo_burkina/meteoburkina.bf/bulletin-du-10-mars-2026-a-12h00-db7f6a47.pdf,uploaded,,2026-04-14T20:45:43.687051+00:00,2026-04-14T21:35:54.499240+00:00
c89d5c0cdfdf5d666f878c51186cb6df,https://meteoburkina.bf/documents/736/Bulletin_du_09_Mars_2026_%C3%A0_12h00.pdf,meteoburkina.bf,raw/pdfs/meteo_burkina/meteoburkina.bf/bulletin-du-09-mars-2026-a-12h00-c89d5c0c.pdf,uploaded,,2026-04-14T20:45:43.687051+00:00,2026-04-14T21:35:52.154022+00:00
ce14f3dd6d529fce5cc89e95ec0e7e22,https://meteoburkina.bf/documents/735/BCM202602.pdf,meteoburkina.bf,raw/pdfs/meteo_burkina/meteoburkina.bf/bcm202602-ce14f3dd.pdf,uploaded,,2026-04-14T20:45:43.687051+00:00,2026-04-14T21:35:49.640133+00:00
52d864e4fb412212d462f50c0812d51c,https://meteoburkina.bf/documents/734/Bulletin_du_06_Mars_2026_%C3%A0_12h00.pdf,meteoburkina.bf,raw/pdfs/meteo_burkina/meteoburkina.bf/bulletin-du-06-mars-2026-a-12h00-52d864e4.pdf,uploaded,,2026-04-14T20:45:43.687051+00:00,2026-04-14T21:35:46.604907+00:00
681d17df3dc6eaff235933a1033e8c06,https://meteoburkina.bf/documents/733/Bulletin_du_05_Mars_2026_%C3%A0_12h00.pdf,meteoburkina.bf,raw/pdfs/meteo_burkina/meteoburkina.bf/bulletin-du-05-mars-2026-a-12h00-681d17df.pdf,uploaded,,2026-04-14T20:45:43.687051+00:00,2026-04-14T21:35:44.086911+00:00
38c847137ef0eec38ef491dabf7fbf88,https://meteoburkina.bf/documents/732/Bulletin_du_04_Mars_2026_%C3%A0_12h00_i2PFoly.pdf,meteoburkina.bf,raw/pdfs/meteo_burkina/meteoburkina.bf/bulletin-du-04-mars-2026-a-12h00-i2pfoly-38c84713.pdf,uploaded,,2026-04-14T20:45:43.687051+00:00,2026-04-14T21:35:41.454256+00:00
9fadf72c882c23bbfd3c25c2fb7a8291,https://meteoburkina.bf/documents/731/Bulletin_du_04_Mars_2026_%C3%A0_12h00.pdf,meteoburkina.bf,raw/pdfs/meteo_burkina/meteoburkina.bf/bulletin-du-04-mars-2026-a-12h00-9fadf72c.pdf,uploaded,,2026-04-14T20:45:43.687051+00:00,2026-04-14T21:35:38.970413+00:00
88256ed1f3794d1bcb61389e32d99d02,https://meteoburkina.bf/documents/728/Bulletin_du_03_Mars_2026_%C3%A0_12h00_3E9tBHk.pdf,meteoburkina.bf,raw/pdfs/meteo_burkina/meteoburkina.bf/bulletin-du-03-mars-2026-a-12h00-3e9tbhk-88256ed1.pdf,uploaded,,2026-04-14T20:45:43.687051+00:00,2026-04-14T21:35:36.385788+00:00
cb4cfefd66c33db4aab8fd579dad47cb,https://meteoburkina.bf/documents/727/Bulletin_du_03_Mars_2026_%C3%A0_12h00.pdf,meteoburkina.bf,raw/pdfs/meteo_burkina/meteoburkina.bf/bulletin-du-03-mars-2026-a-12h00-cb4cfefd.pdf,uploaded,,2026-04-14T20:45:43.687051+00:00,2026-04-14T21:35:33.841180+00:00
c73f9b1854b3167c24ed2e7e8555dc90,https://meteoburkina.bf/documents/726/Bulletin_du_02_Mars_2026_%C3%A0_12h00.pdf,meteoburkina.bf,raw/pdfs/meteo_burkina/meteoburkina.bf/bulletin-du-02-mars-2026-a-12h00-c73f9b18.pdf,uploaded,,2026-04-14T20:45:43.687051+00:00,2026-04-14T21:35:31.204376+00:00
3e0956caadbcb2480d32e32bdaacbfc3,https://meteoburkina.bf/documents/724/Bulletin_du_27_F%C3%A9vrier__2026_%C3%A0_12h00.pdf,meteoburkina.bf,raw/pdfs/meteo_burkina/meteoburkina.bf/bulletin-du-27-fevrier-2026-a-12h00-3e0956ca.pdf,uploaded,,2026-04-14T20:45:43.687051+00:00,2026-04-14T21:35:28.835178+00:00
d5189983651edf625107c5807771d100,https://meteoburkina.bf/documents/723/Bulletin_du_26_F%C3%A9vrier__2026_%C3%A0_12h00.pdf,meteoburkina.bf,raw/pdfs/meteo_burkina/meteoburkina.bf/bulletin-du-26-fevrier-2026-a-12h00-d5189983.pdf,uploaded,,2026-04-14T20:45:43.687051+00:00,2026-04-14T21:35:26.380506+00:00
14b75c8c90d65883fcf7aad39fc897ef,https://meteoburkina.bf/documents/722/Bulletin_du_25_F%C3%A9vrier__2026_%C3%A0_12h00.pdf,meteoburkina.bf,raw/pdfs/meteo_burkina/meteoburkina.bf/bulletin-du-25-fevrier-2026-a-12h00-14b75c8c.pdf,uploaded,,2026-04-14T20:45:43.687051+00:00,2026-04-14T21:35:23.704058+00:00
d98af250bed1c43eaafd2ce46c0d5bcc,https://meteoburkina.bf/documents/721/Bulletin_du_24_F%C3%A9vrier__2026_%C3%A0_12h00.pdf,meteoburkina.bf,raw/pdfs/meteo_burkina/meteoburkina.bf/bulletin-du-24-fevrier-2026-a-12h00-d98af250.pdf,uploaded,,2026-04-14T20:45:43.687051+00:00,2026-04-14T21:35:21.130679+00:00
c4c81e3fafa66d22bc4aa937a70cb1b2,https://meteoburkina.bf/documents/718/Bulletin_du_23_F%C3%A9vrier__2026_%C3%A0_12h00_ODNrXP6.pdf,meteoburkina.bf,raw/pdfs/meteo_burkina/meteoburkina.bf/bulletin-du-23-fevrier-2026-a-12h00-odnrxp6-c4c81e3f.pdf,uploaded,,2026-04-14T20:45:43.687051+00:00,2026-04-14T21:35:18.410959+00:00
6229cc7b5fd825dc437643b08f69e664,https://meteoburkina.bf/documents/717/Bulletin_du_23_F%C3%A9vrier__2026_%C3%A0_12h00.pdf,meteoburkina.bf,raw/pdfs/meteo_burkina/meteoburkina.bf/bulletin-du-23-fevrier-2026-a-12h00-6229cc7b.pdf,uploaded,,2026-04-14T20:45:43.687051+00:00,2026-04-14T21:35:15.516199+00:00
5a80f701357052bebaad8d6a464084bd,https://meteoburkina.bf/documents/716/Bulletin_du_22_F%C3%A9vrier__2026_%C3%A0_12h00.pdf,meteoburkina.bf,raw/pdfs/meteo_burkina/meteoburkina.bf/bulletin-du-22-fevrier-2026-a-12h00-5a80f701.pdf,uploaded,,2026-04-14T20:45:43.687051+00:00,2026-04-14T21:35:12.567735+00:00
1a8ab9a55ec3b432fec095dad6fb538a,https://meteoburkina.bf/documents/714/Bulletin_du_20_F%C3%A9vrier__2026_%C3%A0_12h00.pdf,meteoburkina.bf,raw/pdfs/meteo_burkina/meteoburkina.bf/bulletin-du-20-fevrier-2026-a-12h00-1a8ab9a5.pdf,uploaded,,2026-04-14T20:45:43.687051+00:00,2026-04-14T21:35:08.517679+00:00
059ffc1a39ceb9ecec31c6ce7e8e702f,https://meteoburkina.bf/documents/713/Bulletin_du_19_F%C3%A9vrier__2026_%C3%A0_12h00.pdf,meteoburkina.bf,raw/pdfs/meteo_burkina/meteoburkina.bf/bulletin-du-19-fevrier-2026-a-12h00-059ffc1a.pdf,uploaded,,2026-04-14T20:45:43.687051+00:00,2026-04-14T21:35:06.292428+00:00
5256a4e3da7674baa507e5496192f97e,https://meteoburkina.bf/documents/712/Bulletin_du_17_F%C3%A9vrier__2026_%C3%A0_12h00.pdf,meteoburkina.bf,raw/pdfs/meteo_burkina/meteoburkina.bf/bulletin-du-17-fevrier-2026-a-12h00-5256a4e3.pdf,uploaded,,2026-04-14T20:45:43.687051+00:00,2026-04-14T21:35:03.787515+00:00
7bff919f8ab7e6e70f379d7d492eff23,https://meteoburkina.bf/documents/711/Bulletin_du_16_F%C3%A9vrier__2026_%C3%A0_12h00.pdf,meteoburkina.bf,raw/pdfs/meteo_burkina/meteoburkina.bf/bulletin-du-16-fevrier-2026-a-12h00-7bff919f.pdf,uploaded,,2026-04-14T20:45:43.687051+00:00,2026-04-14T21:35:01.388673+00:00
c964cdb8a5657af1fa61169a55297e7d,https://meteoburkina.bf/documents/710/Bulletin_du_15_F%C3%A9vrier__2026_%C3%A0_12h00.pdf,meteoburkina.bf,raw/pdfs/meteo_burkina/meteoburkina.bf/bulletin-du-15-fevrier-2026-a-12h00-c964cdb8.pdf,uploaded,,2026-04-14T20:45:43.687051+00:00,2026-04-14T21:34:58.984179+00:00
d6baf519ed783c83d3d8b27fc132cc1a,https://meteoburkina.bf/documents/707/Bulletin_du_14_F%C3%A9vrier__2026_%C3%A0_12h00.pdf,meteoburkina.bf,raw/pdfs/meteo_burkina/meteoburkina.bf/bulletin-du-14-fevrier-2026-a-12h00-d6baf519.pdf,uploaded,,2026-04-14T20:45:43.687051+00:00,2026-04-14T21:34:56.347962+00:00
1f955d1806d4afc1f879ee3385cfa400,https://meteoburkina.bf/documents/704/BCM202601.pdf,meteoburkina.bf,raw/pdfs/meteo_burkina/meteoburkina.bf/bcm202601-1f955d18.pdf,uploaded,,2026-04-14T20:45:43.687051+00:00,2026-04-14T21:34:53.814947+00:00
01bf1198f5fbb44c3a123a49a0e5bda9,https://meteoburkina.bf/documents/703/Bulletin_du_11_F%C3%A9vrier__2026_%C3%A0_12h00.pdf,meteoburkina.bf,raw/pdfs/meteo_burkina/meteoburkina.bf/bulletin-du-11-fevrier-2026-a-12h00-01bf1198.pdf,uploaded,,2026-04-14T20:45:43.687051+00:00,2026-04-14T21:34:37.515472+00:00
648d5327508d75872cdbeadfbba8a53c,https://meteoburkina.bf/documents/702/Bulletin_du_08_F%C3%A9vrier__2026_%C3%A0_12h00.pdf,meteoburkina.bf,raw/pdfs/meteo_burkina/meteoburkina.bf/bulletin-du-08-fevrier-2026-a-12h00-648d5327.pdf,uploaded,,2026-04-14T20:45:43.687051+00:00,2026-04-14T21:34:34.869468+00:00
c25ad48e64a04e459f9c2a14c6d45079,https://meteoburkina.bf/documents/700/Bulletin_du_10_F%C3%A9vrier__2026_%C3%A0_12h00.pdf,meteoburkina.bf,raw/pdfs/meteo_burkina/meteoburkina.bf/bulletin-du-10-fevrier-2026-a-12h00-c25ad48e.pdf,uploaded,,2026-04-14T20:45:43.687051+00:00,2026-04-14T21:34:32.276750+00:00
f5846f03692a547bf17f97691aaf7aea,https://meteoburkina.bf/documents/697/Bulletin_du_05_F%C3%A9vrier_2026_%C3%A0_18h00.pdf,meteoburkina.bf,raw/pdfs/meteo_burkina/meteoburkina.bf/bulletin-du-05-fevrier-2026-a-18h00-f5846f03.pdf,uploaded,,2026-04-14T20:45:43.687051+00:00,2026-04-14T21:34:29.721432+00:00
a64e09b07f2cfae3f5ecbe62c6742c82,https://meteoburkina.bf/documents/696/Bulletin_du_05_F%C3%A9vrier__2026_%C3%A0_12h00.pdf,meteoburkina.bf,raw/pdfs/meteo_burkina/meteoburkina.bf/bulletin-du-05-fevrier-2026-a-12h00-a64e09b0.pdf,uploaded,,2026-04-14T20:45:43.687051+00:00,2026-04-14T21:34:27.084708+00:00
e8d963becbfb6c2e17f9a0f33b4df1d3,https://meteoburkina.bf/documents/695/BAD26013_m%C3%A9dia.pdf,meteoburkina.bf,raw/pdfs/meteo_burkina/meteoburkina.bf/bad26013-media-e8d963be.pdf,uploaded,,2026-04-14T20:45:43.687051+00:00,2026-04-14T21:34:24.265243+00:00
9672b8847e2e6d86dd961c21ccc6563c,https://meteoburkina.bf/documents/694/BAD26013.pdf,meteoburkina.bf,raw/pdfs/meteo_burkina/meteoburkina.bf/bad26013-9672b884.pdf,uploaded,,2026-04-14T20:45:43.687051+00:00,2026-04-14T21:34:19.731149+00:00
741aa87c401e3794b1be7fd10dc1cc1a,https://meteoburkina.bf/documents/692/BAD26012.pdf,meteoburkina.bf,raw/pdfs/meteo_burkina/meteoburkina.bf/bad26012-741aa87c.pdf,uploaded,,2026-04-14T20:45:43.687051+00:00,2026-04-14T21:34:15.527469+00:00
ee7dc45f86fd8bb3434b4f882e73fb86,https://meteoburkina.bf/documents/691/Bulletin_du_22_Janvier__2026_%C3%A0_12h00.pdf,meteoburkina.bf,raw/pdfs/meteo_burkina/meteoburkina.bf/bulletin-du-22-janvier-2026-a-12h00-ee7dc45f.pdf,uploaded,,2026-04-14T20:45:43.687051+00:00,2026-04-14T21:34:11.139253+00:00
78eefe649ba454db16440bbb818012b8,https://meteoburkina.bf/documents/690/BAD26011_m%C3%A9dia.pdf,meteoburkina.bf,raw/pdfs/meteo_burkina/meteoburkina.bf/bad26011-media-78eefe64.pdf,uploaded,,2026-04-14T20:45:43.687051+00:00,2026-04-14T21:34:08.885082+00:00
7143dbcae55438987ffdaf472cff808d,https://meteoburkina.bf/documents/689/BAD26011.pdf,meteoburkina.bf,raw/pdfs/meteo_burkina/meteoburkina.bf/bad26011-7143dbca.pdf,uploaded,,2026-04-14T20:45:43.687051+00:00,2026-04-14T21:34:03.774723+00:00
8968617dd0b33338f192ad0ac8a2b92a,https://meteoburkina.bf/documents/687/BAD25123_m%C3%A9dia.pdf,meteoburkina.bf,raw/pdfs/meteo_burkina/meteoburkina.bf/bad25123-media-8968617d.pdf,uploaded,,2026-04-14T20:45:43.687051+00:00,2026-04-14T21:33:59.910938+00:00
39dcd3bc60752061b9db61aefd3da932,https://meteoburkina.bf/documents/686/BAD25122_m%C3%A9dia.pdf,meteoburkina.bf,raw/pdfs/meteo_burkina/meteoburkina.bf/bad25122-media-39dcd3bc.pdf,uploaded,,2026-04-14T20:45:43.687051+00:00,2026-04-14T21:33:55.325506+00:00
22d86041835fad3fe51839f61ddd9683,https://meteoburkina.bf/documents/685/BAD25122.pdf,meteoburkina.bf,raw/pdfs/meteo_burkina/meteoburkina.bf/bad25122-22d86041.pdf,uploaded,,2026-04-14T20:45:43.687051+00:00,2026-04-14T21:33:50.935226+00:00
e5f6e221a18836321115c57ef8fd61fc,https://meteoburkina.bf/documents/684/Bulletin_du_20_D%C3%A9cembre__2025_%C3%A0_12h00.pdf,meteoburkina.bf,raw/pdfs/meteo_burkina/meteoburkina.bf/bulletin-du-20-decembre-2025-a-12h00-e5f6e221.pdf,uploaded,,2026-04-14T20:45:43.687051+00:00,2026-04-14T21:33:46.649496+00:00
fed4f6b9b557ad6ed1913dded021564e,https://meteoburkina.bf/documents/683/BAD25113_m%C3%A9dia.pdf,meteoburkina.bf,raw/pdfs/meteo_burkina/meteoburkina.bf/bad25113-media-fed4f6b9.pdf,uploaded,,2026-04-14T20:45:43.687051+00:00,2026-04-14T21:33:44.608044+00:00
e3c5633d3cbb0f23ee11b768d69eb138,https://meteoburkina.bf/documents/682/BAD25121_m%C3%A9dia.pdf,meteoburkina.bf,raw/pdfs/meteo_burkina/meteoburkina.bf/bad25121-media-e3c5633d.pdf,uploaded,,2026-04-14T20:45:43.687051+00:00,2026-04-14T21:33:40.089549+00:00
d7c8944630d851e1c4103ce25c3996dd,https://meteoburkina.bf/documents/681/BAD25121.pdf,meteoburkina.bf,raw/pdfs/meteo_burkina/meteoburkina.bf/bad25121-d7c89446.pdf,uploaded,,2026-04-14T20:45:43.687051+00:00,2026-04-14T21:33:35.098482+00:00
7883ecb839369856f7c5fb5c58d3b2e5,https://meteoburkina.bf/documents/680/Bulletin_du_13_D%C3%A9cembre__2025_%C3%A0_12h00.pdf,meteoburkina.bf,raw/pdfs/meteo_burkina/meteoburkina.bf/bulletin-du-13-decembre-2025-a-12h00-7883ecb8.pdf,uploaded,,2026-04-14T20:45:43.687051+00:00,2026-04-14T21:33:31.095015+00:00
77570968b01b1bc12592ea38143b101a,https://meteoburkina.bf/documents/679/Bulletin_du_12_D%C3%A9cembre__2025_%C3%A0_12h00.pdf,meteoburkina.bf,raw/pdfs/meteo_burkina/meteoburkina.bf/bulletin-du-12-decembre-2025-a-12h00-77570968.pdf,uploaded,,2026-04-14T20:45:43.687051+00:00,2026-04-14T21:33:29.054749+00:00
562a6deda7cd8a0fce8f8d63be78357a,https://meteoburkina.bf/documents/678/Bulletin_du_11_D%C3%A9cembre__2025_%C3%A0_12h00.pdf,meteoburkina.bf,raw/pdfs/meteo_burkina/meteoburkina.bf/bulletin-du-11-decembre-2025-a-12h00-562a6ded.pdf,uploaded,,2026-04-14T20:45:43.687051+00:00,2026-04-14T21:33:26.930977+00:00
3a8227487b220bce01442a401dd316bb,https://meteoburkina.bf/documents/677/Bulletin_du_10_D%C3%A9cembre__2025_%C3%A0_12h00.pdf,meteoburkina.bf,raw/pdfs/meteo_burkina/meteoburkina.bf/bulletin-du-10-decembre-2025-a-12h00-3a822748.pdf,uploaded,,2026-04-14T20:45:43.687051+00:00,2026-04-14T21:33:24.749488+00:00
b2b4229df29043e09bf31baf1a5c9bff,https://meteoburkina.bf/documents/676/Bulletin_du_09_D%C3%A9cembre__2025_%C3%A0_12h00.pdf,meteoburkina.bf,raw/pdfs/meteo_burkina/meteoburkina.bf/bulletin-du-09-decembre-2025-a-12h00-b2b4229d.pdf,uploaded,,2026-04-14T20:45:43.687051+00:00,2026-04-14T21:33:22.508770+00:00
a69a5e9c163bea81cce7f7d4a773fbe6,https://meteoburkina.bf/documents/675/Bulletin_du_08_D%C3%A9cembre__2025_%C3%A0_12h00.pdf,meteoburkina.bf,raw/pdfs/meteo_burkina/meteoburkina.bf/bulletin-du-08-decembre-2025-a-12h00-a69a5e9c.pdf,uploaded,,2026-04-14T20:45:43.687051+00:00,2026-04-14T21:33:20.331151+00:00
e6a954abf47f95b671e9dcabd0b9ea71,https://meteoburkina.bf/documents/674/Bulletin_du_07_D%C3%A9cembre__2025_%C3%A0_18h00_kDP4jKL.pdf,meteoburkina.bf,raw/pdfs/meteo_burkina/meteoburkina.bf/bulletin-du-07-decembre-2025-a-18h00-kdp4jkl-e6a954ab.pdf,uploaded,,2026-04-14T20:45:43.687051+00:00,2026-04-14T21:33:18.253487+00:00
c358176c7f095022d5bb0f1fd46094bb,https://meteoburkina.bf/documents/671/BAD25113.pdf,meteoburkina.bf,raw/pdfs/meteo_burkina/meteoburkina.bf/bad25113-c358176c.pdf,uploaded,,2026-04-14T20:45:43.687051+00:00,2026-04-14T21:33:16.233717+00:00
911e029f51bea798849e53f72678a8e9,https://meteoburkina.bf/documents/670/Bulletin_du_29_Novembre__2025_%C3%A0_12h00.pdf,meteoburkina.bf,raw/pdfs/meteo_burkina/meteoburkina.bf/bulletin-du-29-novembre-2025-a-12h00-911e029f.pdf,uploaded,,2026-04-14T20:45:43.687051+00:00,2026-04-14T21:33:11.430439+00:00
ff05fefd964d4947fee9b62d40e234a2,https://meteoburkina.bf/documents/669/BAD_s%C3%A8che_2025_11_2.pdf,meteoburkina.bf,raw/pdfs/meteo_burkina/meteoburkina.bf/bad-seche-2025-11-2-ff05fefd.pdf,uploaded,,2026-04-14T20:45:43.687051+00:00,2026-04-14T21:33:09.097270+00:00
e3c9b64bb6740b86934db1f3d7a1f980,https://meteoburkina.bf/documents/668/BAD25112_m%C3%A9dia.pdf,meteoburkina.bf,raw/pdfs/meteo_burkina/meteoburkina.bf/bad25112-media-e3c9b64b.pdf,uploaded,,2026-04-14T20:45:43.687051+00:00,2026-04-14T21:33:04.588770+00:00
2b2faa736f49440c740e387f2d861b39,https://meteoburkina.bf/documents/667/BAD25111_media.pdf,meteoburkina.bf,raw/pdfs/meteo_burkina/meteoburkina.bf/bad25111-media-2b2faa73.pdf,uploaded,,2026-04-14T20:45:43.687051+00:00,2026-04-14T21:32:59.884198+00:00
3a8da9fc5f4b0d1a48c96881219ca138,https://meteoburkina.bf/documents/666/BAD25103_media.pdf,meteoburkina.bf,raw/pdfs/meteo_burkina/meteoburkina.bf/bad25103-media-3a8da9fc.pdf,uploaded,,2026-04-14T20:45:43.687051+00:00,2026-04-14T21:32:55.145244+00:00
ae279a8d1ab12cc89da3830c7cc3c4a3,https://meteoburkina.bf/documents/665/Bulletin_du_22_Novembre__2025_%C3%A0_12h00.pdf,meteoburkina.bf,raw/pdfs/meteo_burkina/meteoburkina.bf/bulletin-du-22-novembre-2025-a-12h00-ae279a8d.pdf,uploaded,,2026-04-14T20:45:43.687051+00:00,2026-04-14T21:32:52.819752+00:00
83378eaa6b9a85a357b77e70e3619fdb,https://meteoburkina.bf/documents/664/Bulletin_du_21_Novembre__2025_%C3%A0_12h00.pdf,meteoburkina.bf,raw/pdfs/meteo_burkina/meteoburkina.bf/bulletin-du-21-novembre-2025-a-12h00-83378eaa.pdf,uploaded,,2026-04-14T20:45:43.687051+00:00,2026-04-14T21:32:50.671084+00:00
540f928bdd9d700aac6281d40703e5f3,https://meteoburkina.bf/documents/662/Bulletin_du_16_Novembre__2025_%C3%A0_18h00.pdf,meteoburkina.bf,raw/pdfs/meteo_burkina/meteoburkina.bf/bulletin-du-16-novembre-2025-a-18h00-540f928b.pdf,uploaded,,2026-04-14T20:45:43.687051+00:00,2026-04-14T21:32:48.601293+00:00
e6a9c8ca35ae507e57dfda7386ec7ee6,https://meteoburkina.bf/documents/660/BAD25111.pdf,meteoburkina.bf,raw/pdfs/meteo_burkina/meteoburkina.bf/bad25111-e6a9c8ca.pdf,uploaded,,2026-04-14T20:45:43.687051+00:00,2026-04-14T21:32:46.522742+00:00
f92ee2b6d3587a6af5917b8ff0635b83,https://meteoburkina.bf/documents/659/Bulletin_du_11_Novembre__2025_%C3%A0_12h00.pdf,meteoburkina.bf,raw/pdfs/meteo_burkina/meteoburkina.bf/bulletin-du-11-novembre-2025-a-12h00-f92ee2b6.pdf,uploaded,,2026-04-14T20:45:43.687051+00:00,2026-04-14T21:32:42.508996+00:00
d766141b75b13f38bdd6384d58ebdad6,https://meteoburkina.bf/documents/658/Bulletin_du_08_Novembre__2025_%C3%A0_12h00.pdf,meteoburkina.bf,raw/pdfs/meteo_burkina/meteoburkina.bf/bulletin-du-08-novembre-2025-a-12h00-d766141b.pdf,uploaded,,2026-04-14T20:45:43.687051+00:00,2026-04-14T21:32:40.063818+00:00
45dabe6f60ec34113905f705936d061c,https://meteoburkina.bf/documents/657/BAD25103.pdf,meteoburkina.bf,raw/pdfs/meteo_burkina/meteoburkina.bf/bad25103-45dabe6f.pdf,uploaded,,2026-04-14T20:45:43.687051+00:00,2026-04-14T21:32:37.708465+00:00
db963205a0f5103ead51cfa85e1b169a,https://meteoburkina.bf/documents/656/Bulletin_du_29_Octobre__2025_%C3%A0_18h00.pdf,meteoburkina.bf,raw/pdfs/meteo_burkina/meteoburkina.bf/bulletin-du-29-octobre-2025-a-18h00-db963205.pdf,uploaded,,2026-04-14T20:45:43.687051+00:00,2026-04-14T21:32:33.116509+00:00
2145ed93aa9f7f290115937e87f4380d,https://meteoburkina.bf/documents/655/Bulletin_du_30_Octobre__2025_%C3%A0_12h00.pdf,meteoburkina.bf,raw/pdfs/meteo_burkina/meteoburkina.bf/bulletin-du-30-octobre-2025-a-12h00-2145ed93.pdf,uploaded,,2026-04-14T20:45:43.687051+00:00,2026-04-14T21:32:30.919211+00:00
b97d1cfeb661f0d338c8087e9f7121ee,https://meteoburkina.bf/documents/654/Bulletin_du_29_Octobre__2025_%C3%A0_12h00.pdf,meteoburkina.bf,raw/pdfs/meteo_burkina/meteoburkina.bf/bulletin-du-29-octobre-2025-a-12h00-b97d1cfe.pdf,uploaded,,2026-04-14T20:45:43.687051+00:00,2026-04-14T21:32:28.531441+00:00
3a04e1c9f457af6a117e54022b3fae5b,https://meteoburkina.bf/documents/653/Bulletin_du_28_Octobre__2025_%C3%A0_18h00.pdf,meteoburkina.bf,raw/pdfs/meteo_burkina/meteoburkina.bf/bulletin-du-28-octobre-2025-a-18h00-3a04e1c9.pdf,uploaded,,2026-04-14T20:45:43.687051+00:00,2026-04-14T21:32:26.018752+00:00
9909e43d183dfd2db8581d010049df56,https://meteoburkina.bf/documents/652/Bulletin_du_28_Octobre__2025_%C3%A0_12h00.pdf,meteoburkina.bf,raw/pdfs/meteo_burkina/meteoburkina.bf/bulletin-du-28-octobre-2025-a-12h00-9909e43d.pdf,uploaded,,2026-04-14T20:45:43.687051+00:00,2026-04-14T21:32:23.671707+00:00
a9f626f714d6453e3dfb4894fa65dabe,https://meteoburkina.bf/documents/650/Bulletin_du_27_Octobre__2025_%C3%A0_18h00.pdf,meteoburkina.bf,raw/pdfs/meteo_burkina/meteoburkina.bf/bulletin-du-27-octobre-2025-a-18h00-a9f626f7.pdf,uploaded,,2026-04-14T20:45:43.687051+00:00,2026-04-14T21:32:21.227955+00:00
358f5f038c3e7a17802e4c7ae7d2948a,https://meteoburkina.bf/documents/649/Bulletin_du_27_Octobre__2025_%C3%A0_12h00.pdf,meteoburkina.bf,raw/pdfs/meteo_burkina/meteoburkina.bf/bulletin-du-27-octobre-2025-a-12h00-358f5f03.pdf,uploaded,,2026-04-14T20:45:43.687051+00:00,2026-04-14T21:32:19.336208+00:00
4693ef8f90fdf7163a9a434df3713c84,https://meteoburkina.bf/documents/648/Bulletin_du_26_Octobre__2025_%C3%A0_18h00.pdf,meteoburkina.bf,raw/pdfs/meteo_burkina/meteoburkina.bf/bulletin-du-26-octobre-2025-a-18h00-4693ef8f.pdf,uploaded,,2026-04-14T20:45:43.687051+00:00,2026-04-14T21:32:17.394089+00:00
e7d0047716af26b5b9dc04c1b818b3e7,https://meteoburkina.bf/documents/647/Bulletin_du_26_Octobre__2025_%C3%A0_12h00.pdf,meteoburkina.bf,raw/pdfs/meteo_burkina/meteoburkina.bf/bulletin-du-26-octobre-2025-a-12h00-e7d00477.pdf,uploaded,,2026-04-14T20:45:43.687051+00:00,2026-04-14T21:32:15.494968+00:00
8fed6db2a395518a4e19845b80a7cb97,https://meteoburkina.bf/documents/646/Bulletin_du_25_Octobre__2025_%C3%A0_18h00.pdf,meteoburkina.bf,raw/pdfs/meteo_burkina/meteoburkina.bf/bulletin-du-25-octobre-2025-a-18h00-8fed6db2.pdf,uploaded,,2026-04-14T20:45:43.687051+00:00,2026-04-14T21:32:13.331421+00:00
fa9515e3335d53cd3cbe13afaba1662e,https://meteoburkina.bf/documents/645/Bulletin_du_24_Octobre__2025_%C3%A0_18h00.pdf,meteoburkina.bf,raw/pdfs/meteo_burkina/meteoburkina.bf/bulletin-du-24-octobre-2025-a-18h00-fa9515e3.pdf,uploaded,,2026-04-14T20:45:43.687051+00:00,2026-04-14T21:32:11.745193+00:00
e312dc90597b53c6ac2f6ec69750cf49,https://meteoburkina.bf/documents/644/Bulletin_du_24_Octobre__2025_%C3%A0_12h00_dMoCm0H.pdf,meteoburkina.bf,raw/pdfs/meteo_burkina/meteoburkina.bf/bulletin-du-24-octobre-2025-a-12h00-dmocm0h-e312dc90.pdf,uploaded,,2026-04-14T20:45:43.687051+00:00,2026-04-14T21:32:09.756218+00:00
8281dba9877e2ba86e2b6f6bcd627d8d,https://meteoburkina.bf/documents/642/Bulletin_du_23_Octobre__2025_%C3%A0_12h00_hl0dnma.pdf,meteoburkina.bf,raw/pdfs/meteo_burkina/meteoburkina.bf/bulletin-du-23-octobre-2025-a-12h00-hl0dnma-8281dba9.pdf,uploaded,,2026-04-14T20:45:43.687051+00:00,2026-04-14T21:32:07.135033+00:00
3e6d6772d489352b0de712206c48f870,https://meteoburkina.bf/documents/641/Bulletin_du_22_Octobre__2025_%C3%A0_18h00.pdf,meteoburkina.bf,raw/pdfs/meteo_burkina/meteoburkina.bf/bulletin-du-22-octobre-2025-a-18h00-3e6d6772.pdf,uploaded,,2026-04-14T20:45:43.687051+00:00,2026-04-14T21:32:04.743437+00:00
5f6715bf8d2502606fd6f9ee736b2562,https://meteoburkina.bf/documents/640/Bulletin_du_22_Octobre__2025_%C3%A0_12h00.pdf,meteoburkina.bf,raw/pdfs/meteo_burkina/meteoburkina.bf/bulletin-du-22-octobre-2025-a-12h00-5f6715bf.pdf,uploaded,,2026-04-14T20:45:43.687051+00:00,2026-04-14T21:32:02.745210+00:00
9b63b3e7b82c80c1a27670fefb402824,https://meteoburkina.bf/documents/639/Bulletin_du_21_Octobre__2025_%C3%A0_18h00.pdf,meteoburkina.bf,raw/pdfs/meteo_burkina/meteoburkina.bf/bulletin-du-21-octobre-2025-a-18h00-9b63b3e7.pdf,uploaded,,2026-04-14T20:45:43.687051+00:00,2026-04-14T21:32:00.379111+00:00
d4722bdefbe9ea227b73d502d6e899fb,https://meteoburkina.bf/documents/638/Bulletin_du_21_Octobre__2025_%C3%A0_12h00.pdf,meteoburkina.bf,raw/pdfs/meteo_burkina/meteoburkina.bf/bulletin-du-21-octobre-2025-a-12h00-d4722bde.pdf,uploaded,,2026-04-14T20:45:43.687051+00:00,2026-04-14T21:31:58.473743+00:00
3bfd3b8a17f215e2c292204d676f1339,https://meteoburkina.bf/documents/637/Bulletin_du_25_Octobre__2025_%C3%A0_12h00.pdf,meteoburkina.bf,raw/pdfs/meteo_burkina/meteoburkina.bf/bulletin-du-25-octobre-2025-a-12h00-3bfd3b8a.pdf,uploaded,,2026-04-14T20:45:43.687051+00:00,2026-04-14T21:31:56.240517+00:00
5a015c701f3f6d4be61b44b0c91780fc,https://meteoburkina.bf/documents/635/BAD25102_media.pdf,meteoburkina.bf,raw/pdfs/meteo_burkina/meteoburkina.bf/bad25102-media-5a015c70.pdf,uploaded,,2026-04-14T20:45:43.687051+00:00,2026-04-14T21:31:53.998999+00:00
0cdd4e72768271d0292592d7d0aa3569,https://meteoburkina.bf/documents/634/BAD25102.pdf,meteoburkina.bf,raw/pdfs/meteo_burkina/meteoburkina.bf/bad25102-0cdd4e72.pdf,uploaded,,2026-04-14T20:45:43.687051+00:00,2026-04-14T21:31:52.071544+00:00
d11d3c060211991e060389e57e042c43,https://meteoburkina.bf/documents/631/Bulletin_du_19_Octobre__2025_%C3%A0_18h00.pdf,meteoburkina.bf,raw/pdfs/meteo_burkina/meteoburkina.bf/bulletin-du-19-octobre-2025-a-18h00-d11d3c06.pdf,uploaded,,2026-04-14T20:45:43.687051+00:00,2026-04-14T21:31:48.281098+00:00
a2dfb641ea7cdae1040e4df6539e6970,https://meteoburkina.bf/documents/630/Bulletin_du_19_Octobre__2025_%C3%A0_12h00.pdf,meteoburkina.bf,raw/pdfs/meteo_burkina/meteoburkina.bf/bulletin-du-19-octobre-2025-a-12h00-a2dfb641.pdf,uploaded,,2026-04-14T20:45:43.687051+00:00,2026-04-14T21:31:46.584530+00:00
aa63b0ebe8674690569f221c1ec0a750,https://meteoburkina.bf/documents/629/Bulletin_du_18_Octobre__2025_%C3%A0_18h00.pdf,meteoburkina.bf,raw/pdfs/meteo_burkina/meteoburkina.bf/bulletin-du-18-octobre-2025-a-18h00-aa63b0eb.pdf,uploaded,,2026-04-14T20:45:43.687051+00:00,2026-04-14T21:31:44.669561+00:00
8cfe9181d1a8a3d6580ac302715a2ffe,https://meteoburkina.bf/documents/628/Bulletin_du_18_Octobre__2025_%C3%A0_12h00_1x0x27O.pdf,meteoburkina.bf,raw/pdfs/meteo_burkina/meteoburkina.bf/bulletin-du-18-octobre-2025-a-12h00-1x0x27o-8cfe9181.pdf,uploaded,,2026-04-14T20:45:43.687051+00:00,2026-04-14T21:31:42.990299+00:00
3fd0e45788c3550972f00e66d6e616d0,https://meteoburkina.bf/documents/627/Bulletin_du_17_Octobre__2025_%C3%A0_18h00.pdf,meteoburkina.bf,raw/pdfs/meteo_burkina/meteoburkina.bf/bulletin-du-17-octobre-2025-a-18h00-3fd0e457.pdf,uploaded,,2026-04-14T20:45:43.687051+00:00,2026-04-14T21:31:40.936008+00:00
c0cbd3e2a954af76aff2eeed0a3dd5da,https://meteoburkina.bf/documents/626/Bulletin_du_17_Octobre__2025_%C3%A0_12h00.pdf,meteoburkina.bf,raw/pdfs/meteo_burkina/meteoburkina.bf/bulletin-du-17-octobre-2025-a-12h00-c0cbd3e2.pdf,uploaded,,2026-04-14T20:45:43.687051+00:00,2026-04-14T21:31:38.807513+00:00
04367e1087a4166cdd12655c1a42a390,https://meteoburkina.bf/documents/625/Bulletin_du_16_Octobre__2025_%C3%A0_18h00.pdf,meteoburkina.bf,raw/pdfs/meteo_burkina/meteoburkina.bf/bulletin-du-16-octobre-2025-a-18h00-04367e10.pdf,uploaded,,2026-04-14T20:45:43.687051+00:00,2026-04-14T21:31:36.447280+00:00
1c018968a5ac353d7f8ea8db1c79ca0a,https://meteoburkina.bf/documents/624/Bulletin_m%C3%A9t%C3%A9orologique_hebdomadaire_du_20_au_26_octobre_2025.pdf,meteoburkina.bf,raw/pdfs/meteo_burkina/meteoburkina.bf/bulletin-meteorologique-hebdomadaire-du-20-au-26-octobre-2025-1c018968.pdf,uploaded,,2026-04-14T20:45:43.687051+00:00,2026-04-14T21:31:34.325708+00:00
989049e6755d8a186cb7cc1351d63f08,https://meteoburkina.bf/documents/623/Bulletin_du_20_Octobre__2025_%C3%A0_12h00.pdf,meteoburkina.bf,raw/pdfs/meteo_burkina/meteoburkina.bf/bulletin-du-20-octobre-2025-a-12h00-989049e6.pdf,uploaded,,2026-04-14T20:45:43.687051+00:00,2026-04-14T21:31:27.359667+00:00
e48fdb0e000a1424e1cb1249b8db3af1,https://meteoburkina.bf/documents/621/Bulletin_du_16_Octobre__2025_%C3%A0_12h00.pdf,meteoburkina.bf,raw/pdfs/meteo_burkina/meteoburkina.bf/bulletin-du-16-octobre-2025-a-12h00-e48fdb0e.pdf,uploaded,,2026-04-14T20:45:43.687051+00:00,2026-04-14T21:31:25.097819+00:00
a1f1083b81115f1f0ed10a7fec2f7284,https://meteoburkina.bf/documents/620/Bulletin_du_15_Octobre__2025_%C3%A0_18h00.pdf,meteoburkina.bf,raw/pdfs/meteo_burkina/meteoburkina.bf/bulletin-du-15-octobre-2025-a-18h00-a1f1083b.pdf,uploaded,,2026-04-14T20:45:43.687051+00:00,2026-04-14T21:31:22.454283+00:00
229e495579819f675704c664139166c0,https://meteoburkina.bf/documents/619/Bulletin_du_15_Octobre__2025_%C3%A0_12h00.pdf,meteoburkina.bf,raw/pdfs/meteo_burkina/meteoburkina.bf/bulletin-du-15-octobre-2025-a-12h00-229e4955.pdf,uploaded,,2026-04-14T20:45:43.687051+00:00,2026-04-14T21:31:20.414255+00:00
bd9c254ca0373217f08f34232c560198,https://meteoburkina.bf/documents/618/Bulletin_du_14_Octobre__2025_%C3%A0_18h00.pdf,meteoburkina.bf,raw/pdfs/meteo_burkina/meteoburkina.bf/bulletin-du-14-octobre-2025-a-18h00-bd9c254c.pdf,uploaded,,2026-04-14T20:45:43.687051+00:00,2026-04-14T21:31:17.972497+00:00
69c900ca12e4e8fc32046049a6ca7778,https://meteoburkina.bf/documents/617/Bulletin_du_14_Octobre__2025_%C3%A0_12h00.pdf,meteoburkina.bf,raw/pdfs/meteo_burkina/meteoburkina.bf/bulletin-du-14-octobre-2025-a-12h00-69c900ca.pdf,uploaded,,2026-04-14T20:45:43.687051+00:00,2026-04-14T21:31:15.995750+00:00
e0ba5573852197304f1a1d0f29bfddc3,https://meteoburkina.bf/documents/615/Bulletin_du_13_Octobre__2025_%C3%A0_18h00.pdf,meteoburkina.bf,raw/pdfs/meteo_burkina/meteoburkina.bf/bulletin-du-13-octobre-2025-a-18h00-e0ba5573.pdf,uploaded,,2026-04-14T20:45:43.687051+00:00,2026-04-14T21:31:13.632237+00:00
5c14ca344939642ac2bd694ad54de8b3,https://meteoburkina.bf/documents/614/Bulletin_du_12_Octobre__2025_%C3%A0_18h00.pdf,meteoburkina.bf,raw/pdfs/meteo_burkina/meteoburkina.bf/bulletin-du-12-octobre-2025-a-18h00-5c14ca34.pdf,uploaded,,2026-04-14T20:45:43.687051+00:00,2026-04-14T21:31:11.716073+00:00
26cb289a35f5145c2a3322ffe865fb6b,https://meteoburkina.bf/documents/613/Bulletin_du_12_Octobre__2025_%C3%A0_12h00.pdf,meteoburkina.bf,raw/pdfs/meteo_burkina/meteoburkina.bf/bulletin-du-12-octobre-2025-a-12h00-26cb289a.pdf,uploaded,,2026-04-14T20:45:43.687051+00:00,2026-04-14T21:31:09.617246+00:00
eef76dc5934dab8a3825086ceb9b2141,https://meteoburkina.bf/documents/612/Bulletin_du_11_Octobre__2025_%C3%A0_18h00.pdf,meteoburkina.bf,raw/pdfs/meteo_burkina/meteoburkina.bf/bulletin-du-11-octobre-2025-a-18h00-eef76dc5.pdf,uploaded,,2026-04-14T20:45:43.687051+00:00,2026-04-14T21:31:07.169012+00:00
37c1fae7952e0061f5dc87989ff6f9e8,https://meteoburkina.bf/documents/611/BAD25101_media.pdf,meteoburkina.bf,raw/pdfs/meteo_burkina/meteoburkina.bf/bad25101-media-37c1fae7.pdf,uploaded,,2026-04-14T20:45:43.687051+00:00,2026-04-14T21:31:04.830258+00:00
710c6501272f0f3e2cbe08707e985291,https://meteoburkina.bf/documents/610/BAD25101.pdf,meteoburkina.bf,raw/pdfs/meteo_burkina/meteoburkina.bf/bad25101-710c6501.pdf,uploaded,,2026-04-14T20:45:43.687051+00:00,2026-04-14T21:31:02.743012+00:00
b2c5be4e365447662ead2e2b1159f76e,https://meteoburkina.bf/documents/61/BAD23022.pdf,meteoburkina.bf,raw/pdfs/meteo_burkina/meteoburkina.bf/bad23022-b2c5be4e.pdf,uploaded,,2026-04-14T20:45:43.687051+00:00,2026-04-14T21:30:57.716987+00:00
2247ac0bf8d1ac4660aa9fc0fc118e23,https://meteoburkina.bf/documents/609/Bulletin_du_13_Octobre__2025_%C3%A0_12h00.pdf,meteoburkina.bf,raw/pdfs/meteo_burkina/meteoburkina.bf/bulletin-du-13-octobre-2025-a-12h00-2247ac0b.pdf,uploaded,,2026-04-14T20:45:43.687051+00:00,2026-04-14T21:30:37.567971+00:00
5951d9ac2e5aaf586dfccc69b0942f13,https://meteoburkina.bf/documents/607/Bulletin_du_10_Octobre__2025_%C3%A0_18h00.pdf,meteoburkina.bf,raw/pdfs/meteo_burkina/meteoburkina.bf/bulletin-du-10-octobre-2025-a-18h00-5951d9ac.pdf,uploaded,,2026-04-14T20:45:43.687051+00:00,2026-04-14T21:30:35.008535+00:00
b246d70c37c0581c643e1bf92fb59b27,https://meteoburkina.bf/documents/606/Bulletin_du_10_Octobre__2025_%C3%A0_12h00.pdf,meteoburkina.bf,raw/pdfs/meteo_burkina/meteoburkina.bf/bulletin-du-10-octobre-2025-a-12h00-b246d70c.pdf,uploaded,,2026-04-14T20:45:43.687051+00:00,2026-04-14T21:30:32.605272+00:00
ca4a25d98382d7609987863b764008c0,https://meteoburkina.bf/documents/605/Bulletin_du_09_Octobre__2025_%C3%A0_18h00.pdf,meteoburkina.bf,raw/pdfs/meteo_burkina/meteoburkina.bf/bulletin-du-09-octobre-2025-a-18h00-ca4a25d9.pdf,uploaded,,2026-04-14T20:45:43.687051+00:00,2026-04-14T21:30:30.218989+00:00
5dd0cf50ea81a6962fc710d5ef10e94f,https://meteoburkina.bf/documents/602/Bulletin_du_09_Octobre__2025_%C3%A0_12h00.pdf,meteoburkina.bf,raw/pdfs/meteo_burkina/meteoburkina.bf/bulletin-du-09-octobre-2025-a-12h00-5dd0cf50.pdf,uploaded,,2026-04-14T20:45:43.687051+00:00,2026-04-14T21:30:28.215042+00:00
fa9cbb4a47994140edc50cea2048b648,https://meteoburkina.bf/documents/601/Bulletin_du_08_Octobre__2025_%C3%A0_18h00.pdf,meteoburkina.bf,raw/pdfs/meteo_burkina/meteoburkina.bf/bulletin-du-08-octobre-2025-a-18h00-fa9cbb4a.pdf,uploaded,,2026-04-14T20:45:43.687051+00:00,2026-04-14T21:30:25.853195+00:00
3c3dccf4fb2a7638a0535bd3aab59e09,https://meteoburkina.bf/documents/600/Bulletin_du_08_Octobre__2025_%C3%A0_12h00.pdf,meteoburkina.bf,raw/pdfs/meteo_burkina/meteoburkina.bf/bulletin-du-08-octobre-2025-a-12h00-3c3dccf4.pdf,uploaded,,2026-04-14T20:45:43.687051+00:00,2026-04-14T21:30:23.710285+00:00
2649fe545622efc3416c982e60d6087e,https://meteoburkina.bf/documents/60/BAD23013.pdf,meteoburkina.bf,raw/pdfs/meteo_burkina/meteoburkina.bf/bad23013-2649fe54.pdf,uploaded,,2026-04-14T20:45:43.687051+00:00,2026-04-14T21:30:21.281095+00:00
1f203d27c222d1dfa659b4233302189f,https://meteoburkina.bf/documents/6/BAD24011.pdf,meteoburkina.bf,raw/pdfs/meteo_burkina/meteoburkina.bf/bad24011-1f203d27.pdf,uploaded,,2026-04-14T20:45:43.687051+00:00,2026-04-14T21:29:59.848993+00:00
15bcf3b569bf5fe0ef96690cb91283f3,https://meteoburkina.bf/documents/597/Bulletin_m%C3%A9t%C3%A9orologique_hebdomadaire_du_06__au_12_octobre_2025.pdf,meteoburkina.bf,raw/pdfs/meteo_burkina/meteoburkina.bf/bulletin-meteorologique-hebdomadaire-du-06-au-12-octobre-2025-15bcf3b5.pdf,uploaded,,2026-04-14T20:45:43.687051+00:00,2026-04-14T21:29:35.455004+00:00
97b671526fc09959d23e29ee33dd80fa,https://meteoburkina.bf/documents/596/Bulletin_du_07_Octobre__2025_%C3%A0_18h00.pdf,meteoburkina.bf,raw/pdfs/meteo_burkina/meteoburkina.bf/bulletin-du-07-octobre-2025-a-18h00-97b67152.pdf,uploaded,,2026-04-14T20:45:43.687051+00:00,2026-04-14T21:29:26.845541+00:00
2d86bc62a0b979db7f5c2275c1eca7a6,https://meteoburkina.bf/documents/595/Bulletin_du_07_Octobre__2025_%C3%A0_12h00.pdf,meteoburkina.bf,raw/pdfs/meteo_burkina/meteoburkina.bf/bulletin-du-07-octobre-2025-a-12h00-2d86bc62.pdf,uploaded,,2026-04-14T20:45:43.687051+00:00,2026-04-14T21:29:24.255471+00:00
11b003e41c69e1f237a6bd5509446717,https://meteoburkina.bf/documents/594/Bulletin_du_06_Octobre__2025_%C3%A0_18h00.pdf,meteoburkina.bf,raw/pdfs/meteo_burkina/meteoburkina.bf/bulletin-du-06-octobre-2025-a-18h00-11b003e4.pdf,uploaded,,2026-04-14T20:45:43.687051+00:00,2026-04-14T21:29:21.532824+00:00
3f75b5fbf5db972b426fc1bfc2895692,https://meteoburkina.bf/documents/592/Bulletin_du_06_Octobre__2025_%C3%A0_12h00_CORRIGES.pdf,meteoburkina.bf,raw/pdfs/meteo_burkina/meteoburkina.bf/bulletin-du-06-octobre-2025-a-12h00-corriges-3f75b5fb.pdf,uploaded,,2026-04-14T20:45:43.687051+00:00,2026-04-14T21:29:19.249981+00:00
34f085fb16d3179f0c0fea5c6b3eab57,https://meteoburkina.bf/documents/591/Bulletin_m%C3%A9t%C3%A9orologique_hebdomadaire_du_29_septembre_au_05_octobre_2025_1.pdf,meteoburkina.bf,raw/pdfs/meteo_burkina/meteoburkina.bf/bulletin-meteorologique-hebdomadaire-du-29-septembre-au-05-octobre-2025-1-34f085fb.pdf,uploaded,,2026-04-14T20:45:43.687051+00:00,2026-04-14T21:29:16.237252+00:00
7f84987281139659081ef9f4afd8b82a,https://meteoburkina.bf/documents/59/BAD23012.pdf,meteoburkina.bf,raw/pdfs/meteo_burkina/meteoburkina.bf/bad23012-7f849872.pdf,uploaded,,2026-04-14T20:45:43.687051+00:00,2026-04-14T21:29:02.504986+00:00
c4ef92c09dada03fe9f48c3fce7474ad,https://meteoburkina.bf/documents/589/Bulletin_du_05_Octobre__2025_%C3%A0_12h00.pdf,meteoburkina.bf,raw/pdfs/meteo_burkina/meteoburkina.bf/bulletin-du-05-octobre-2025-a-12h00-c4ef92c0.pdf,uploaded,,2026-04-14T20:45:43.687051+00:00,2026-04-14T21:28:38.591012+00:00
62cf5ce52c32ce27bbcd1f279207fbdb,https://meteoburkina.bf/documents/588/Bulletin_du_04_Octobre__2025_%C3%A0_18h00.pdf,meteoburkina.bf,raw/pdfs/meteo_burkina/meteoburkina.bf/bulletin-du-04-octobre-2025-a-18h00-62cf5ce5.pdf,uploaded,,2026-04-14T20:45:43.687051+00:00,2026-04-14T21:28:35.813214+00:00
0985de9fdda7148fd6ab5b26b44f7aa6,https://meteoburkina.bf/documents/587/Bulletin_du_04_Octobre__2025_%C3%A0_12h00.pdf,meteoburkina.bf,raw/pdfs/meteo_burkina/meteoburkina.bf/bulletin-du-04-octobre-2025-a-12h00-0985de9f.pdf,uploaded,,2026-04-14T20:45:43.687051+00:00,2026-04-14T21:28:33.439775+00:00
b0cf1544a11529068e93c40f9a4e397c,https://meteoburkina.bf/documents/586/Bulletin_du_03_Octobre__2025_%C3%A0_18h00.pdf,meteoburkina.bf,raw/pdfs/meteo_burkina/meteoburkina.bf/bulletin-du-03-octobre-2025-a-18h00-b0cf1544.pdf,uploaded,,2026-04-14T20:45:43.687051+00:00,2026-04-14T21:28:31.035773+00:00
a9558d6b6180be5c1d6289501db93102,https://meteoburkina.bf/documents/585/Bulletin_du_03_Octobre__2025_%C3%A0_12h00.pdf,meteoburkina.bf,raw/pdfs/meteo_burkina/meteoburkina.bf/bulletin-du-03-octobre-2025-a-12h00-a9558d6b.pdf,uploaded,,2026-04-14T20:45:43.687051+00:00,2026-04-14T21:28:29.013011+00:00
ada31590d41ea118b8ae112fef614371,https://meteoburkina.bf/documents/583/Bulletin_du_02_Octobre__2025_%C3%A0_12h00.pdf,meteoburkina.bf,raw/pdfs/meteo_burkina/meteoburkina.bf/bulletin-du-02-octobre-2025-a-12h00-ada31590.pdf,uploaded,,2026-04-14T20:45:43.687051+00:00,2026-04-14T21:28:26.567760+00:00
e5144a9f8d988c07a5ae7f7c8c7aa258,https://meteoburkina.bf/documents/582/BAD25091_media.pdf,meteoburkina.bf,raw/pdfs/meteo_burkina/meteoburkina.bf/bad25091-media-e5144a9f.pdf,uploaded,,2026-04-14T20:45:43.687051+00:00,2026-04-14T21:28:23.971796+00:00
855c818551ffe3292d7adb211fcadaea,https://meteoburkina.bf/documents/581/BAD25093_m%C3%A9dia.pdf,meteoburkina.bf,raw/pdfs/meteo_burkina/meteoburkina.bf/bad25093-media-855c8185.pdf,uploaded,,2026-04-14T20:45:43.687051+00:00,2026-04-14T21:28:21.667013+00:00
c7d16f390c72f8e462a4f303bb9ac3d8,https://meteoburkina.bf/documents/580/BAD25093.pdf,meteoburkina.bf,raw/pdfs/meteo_burkina/meteoburkina.bf/bad25093-c7d16f39.pdf,uploaded,,2026-04-14T20:45:43.687051+00:00,2026-04-14T21:28:18.957114+00:00
1403e480d8aab411b2f26d7fd365c370,https://meteoburkina.bf/documents/58/bad23011.pdf,meteoburkina.bf,raw/pdfs/meteo_burkina/meteoburkina.bf/bad23011-1403e480.pdf,uploaded,,2026-04-14T20:45:43.687051+00:00,2026-04-14T21:28:13.133539+00:00
c4c8e884a579e34b88caa28cecedbe4d,https://meteoburkina.bf/documents/579/Bulletin_du_1er_Octobre__2025_%C3%A0_18h00.pdf,meteoburkina.bf,raw/pdfs/meteo_burkina/meteoburkina.bf/bulletin-du-1er-octobre-2025-a-18h00-c4c8e884.pdf,uploaded,,2026-04-14T20:45:43.687051+00:00,2026-04-14T21:27:43.166755+00:00
23dbbcf3e94b47492ed27130af37eb33,https://meteoburkina.bf/documents/578/Bulletin_du_1er_Octobre__2025_%C3%A0_12h00.pdf,meteoburkina.bf,raw/pdfs/meteo_burkina/meteoburkina.bf/bulletin-du-1er-octobre-2025-a-12h00-23dbbcf3.pdf,uploaded,,2026-04-14T20:45:43.687051+00:00,2026-04-14T21:27:40.511014+00:00
0a6003accfaf1119c5a931ddc9690b56,https://meteoburkina.bf/documents/577/Bulletin_du_30__Septembre__2025_%C3%A0_18h00.pdf,meteoburkina.bf,raw/pdfs/meteo_burkina/meteoburkina.bf/bulletin-du-30-septembre-2025-a-18h00-0a6003ac.pdf,uploaded,,2026-04-14T20:45:43.687051+00:00,2026-04-14T21:27:37.367751+00:00
544619612537929fe747fcbfad7c8302,https://meteoburkina.bf/documents/576/Bulletin_du_30_Septembre__2025_%C3%A0_12h00.pdf,meteoburkina.bf,raw/pdfs/meteo_burkina/meteoburkina.bf/bulletin-du-30-septembre-2025-a-12h00-54461961.pdf,uploaded,,2026-04-14T20:45:43.687051+00:00,2026-04-14T21:27:34.993273+00:00
46aad17be3f4241cda5caf5c3c10924e,https://meteoburkina.bf/documents/575/Bulletin_du_29__Septembre__2025_%C3%A0_18h00.pdf,meteoburkina.bf,raw/pdfs/meteo_burkina/meteoburkina.bf/bulletin-du-29-septembre-2025-a-18h00-46aad17b.pdf,uploaded,,2026-04-14T20:45:43.687051+00:00,2026-04-14T21:27:31.907024+00:00
b63c162a018ef718ab452583aca14700,https://meteoburkina.bf/documents/574/Bulletin_du_29_Septembre__2025_%C3%A0_12h00.pdf,meteoburkina.bf,raw/pdfs/meteo_burkina/meteoburkina.bf/bulletin-du-29-septembre-2025-a-12h00-b63c162a.pdf,uploaded,,2026-04-14T20:45:43.687051+00:00,2026-04-14T21:27:29.890761+00:00
f1dc51a49abcdf5845b1e7e55335302c,https://meteoburkina.bf/documents/573/Bulletin_du_28__Septembre__2025_%C3%A0_18h00.pdf,meteoburkina.bf,raw/pdfs/meteo_burkina/meteoburkina.bf/bulletin-du-28-septembre-2025-a-18h00-f1dc51a4.pdf,uploaded,,2026-04-14T20:45:43.687051+00:00,2026-04-14T21:27:27.120027+00:00
214f8bc61dea91a7bdb14befdad839d2,https://meteoburkina.bf/documents/572/Bulletin_du_28_Septembre__2025_%C3%A0_12h00_a800Ujv.pdf,meteoburkina.bf,raw/pdfs/meteo_burkina/meteoburkina.bf/bulletin-du-28-septembre-2025-a-12h00-a800ujv-214f8bc6.pdf,uploaded,,2026-04-14T20:45:43.687051+00:00,2026-04-14T21:27:24.828032+00:00
086f2941e69d5c543006d49e3e43243e,https://meteoburkina.bf/documents/57/Bad23073_atGVG9c.pdf,meteoburkina.bf,raw/pdfs/meteo_burkina/meteoburkina.bf/bad23073-atgvg9c-086f2941.pdf,uploaded,,2026-04-14T20:45:43.687051+00:00,2026-04-14T21:27:21.715156+00:00
887eaaa4077aad86fe3899e58b2a0b2f,https://meteoburkina.bf/documents/567/Bulletin_du_27__Septembre__2025_%C3%A0_18h00.pdf,meteoburkina.bf,raw/pdfs/meteo_burkina/meteoburkina.bf/bulletin-du-27-septembre-2025-a-18h00-887eaaa4.pdf,uploaded,,2026-04-14T20:45:43.687051+00:00,2026-04-14T21:26:48.887747+00:00
a8971b3c65ed2dce6ce1c5f7912f8432,https://meteoburkina.bf/documents/566/Bulletin_du_27_Septembre__2025_%C3%A0_12h00_RcUNYfS.pdf,meteoburkina.bf,raw/pdfs/meteo_burkina/meteoburkina.bf/bulletin-du-27-septembre-2025-a-12h00-rcunyfs-a8971b3c.pdf,uploaded,,2026-04-14T20:45:43.687051+00:00,2026-04-14T21:26:45.332504+00:00
a9e4e163fc5dc1d09a13f326f5f44750,https://meteoburkina.bf/documents/563/Bulletin_du_26_Septembre__2025_%C3%A0_12h00.pdf,meteoburkina.bf,raw/pdfs/meteo_burkina/meteoburkina.bf/bulletin-du-26-septembre-2025-a-12h00-a9e4e163.pdf,uploaded,,2026-04-14T20:45:43.687051+00:00,2026-04-14T21:26:39.626280+00:00
5799ea4b7adf4ec3c0c20fd39b071425,https://meteoburkina.bf/documents/562/Bulletin_du_25__Septembre__2025_%C3%A0_18h00.pdf,meteoburkina.bf,raw/pdfs/meteo_burkina/meteoburkina.bf/bulletin-du-25-septembre-2025-a-18h00-5799ea4b.pdf,uploaded,,2026-04-14T20:45:43.687051+00:00,2026-04-14T21:26:36.802996+00:00
dc79edf970830976a2cf6dc19a54adf0,https://meteoburkina.bf/documents/561/Bulletin_du_25_Septembre__2025_%C3%A0_12h00.pdf,meteoburkina.bf,raw/pdfs/meteo_burkina/meteoburkina.bf/bulletin-du-25-septembre-2025-a-12h00-dc79edf9.pdf,uploaded,,2026-04-14T20:45:43.687051+00:00,2026-04-14T21:26:34.729101+00:00
1d5a16cb7a98f231ad1669d197956876,https://meteoburkina.bf/documents/560/Bulletin_du_24_Septembre__2025_%C3%A0_18h00.pdf,meteoburkina.bf,raw/pdfs/meteo_burkina/meteoburkina.bf/bulletin-du-24-septembre-2025-a-18h00-1d5a16cb.pdf,uploaded,,2026-04-14T20:45:43.687051+00:00,2026-04-14T21:26:32.310826+00:00
b31e9948feab892f9cfc4cd5cdb6622e,https://meteoburkina.bf/documents/559/Bulletin_du_24_Septembre__2025_%C3%A0_12h00.pdf,meteoburkina.bf,raw/pdfs/meteo_burkina/meteoburkina.bf/bulletin-du-24-septembre-2025-a-12h00-b31e9948.pdf,uploaded,,2026-04-14T20:45:43.687051+00:00,2026-04-14T21:26:29.858052+00:00
f959f521949c5f1ee9dd5bea27fe6dff,https://meteoburkina.bf/documents/558/Bulletin_du_23_Septembre__2025_%C3%A0_18h00.pdf,meteoburkina.bf,raw/pdfs/meteo_burkina/meteoburkina.bf/bulletin-du-23-septembre-2025-a-18h00-f959f521.pdf,uploaded,,2026-04-14T20:45:43.687051+00:00,2026-04-14T21:26:26.875250+00:00
8aa7ce4d5ab205efd13cb3d9f11e3b0d,https://meteoburkina.bf/documents/557/BAD25092_m%C3%A9dia.pdf,meteoburkina.bf,raw/pdfs/meteo_burkina/meteoburkina.bf/bad25092-media-8aa7ce4d.pdf,uploaded,,2026-04-14T20:45:43.687051+00:00,2026-04-14T21:26:24.952732+00:00
be3993387d1e8053702a07db29634eb8,https://meteoburkina.bf/documents/556/BAD25092.pdf,meteoburkina.bf,raw/pdfs/meteo_burkina/meteoburkina.bf/bad25092-be399338.pdf,uploaded,,2026-04-14T20:45:43.687051+00:00,2026-04-14T21:26:22.565521+00:00
bf7ef030f1d527cced84ad80ac0755ab,https://meteoburkina.bf/documents/555/Bulletin_du_23_Septembre__2025_%C3%A0_12h00.pdf,meteoburkina.bf,raw/pdfs/meteo_burkina/meteoburkina.bf/bulletin-du-23-septembre-2025-a-12h00-bf7ef030.pdf,uploaded,,2026-04-14T20:45:43.687051+00:00,2026-04-14T21:26:15.897503+00:00
381eed005783caef180ce270a3fcb1bd,https://meteoburkina.bf/documents/554/Bulletin_m%C3%A9t%C3%A9orologique_hebdomadaire_du_22_au_28_septembre_2025.pdf,meteoburkina.bf,raw/pdfs/meteo_burkina/meteoburkina.bf/bulletin-meteorologique-hebdomadaire-du-22-au-28-septembre-2025-381eed00.pdf,uploaded,,2026-04-14T20:45:43.687051+00:00,2026-04-14T21:26:12.642372+00:00
47f1f15e4775914ab432ad88d55b5016,https://meteoburkina.bf/documents/553/Bulletin_m%C3%A9t%C3%A9orologique_hebdomadaire_du_15_au_21_Septembre_2025.pdf,meteoburkina.bf,raw/pdfs/meteo_burkina/meteoburkina.bf/bulletin-meteorologique-hebdomadaire-du-15-au-21-septembre-2025-47f1f15e.pdf,uploaded,,2026-04-14T20:45:43.687051+00:00,2026-04-14T21:25:57.915805+00:00
f0f7fec4f7fc0019dc62274d5201abca,https://meteoburkina.bf/documents/552/Bulletin_m%C3%A9t%C3%A9orologique_hebdomadaire_du_08_au_14_septembre_2025.pdf,meteoburkina.bf,raw/pdfs/meteo_burkina/meteoburkina.bf/bulletin-meteorologique-hebdomadaire-du-08-au-14-septembre-2025-f0f7fec4.pdf,uploaded,,2026-04-14T20:45:43.687051+00:00,2026-04-14T21:25:46.011818+00:00
508db9ba349fae5cc534822e49882c56,https://meteoburkina.bf/documents/551/Bulletin_du_22_Septembre__2025_%C3%A0_18h00.pdf,meteoburkina.bf,raw/pdfs/meteo_burkina/meteoburkina.bf/bulletin-du-22-septembre-2025-a-18h00-508db9ba.pdf,uploaded,,2026-04-14T20:45:43.687051+00:00,2026-04-14T21:25:35.464124+00:00
67b6508fb8468db4a284622225c15c79,https://meteoburkina.bf/documents/550/Bulletin_du_21_Septembre__2025_%C3%A0_18h00.pdf,meteoburkina.bf,raw/pdfs/meteo_burkina/meteoburkina.bf/bulletin-du-21-septembre-2025-a-18h00-67b6508f.pdf,uploaded,,2026-04-14T20:45:43.687051+00:00,2026-04-14T21:25:33.042072+00:00
6bcb1847344f547affc581096d8e8ad7,https://meteoburkina.bf/documents/549/Bulletin_du_21_Septembre__2025_%C3%A0_12h00.pdf,meteoburkina.bf,raw/pdfs/meteo_burkina/meteoburkina.bf/bulletin-du-21-septembre-2025-a-12h00-6bcb1847.pdf,uploaded,,2026-04-14T20:45:43.687051+00:00,2026-04-14T21:25:30.418805+00:00
00a8d0b53025bdf4e5994ec742cab032,https://meteoburkina.bf/documents/547/Bulletin_du_22_Septembre__2025_%C3%A0_12h00.pdf,meteoburkina.bf,raw/pdfs/meteo_burkina/meteoburkina.bf/bulletin-du-22-septembre-2025-a-12h00-00a8d0b5.pdf,uploaded,,2026-04-14T20:45:43.687051+00:00,2026-04-14T21:25:27.141549+00:00
30ab00450dce1bb8d6a502d8d61562a3,https://meteoburkina.bf/documents/546/Bulletin_du_20_Septembre__2025_%C3%A0_12h00.pdf,meteoburkina.bf,raw/pdfs/meteo_burkina/meteoburkina.bf/bulletin-du-20-septembre-2025-a-12h00-30ab0045.pdf,uploaded,,2026-04-14T20:45:43.687051+00:00,2026-04-14T21:25:23.555058+00:00
c9723860588060686a04309cd85a435c,https://meteoburkina.bf/documents/545/Bulletin_du_19_Septembre__2025_%C3%A0_18h00.pdf,meteoburkina.bf,raw/pdfs/meteo_burkina/meteoburkina.bf/bulletin-du-19-septembre-2025-a-18h00-c9723860.pdf,uploaded,,2026-04-14T20:45:43.687051+00:00,2026-04-14T21:25:19.289551+00:00
7a1c1de77836d2bd7fe93b17a7070a4e,https://meteoburkina.bf/documents/544/Bulletin_du_19_Septembre__2025_%C3%A0_12h00.pdf,meteoburkina.bf,raw/pdfs/meteo_burkina/meteoburkina.bf/bulletin-du-19-septembre-2025-a-12h00-7a1c1de7.pdf,uploaded,,2026-04-14T20:45:43.687051+00:00,2026-04-14T21:25:16.026835+00:00
fd4d7e28e7d92db88a18be7e6e3c3ef4,https://meteoburkina.bf/documents/543/Bulletin_du_18_Septembre__2025_%C3%A0_18h00.pdf,meteoburkina.bf,raw/pdfs/meteo_burkina/meteoburkina.bf/bulletin-du-18-septembre-2025-a-18h00-fd4d7e28.pdf,uploaded,,2026-04-14T20:45:43.687051+00:00,2026-04-14T21:25:11.819577+00:00
8819663ff7196653cfc6d74f9ee7e3b1,https://meteoburkina.bf/documents/542/Bulletin_du_18_Septembre__2025_%C3%A0_12h00.pdf,meteoburkina.bf,raw/pdfs/meteo_burkina/meteoburkina.bf/bulletin-du-18-septembre-2025-a-12h00-8819663f.pdf,uploaded,,2026-04-14T20:45:43.687051+00:00,2026-04-14T21:25:08.827401+00:00
48da00e4dcb10a4105617f10e291d546,https://meteoburkina.bf/documents/540/Bulletin_du_17_Septembre__2025_%C3%A0_12h00.pdf,meteoburkina.bf,raw/pdfs/meteo_burkina/meteoburkina.bf/bulletin-du-17-septembre-2025-a-12h00-48da00e4.pdf,uploaded,,2026-04-14T20:45:43.687051+00:00,2026-04-14T21:25:02.797956+00:00
23a2d87d2b8a9d1b9c61d90c384f72d2,https://meteoburkina.bf/documents/539/Bulletin_aout_2025.pdf,meteoburkina.bf,raw/pdfs/meteo_burkina/meteoburkina.bf/bulletin-aout-2025-23a2d87d.pdf,uploaded,,2026-04-14T20:45:43.687051+00:00,2026-04-14T21:25:00.228520+00:00
52b5114d5b90faa3ce9dfeb3fc81c084,https://meteoburkina.bf/documents/538/Bulletin_du_16_Septembre__2025_%C3%A0_18h00.pdf,meteoburkina.bf,raw/pdfs/meteo_burkina/meteoburkina.bf/bulletin-du-16-septembre-2025-a-18h00-52b5114d.pdf,uploaded,,2026-04-14T20:45:43.687051+00:00,2026-04-14T21:24:43.942684+00:00
c9b8b86b01ed50383a335f1ee810c42f,https://meteoburkina.bf/documents/537/Bulletin_du_16_Septembre__2025_%C3%A0_12h00.pdf,meteoburkina.bf,raw/pdfs/meteo_burkina/meteoburkina.bf/bulletin-du-16-septembre-2025-a-12h00-c9b8b86b.pdf,uploaded,,2026-04-14T20:45:43.687051+00:00,2026-04-14T21:24:41.803274+00:00
ecf94b90d95bd7db07a6ecdd584bff97,https://meteoburkina.bf/documents/536/Bulletin_du_15_Septembre__2025_%C3%A0_18h00.pdf,meteoburkina.bf,raw/pdfs/meteo_burkina/meteoburkina.bf/bulletin-du-15-septembre-2025-a-18h00-ecf94b90.pdf,uploaded,,2026-04-14T20:45:43.687051+00:00,2026-04-14T21:24:39.494800+00:00
e0bbcbf3e8d158cc7227fef061a4b8b1,https://meteoburkina.bf/documents/535/Bulletin_du_15_Septembre__2025_%C3%A0_12h00.pdf,meteoburkina.bf,raw/pdfs/meteo_burkina/meteoburkina.bf/bulletin-du-15-septembre-2025-a-12h00-e0bbcbf3.pdf,uploaded,,2026-04-14T20:45:43.687051+00:00,2026-04-14T21:24:37.564106+00:00
eae731d783521d18a7a984262fd0d0f7,https://meteoburkina.bf/documents/532/Bulletin_du_14_Septembre__2025_%C3%A0_12h00.pdf,meteoburkina.bf,raw/pdfs/meteo_burkina/meteoburkina.bf/bulletin-du-14-septembre-2025-a-12h00-eae731d7.pdf,uploaded,,2026-04-14T20:45:43.687051+00:00,2026-04-14T21:24:34.786522+00:00
f0fdeb7da9c3f248cf087b9bf0c887fa,https://meteoburkina.bf/documents/531/Bulletin_du_13_Septembre__2025_%C3%A0_18h00.pdf,meteoburkina.bf,raw/pdfs/meteo_burkina/meteoburkina.bf/bulletin-du-13-septembre-2025-a-18h00-f0fdeb7d.pdf,uploaded,,2026-04-14T20:45:43.687051+00:00,2026-04-14T21:24:32.158819+00:00
583a402d6875c7dad252bfd066e8670f,https://meteoburkina.bf/documents/530/Bulletin_du_13_Septembre__2025_%C3%A0_12h00.pdf,meteoburkina.bf,raw/pdfs/meteo_burkina/meteoburkina.bf/bulletin-du-13-septembre-2025-a-12h00-583a402d.pdf,uploaded,,2026-04-14T20:45:43.687051+00:00,2026-04-14T21:24:30.087048+00:00
8b2b4826b6e22e32fb247b964e81221c,https://meteoburkina.bf/documents/53/BAD23123.pdf,meteoburkina.bf,raw/pdfs/meteo_burkina/meteoburkina.bf/bad23123-8b2b4826.pdf,uploaded,,2026-04-14T20:45:43.687051+00:00,2026-04-14T21:24:27.267814+00:00
8d9c35f13230488d396a4463c9083054,https://meteoburkina.bf/documents/529/Bulletin_du_12_Septembre__2025_%C3%A0_18h00.pdf,meteoburkina.bf,raw/pdfs/meteo_burkina/meteoburkina.bf/bulletin-du-12-septembre-2025-a-18h00-8d9c35f1.pdf,uploaded,,2026-04-14T20:45:43.687051+00:00,2026-04-14T21:24:03.383305+00:00
81421afc4a5cf2093373e8f4d4e6e396,https://meteoburkina.bf/documents/528/Bulletin_du_12_Septembre__2025_%C3%A0_12h00.pdf,meteoburkina.bf,raw/pdfs/meteo_burkina/meteoburkina.bf/bulletin-du-12-septembre-2025-a-12h00-81421afc.pdf,uploaded,,2026-04-14T20:45:43.687051+00:00,2026-04-14T21:24:01.293055+00:00
e998a60c9bf9f16d31abf3689962a762,https://meteoburkina.bf/documents/527/Bulletin_du_11_Septembre__2025_%C3%A0_18h00.pdf,meteoburkina.bf,raw/pdfs/meteo_burkina/meteoburkina.bf/bulletin-du-11-septembre-2025-a-18h00-e998a60c.pdf,uploaded,,2026-04-14T20:45:43.687051+00:00,2026-04-14T21:23:58.699275+00:00
bbf0e525c0e3533f576762dfe999fb18,https://meteoburkina.bf/documents/525/Bulletin_du_10_Septembre__2025_%C3%A0_18h00.pdf,meteoburkina.bf,raw/pdfs/meteo_burkina/meteoburkina.bf/bulletin-du-10-septembre-2025-a-18h00-bbf0e525.pdf,uploaded,,2026-04-14T20:45:43.687051+00:00,2026-04-14T21:23:56.567523+00:00
ba56e0c2f61bec1f5042fa14af37f120,https://meteoburkina.bf/documents/524/Bulletin_du_10_Septembre__2025_%C3%A0_12h00.pdf,meteoburkina.bf,raw/pdfs/meteo_burkina/meteoburkina.bf/bulletin-du-10-septembre-2025-a-12h00-ba56e0c2.pdf,uploaded,,2026-04-14T20:45:43.687051+00:00,2026-04-14T21:23:54.566026+00:00
a4872448a2bf1021abe4f7a90fbea9c9,https://meteoburkina.bf/documents/523/BAD25091.pdf,meteoburkina.bf,raw/pdfs/meteo_burkina/meteoburkina.bf/bad25091-a4872448.pdf,uploaded,,2026-04-14T20:45:43.687051+00:00,2026-04-14T21:23:51.646838+00:00
d367189d22a6ca9adf4d4dae2cd54223,https://meteoburkina.bf/documents/522/Bulletin_du_09_Septembre__2025_%C3%A0_18h00.pdf,meteoburkina.bf,raw/pdfs/meteo_burkina/meteoburkina.bf/bulletin-du-09-septembre-2025-a-18h00-d367189d.pdf,uploaded,,2026-04-14T20:45:43.687051+00:00,2026-04-14T21:23:47.070435+00:00
e01ad82bd4e3fbf3638c968f95b81e04,https://meteoburkina.bf/documents/521/Bulletin_du_09_Septembre__2025_%C3%A0_12h00.pdf,meteoburkina.bf,raw/pdfs/meteo_burkina/meteoburkina.bf/bulletin-du-09-septembre-2025-a-12h00-e01ad82b.pdf,uploaded,,2026-04-14T20:45:43.687051+00:00,2026-04-14T21:23:45.105520+00:00
a39ae26ad56a1370784a0014948c4e29,https://meteoburkina.bf/documents/520/Bulletin_du_08_Septembre__2025_%C3%A0_18h00.pdf,meteoburkina.bf,raw/pdfs/meteo_burkina/meteoburkina.bf/bulletin-du-08-septembre-2025-a-18h00-a39ae26a.pdf,uploaded,,2026-04-14T20:45:43.687051+00:00,2026-04-14T21:23:42.483794+00:00
4e54fa9913619bad89fe97f2d1afdf27,https://meteoburkina.bf/documents/52/Bad23072.pdf,meteoburkina.bf,raw/pdfs/meteo_burkina/meteoburkina.bf/bad23072-4e54fa99.pdf,uploaded,,2026-04-14T20:45:43.687051+00:00,2026-04-14T21:23:40.415050+00:00
a9627e9578b922e9a972c3f4868b223c,https://meteoburkina.bf/documents/519/Bulletin_du_08_Septembre__2025_%C3%A0_12h00_QjNVt3l.pdf,meteoburkina.bf,raw/pdfs/meteo_burkina/meteoburkina.bf/bulletin-du-08-septembre-2025-a-12h00-qjnvt3l-a9627e95.pdf,uploaded,,2026-04-14T20:45:43.687051+00:00,2026-04-14T21:23:20.074293+00:00
029cc3fa527d339ec216124a861640cd,https://meteoburkina.bf/documents/517/Bulletin_du_07_Septembre__2025_%C3%A0_18h00.pdf,meteoburkina.bf,raw/pdfs/meteo_burkina/meteoburkina.bf/bulletin-du-07-septembre-2025-a-18h00-029cc3fa.pdf,uploaded,,2026-04-14T20:45:43.687051+00:00,2026-04-14T21:23:17.014319+00:00
02653ac0aaf49ba54a8e59d909f5385d,https://meteoburkina.bf/documents/516/Bulletin_du_07_Septembre__2025_%C3%A0_12h00.pdf,meteoburkina.bf,raw/pdfs/meteo_burkina/meteoburkina.bf/bulletin-du-07-septembre-2025-a-12h00-02653ac0.pdf,uploaded,,2026-04-14T20:45:43.687051+00:00,2026-04-14T21:23:14.468391+00:00
3a89daa3a94a340165a87f9e31256a31,https://meteoburkina.bf/documents/514/Bulletin_du_06_Septembre__2025_%C3%A0_18h00.pdf,meteoburkina.bf,raw/pdfs/meteo_burkina/meteoburkina.bf/bulletin-du-06-septembre-2025-a-18h00-3a89daa3.pdf,uploaded,,2026-04-14T20:45:43.687051+00:00,2026-04-14T21:23:11.967054+00:00
f40b863ed3e3964c832bb31478270022,https://meteoburkina.bf/documents/513/Bulletin_du_06_Septembre__2025_%C3%A0_12h00.pdf,meteoburkina.bf,raw/pdfs/meteo_burkina/meteoburkina.bf/bulletin-du-06-septembre-2025-a-12h00-f40b863e.pdf,uploaded,,2026-04-14T20:45:43.687051+00:00,2026-04-14T21:23:10.162839+00:00
8c353564ee96934894b324695e4b6ac7,https://meteoburkina.bf/documents/512/Bulletin_du_05_Septembre__2025_%C3%A0_18h00.pdf,meteoburkina.bf,raw/pdfs/meteo_burkina/meteoburkina.bf/bulletin-du-05-septembre-2025-a-18h00-8c353564.pdf,uploaded,,2026-04-14T20:45:43.687051+00:00,2026-04-14T21:23:07.615008+00:00
015cfe228a074b2b19927cd8b8b3d9f8,https://meteoburkina.bf/documents/511/Bulletin_du_04_Septembre__2025_%C3%A0_18h00.pdf,meteoburkina.bf,raw/pdfs/meteo_burkina/meteoburkina.bf/bulletin-du-04-septembre-2025-a-18h00-015cfe22.pdf,uploaded,,2026-04-14T20:45:43.687051+00:00,2026-04-14T21:23:04.912218+00:00
3a84c559e865bda566f94e8a1d60cf29,https://meteoburkina.bf/documents/510/Bulletin_du_05_Septembre__2025_%C3%A0_12h00.pdf,meteoburkina.bf,raw/pdfs/meteo_burkina/meteoburkina.bf/bulletin-du-05-septembre-2025-a-12h00-3a84c559.pdf,uploaded,,2026-04-14T20:45:43.687051+00:00,2026-04-14T21:23:02.747554+00:00
fbd4f7198fbb0b6b8fe98c33ba3807bd,https://meteoburkina.bf/documents/51/Bad23071.pdf,meteoburkina.bf,raw/pdfs/meteo_burkina/meteoburkina.bf/bad23071-fbd4f719.pdf,uploaded,,2026-04-14T20:45:43.687051+00:00,2026-04-14T21:23:00.131713+00:00
d09855b0d03e9af1a18a84575ddd32e1,https://meteoburkina.bf/documents/509/Bulletin_du_04_Septembre__2025_%C3%A0_12h00.pdf,meteoburkina.bf,raw/pdfs/meteo_burkina/meteoburkina.bf/bulletin-du-04-septembre-2025-a-12h00-d09855b0.pdf,uploaded,,2026-04-14T20:45:43.687051+00:00,2026-04-14T21:22:38.117042+00:00
282a63d70e2b779bdec961108239771c,https://meteoburkina.bf/documents/508/Bulletin_du_03_Septembre__2025_%C3%A0_18h00.pdf,meteoburkina.bf,raw/pdfs/meteo_burkina/meteoburkina.bf/bulletin-du-03-septembre-2025-a-18h00-282a63d7.pdf,uploaded,,2026-04-14T20:45:43.687051+00:00,2026-04-14T21:22:35.661829+00:00
82ec0a406e0484cb1d32742ab5b6efc2,https://meteoburkina.bf/documents/507/Bulletin_du_03_Septembre__2025_%C3%A0_12h00_0OmLfu3.pdf,meteoburkina.bf,raw/pdfs/meteo_burkina/meteoburkina.bf/bulletin-du-03-septembre-2025-a-12h00-0omlfu3-82ec0a40.pdf,uploaded,,2026-04-14T20:45:43.687051+00:00,2026-04-14T21:22:33.296318+00:00
38915f574b0878f102b2504c0ccc433b,https://meteoburkina.bf/documents/505/Bulletin_du_02_Septembre__2025_%C3%A0_18h00.pdf,meteoburkina.bf,raw/pdfs/meteo_burkina/meteoburkina.bf/bulletin-du-02-septembre-2025-a-18h00-38915f57.pdf,uploaded,,2026-04-14T20:45:43.687051+00:00,2026-04-14T21:22:30.633585+00:00
ec7a92104bfd9519e6a1ddd1dff9e223,https://meteoburkina.bf/documents/504/BAD25083.pdf,meteoburkina.bf,raw/pdfs/meteo_burkina/meteoburkina.bf/bad25083-ec7a9210.pdf,uploaded,,2026-04-14T20:45:43.687051+00:00,2026-04-14T21:22:28.229883+00:00
3c85dd25e33f971d87c4ecf13c6cd96e,https://meteoburkina.bf/documents/503/BAD25083_media.pdf,meteoburkina.bf,raw/pdfs/meteo_burkina/meteoburkina.bf/bad25083-media-3c85dd25.pdf,uploaded,,2026-04-14T20:45:43.687051+00:00,2026-04-14T21:22:22.259123+00:00
6640c8f66e692905ab3fe1afb444b828,https://meteoburkina.bf/documents/501/Bulletin_m%C3%A9t%C3%A9orologique_hebdomadaire_du_1er_au_7_septembre_2025.pdf,meteoburkina.bf,raw/pdfs/meteo_burkina/meteoburkina.bf/bulletin-meteorologique-hebdomadaire-du-1er-au-7-septembre-2025-6640c8f6.pdf,uploaded,,2026-04-14T20:45:43.687051+00:00,2026-04-14T21:22:19.785376+00:00
aebb7bd0f34b6a249afe735c99f7388a,https://meteoburkina.bf/documents/50/BAD23122.pdf,meteoburkina.bf,raw/pdfs/meteo_burkina/meteoburkina.bf/bad23122-aebb7bd0.pdf,uploaded,,2026-04-14T20:45:43.687051+00:00,2026-04-14T21:22:12.051856+00:00
083b1a33b33a02d8bf94f05698f97481,https://meteoburkina.bf/documents/499/Bulletin_du_1er_Septembre__2025_%C3%A0_18h00.pdf,meteoburkina.bf,raw/pdfs/meteo_burkina/meteoburkina.bf/bulletin-du-1er-septembre-2025-a-18h00-083b1a33.pdf,uploaded,,2026-04-14T20:45:43.687051+00:00,2026-04-14T21:21:47.934180+00:00
d43a042bc457e41c7ff1669053fc47d2,https://meteoburkina.bf/documents/495/Bulletin_du_1er_Septembre__2025_%C3%A0_12h00.pdf,meteoburkina.bf,raw/pdfs/meteo_burkina/meteoburkina.bf/bulletin-du-1er-septembre-2025-a-12h00-d43a042b.pdf,uploaded,,2026-04-14T20:45:43.687051+00:00,2026-04-14T21:21:45.687813+00:00
085314fb35faa2416b813f92dc75312f,https://meteoburkina.bf/documents/494/Bulletin_du_31_Ao%C3%BBt__2025_%C3%A0_18h00.pdf,meteoburkina.bf,raw/pdfs/meteo_burkina/meteoburkina.bf/bulletin-du-31-aout-2025-a-18h00-085314fb.pdf,uploaded,,2026-04-14T20:45:43.687051+00:00,2026-04-14T21:21:42.756517+00:00
1f9165933956cb425ef121a426cec658,https://meteoburkina.bf/documents/493/Bulletin_du_31_Ao%C3%BBt__2025_%C3%A0_12h00.pdf,meteoburkina.bf,raw/pdfs/meteo_burkina/meteoburkina.bf/bulletin-du-31-aout-2025-a-12h00-1f916593.pdf,uploaded,,2026-04-14T20:45:43.687051+00:00,2026-04-14T21:21:40.369147+00:00
f7af13e02f39dc1c447cb50fd75efc81,https://meteoburkina.bf/documents/492/Bulletin_du_30_Ao%C3%BBt__2025_%C3%A0_18h00.pdf,meteoburkina.bf,raw/pdfs/meteo_burkina/meteoburkina.bf/bulletin-du-30-aout-2025-a-18h00-f7af13e0.pdf,uploaded,,2026-04-14T20:45:43.687051+00:00,2026-04-14T21:21:37.974821+00:00
0780f2b37557c78274a1df4cb62d245d,https://meteoburkina.bf/documents/491/Bulletin_du_29_Ao%C3%BBt__2025_%C3%A0_18h00.pdf,meteoburkina.bf,raw/pdfs/meteo_burkina/meteoburkina.bf/bulletin-du-29-aout-2025-a-18h00-0780f2b3.pdf,uploaded,,2026-04-14T20:45:43.687051+00:00,2026-04-14T21:21:35.641073+00:00
33ba5cf40724dd69fd1082c3db555c7e,https://meteoburkina.bf/documents/490/Bulletin_du_30_Ao%C3%BBt__2025_%C3%A0_12h00.pdf,meteoburkina.bf,raw/pdfs/meteo_burkina/meteoburkina.bf/bulletin-du-30-aout-2025-a-12h00-33ba5cf4.pdf,uploaded,,2026-04-14T20:45:43.687051+00:00,2026-04-14T21:21:33.069116+00:00
e6e129c99b7c2b2e5ec0707bace94e6d,https://meteoburkina.bf/documents/49/BAD23121.pdf,meteoburkina.bf,raw/pdfs/meteo_burkina/meteoburkina.bf/bad23121-e6e129c9.pdf,uploaded,,2026-04-14T20:45:43.687051+00:00,2026-04-14T21:21:30.318403+00:00
a2d0e564d288d7942d3beed472a5f81c,https://meteoburkina.bf/documents/489/Bulletin_du_29_Ao%C3%BBt__2025_%C3%A0_12h00.pdf,meteoburkina.bf,raw/pdfs/meteo_burkina/meteoburkina.bf/bulletin-du-29-aout-2025-a-12h00-a2d0e564.pdf,uploaded,,2026-04-14T20:45:43.687051+00:00,2026-04-14T21:20:57.577837+00:00
fd8b99d0b130fac4449c2edfdb1a449a,https://meteoburkina.bf/documents/488/Bulletin_du_28_Ao%C3%BBt__2025_%C3%A0_18h00.pdf,meteoburkina.bf,raw/pdfs/meteo_burkina/meteoburkina.bf/bulletin-du-28-aout-2025-a-18h00-fd8b99d0.pdf,uploaded,,2026-04-14T20:45:43.687051+00:00,2026-04-14T21:20:54.748801+00:00
752773d21ccbe359d0bd5840faf9178f,https://meteoburkina.bf/documents/487/Bulletin_du_28_Ao%C3%BBt__2025_%C3%A0_12h00.pdf,meteoburkina.bf,raw/pdfs/meteo_burkina/meteoburkina.bf/bulletin-du-28-aout-2025-a-12h00-752773d2.pdf,uploaded,,2026-04-14T20:45:43.687051+00:00,2026-04-14T21:20:52.824708+00:00
c487a5fd0426b18061e9e2173209f081,https://meteoburkina.bf/documents/485/Bulletin_m%C3%A9t%C3%A9orologique_hebdomadaire_du_25_au_31_ao%C3%BBt_2025.pdf,meteoburkina.bf,raw/pdfs/meteo_burkina/meteoburkina.bf/bulletin-meteorologique-hebdomadaire-du-25-au-31-aout-2025-c487a5fd.pdf,uploaded,,2026-04-14T20:45:43.687051+00:00,2026-04-14T21:20:50.156300+00:00
c12d277744e956ca063c0cf1f081cdfa,https://meteoburkina.bf/documents/484/Bulletin_m%C3%A9t%C3%A9orologique_hebdomadaire_du_18_au_24_ao%C3%BBt_2025_1.pdf,meteoburkina.bf,raw/pdfs/meteo_burkina/meteoburkina.bf/bulletin-meteorologique-hebdomadaire-du-18-au-24-aout-2025-1-c12d2777.pdf,uploaded,,2026-04-14T20:45:43.687051+00:00,2026-04-14T21:20:38.163099+00:00
abdbfee22ff95d1a9c3e47ff5c3f7042,https://meteoburkina.bf/documents/483/Bulletin_du_27_Ao%C3%BBt__2025_%C3%A0_18h00.pdf,meteoburkina.bf,raw/pdfs/meteo_burkina/meteoburkina.bf/bulletin-du-27-aout-2025-a-18h00-abdbfee2.pdf,uploaded,,2026-04-14T20:45:43.687051+00:00,2026-04-14T21:20:29.492355+00:00
4b918da5e0632dd4b93a3ea27f5e7b2b,https://meteoburkina.bf/documents/482/Bulletin_du_27_Ao%C3%BBt__2025_%C3%A0_12h00.pdf,meteoburkina.bf,raw/pdfs/meteo_burkina/meteoburkina.bf/bulletin-du-27-aout-2025-a-12h00-4b918da5.pdf,uploaded,,2026-04-14T20:45:43.687051+00:00,2026-04-14T21:20:26.298104+00:00
6eb44869d0bd97bc12a7be27b419116d,https://meteoburkina.bf/documents/481/Bulletin_du_26_Ao%C3%BBt__2025_%C3%A0_12h00.pdf,meteoburkina.bf,raw/pdfs/meteo_burkina/meteoburkina.bf/bulletin-du-26-aout-2025-a-12h00-6eb44869.pdf,uploaded,,2026-04-14T20:45:43.687051+00:00,2026-04-14T21:20:23.261733+00:00
612c86f4283700802403b91bc80ae448,https://meteoburkina.bf/documents/480/Bulletin_du_26_Ao%C3%BBt__2025_%C3%A0_18h00.pdf,meteoburkina.bf,raw/pdfs/meteo_burkina/meteoburkina.bf/bulletin-du-26-aout-2025-a-18h00-612c86f4.pdf,uploaded,,2026-04-14T20:45:43.687051+00:00,2026-04-14T21:20:19.764812+00:00
7a3433010385c6040e3606a144a39a25,https://meteoburkina.bf/documents/48/bad23112.pdf,meteoburkina.bf,raw/pdfs/meteo_burkina/meteoburkina.bf/bad23112-7a343301.pdf,uploaded,,2026-04-14T20:45:43.687051+00:00,2026-04-14T21:20:17.133630+00:00
04de7e90373bba8cd8b92efdf27316ba,https://meteoburkina.bf/documents/479/Bulletin_du_25_Ao%C3%BBt__2025_%C3%A0_18h00.pdf,meteoburkina.bf,raw/pdfs/meteo_burkina/meteoburkina.bf/bulletin-du-25-aout-2025-a-18h00-04de7e90.pdf,uploaded,,2026-04-14T20:45:43.687051+00:00,2026-04-14T21:19:47.209816+00:00
f6d6304407cfc5393680c1ab4bf2fe7a,https://meteoburkina.bf/documents/478/Bulletin_du_25_Ao%C3%BBt__2025_%C3%A0_12h00.pdf,meteoburkina.bf,raw/pdfs/meteo_burkina/meteoburkina.bf/bulletin-du-25-aout-2025-a-12h00-f6d63044.pdf,uploaded,,2026-04-14T20:45:43.687051+00:00,2026-04-14T21:19:45.139704+00:00
215cac3ea9523ceca879535ce9f302d0,https://meteoburkina.bf/documents/477/Bulletin_du_24_Ao%C3%BBt__2025_%C3%A0_18h00.pdf,meteoburkina.bf,raw/pdfs/meteo_burkina/meteoburkina.bf/bulletin-du-24-aout-2025-a-18h00-215cac3e.pdf,uploaded,,2026-04-14T20:45:43.687051+00:00,2026-04-14T21:19:43.008340+00:00
a3880b86e0fda2d57a836d12f1186c8e,https://meteoburkina.bf/documents/476/Bulletin_du_24_Ao%C3%BBt__2025_%C3%A0_12h00.pdf,meteoburkina.bf,raw/pdfs/meteo_burkina/meteoburkina.bf/bulletin-du-24-aout-2025-a-12h00-a3880b86.pdf,uploaded,,2026-04-14T20:45:43.687051+00:00,2026-04-14T21:19:41.203111+00:00
e01f44431494c5ed77988d053e1dd303,https://meteoburkina.bf/documents/475/BAD25082_media.pdf,meteoburkina.bf,raw/pdfs/meteo_burkina/meteoburkina.bf/bad25082-media-e01f4443.pdf,uploaded,,2026-04-14T20:45:43.687051+00:00,2026-04-14T21:19:39.045395+00:00
2d2a69068abe3cc0acf4ce3c63f26034,https://meteoburkina.bf/documents/474/Bulletin_du_23_Ao%C3%BBt__2025_%C3%A0_18h00.pdf,meteoburkina.bf,raw/pdfs/meteo_burkina/meteoburkina.bf/bulletin-du-23-aout-2025-a-18h00-2d2a6906.pdf,uploaded,,2026-04-14T20:45:43.687051+00:00,2026-04-14T21:19:37.004588+00:00
1bd7f3332c9dccdfa5fb7fae37a8436e,https://meteoburkina.bf/documents/473/BAD25082.pdf,meteoburkina.bf,raw/pdfs/meteo_burkina/meteoburkina.bf/bad25082-1bd7f333.pdf,uploaded,,2026-04-14T20:45:43.687051+00:00,2026-04-14T21:19:34.674570+00:00
1e7aa5cbd15b5610a1d800c2a963d7e2,https://meteoburkina.bf/documents/472/Bulletin_du_23_Ao%C3%BBt__2025_%C3%A0_12h00.pdf,meteoburkina.bf,raw/pdfs/meteo_burkina/meteoburkina.bf/bulletin-du-23-aout-2025-a-12h00-1e7aa5cb.pdf,uploaded,,2026-04-14T20:45:43.687051+00:00,2026-04-14T21:19:29.362228+00:00
9cd3eea4fec4390cfc6c453a5c7acaf9,https://meteoburkina.bf/documents/471/Bulletin_du_22_Ao%C3%BBt__2025_%C3%A0_18h00.pdf,meteoburkina.bf,raw/pdfs/meteo_burkina/meteoburkina.bf/bulletin-du-22-aout-2025-a-18h00-9cd3eea4.pdf,uploaded,,2026-04-14T20:45:43.687051+00:00,2026-04-14T21:19:25.917894+00:00
54b16a62d678e30aaedbd3efe0a74952,https://meteoburkina.bf/documents/470/Bulletin_du_22_Ao%C3%BBt__2025_%C3%A0_12h00.pdf,meteoburkina.bf,raw/pdfs/meteo_burkina/meteoburkina.bf/bulletin-du-22-aout-2025-a-12h00-54b16a62.pdf,uploaded,,2026-04-14T20:45:43.687051+00:00,2026-04-14T21:19:23.623375+00:00
00f09164cc9c3bf36c3949bc9814a004,https://meteoburkina.bf/documents/47/Bad23103.pdf,meteoburkina.bf,raw/pdfs/meteo_burkina/meteoburkina.bf/bad23103-00f09164.pdf,uploaded,,2026-04-14T20:45:43.687051+00:00,2026-04-14T21:19:18.929322+00:00
174cd49546ca7d945551c6accf7d7355,https://meteoburkina.bf/documents/469/Bulletin_du_21_Ao%C3%BBt__2025_%C3%A0_18h00.pdf,meteoburkina.bf,raw/pdfs/meteo_burkina/meteoburkina.bf/bulletin-du-21-aout-2025-a-18h00-174cd495.pdf,uploaded,,2026-04-14T20:45:43.687051+00:00,2026-04-14T21:19:06.548649+00:00
7b6a800ec76d9ac2a0e27c93a0691072,https://meteoburkina.bf/documents/468/Bulletin_du_21_Ao%C3%BBt__2025_%C3%A0_12h00.pdf,meteoburkina.bf,raw/pdfs/meteo_burkina/meteoburkina.bf/bulletin-du-21-aout-2025-a-12h00-7b6a800e.pdf,uploaded,,2026-04-14T20:45:43.687051+00:00,2026-04-14T21:19:04.988185+00:00
153e4e84b7700090a1f94b5e2b59d316,https://meteoburkina.bf/documents/467/Bulletin_du_20_Ao%C3%BBt__2025_%C3%A0_18h00.pdf,meteoburkina.bf,raw/pdfs/meteo_burkina/meteoburkina.bf/bulletin-du-20-aout-2025-a-18h00-153e4e84.pdf,uploaded,,2026-04-14T20:45:43.687051+00:00,2026-04-14T21:19:03.039837+00:00
e83f270e76389a9224aadaf568bf9d5e,https://meteoburkina.bf/documents/465/Bulletin_du_20_Ao%C3%BBt__2025_%C3%A0_12h00.pdf,meteoburkina.bf,raw/pdfs/meteo_burkina/meteoburkina.bf/bulletin-du-20-aout-2025-a-12h00-e83f270e.pdf,uploaded,,2026-04-14T20:45:43.687051+00:00,2026-04-14T21:19:01.500828+00:00
605ccf1178050f5a3d199364c3a56e32,https://meteoburkina.bf/documents/464/Bulletin_du_19_Ao%C3%BBt__2025_%C3%A0_18h00.pdf,meteoburkina.bf,raw/pdfs/meteo_burkina/meteoburkina.bf/bulletin-du-19-aout-2025-a-18h00-605ccf11.pdf,uploaded,,2026-04-14T20:45:43.687051+00:00,2026-04-14T21:18:59.480182+00:00
13a53e9cc8e26b5a2911d32a0ef81b02,https://meteoburkina.bf/documents/463/Bulletin_du_19_Ao%C3%BBt__2025_%C3%A0_12h00.pdf,meteoburkina.bf,raw/pdfs/meteo_burkina/meteoburkina.bf/bulletin-du-19-aout-2025-a-12h00-13a53e9c.pdf,uploaded,,2026-04-14T20:45:43.687051+00:00,2026-04-14T21:18:58.024927+00:00
0f824b90ceb578aa692e2ab24daf4eaf,https://meteoburkina.bf/documents/462/Bulletin_du_18_Ao%C3%BBt__2025_%C3%A0_18h00.pdf,meteoburkina.bf,raw/pdfs/meteo_burkina/meteoburkina.bf/bulletin-du-18-aout-2025-a-18h00-0f824b90.pdf,uploaded,,2026-04-14T20:45:43.687051+00:00,2026-04-14T21:18:55.991850+00:00
badc51ba168eafe8511e5e5ce017d005,https://meteoburkina.bf/documents/461/Bulletin_du_18_Ao%C3%BBt__2025_%C3%A0_12h00.pdf,meteoburkina.bf,raw/pdfs/meteo_burkina/meteoburkina.bf/bulletin-du-18-aout-2025-a-12h00-badc51ba.pdf,uploaded,,2026-04-14T20:45:43.687051+00:00,2026-04-14T21:18:54.155852+00:00
d7456c043defd2be25bdd6470b7f431b,https://meteoburkina.bf/documents/460/Bulletin_du_17_Ao%C3%BBt__2025_%C3%A0_18h00.pdf,meteoburkina.bf,raw/pdfs/meteo_burkina/meteoburkina.bf/bulletin-du-17-aout-2025-a-18h00-d7456c04.pdf,uploaded,,2026-04-14T20:45:43.687051+00:00,2026-04-14T21:18:51.685603+00:00
7065d57c262e779d337d2587751d2936,https://meteoburkina.bf/documents/46/bad23111.pdf,meteoburkina.bf,raw/pdfs/meteo_burkina/meteoburkina.bf/bad23111-7065d57c.pdf,uploaded,,2026-04-14T20:45:43.687051+00:00,2026-04-14T21:18:49.966948+00:00
178516e373f4419264be03463df67b31,https://meteoburkina.bf/documents/459/Bulletin_du_17_Ao%C3%BBt__2025_%C3%A0_12h00.pdf,meteoburkina.bf,raw/pdfs/meteo_burkina/meteoburkina.bf/bulletin-du-17-aout-2025-a-12h00-178516e3.pdf,uploaded,,2026-04-14T20:45:43.687051+00:00,2026-04-14T21:18:30.355115+00:00
8f4f1677b23305e1ae83793b0c6e8f86,https://meteoburkina.bf/documents/458/Bulletin_du_16_Ao%C3%BBt__2025_%C3%A0_12h00.pdf,meteoburkina.bf,raw/pdfs/meteo_burkina/meteoburkina.bf/bulletin-du-16-aout-2025-a-12h00-8f4f1677.pdf,uploaded,,2026-04-14T20:45:43.687051+00:00,2026-04-14T21:18:28.658048+00:00
4d90b3c4eefeae10e44793973454aa3f,https://meteoburkina.bf/documents/457/Bulletin_du_16_Ao%C3%BBt__2025_%C3%A0_18h00.pdf,meteoburkina.bf,raw/pdfs/meteo_burkina/meteoburkina.bf/bulletin-du-16-aout-2025-a-18h00-4d90b3c4.pdf,uploaded,,2026-04-14T20:45:43.687051+00:00,2026-04-14T21:18:26.938200+00:00
5f0ec581396d7b2b10dec764dbcf51f0,https://meteoburkina.bf/documents/456/Bulletin_du_15_Ao%C3%BBt__2025_%C3%A0_18h00.pdf,meteoburkina.bf,raw/pdfs/meteo_burkina/meteoburkina.bf/bulletin-du-15-aout-2025-a-18h00-5f0ec581.pdf,uploaded,,2026-04-14T20:45:43.687051+00:00,2026-04-14T21:18:25.230219+00:00
4afde40520c7d0d713d4476509f62891,https://meteoburkina.bf/documents/454/Bulletin_du_14_Ao%C3%BBt__2025_%C3%A0_18h00.pdf,meteoburkina.bf,raw/pdfs/meteo_burkina/meteoburkina.bf/bulletin-du-14-aout-2025-a-18h00-4afde405.pdf,uploaded,,2026-04-14T20:45:43.687051+00:00,2026-04-14T21:18:23.755105+00:00
0fbd419c12b0cf54ff8aec59b8f9fef8,https://meteoburkina.bf/documents/453/Bulletin_du_13_Ao%C3%BBt__2025_%C3%A0_18h00.pdf,meteoburkina.bf,raw/pdfs/meteo_burkina/meteoburkina.bf/bulletin-du-13-aout-2025-a-18h00-0fbd419c.pdf,uploaded,,2026-04-14T20:45:43.687051+00:00,2026-04-14T21:18:22.174114+00:00
cc68aeee6612fdec755613f00ae15306,https://meteoburkina.bf/documents/452/Bulletin_du_14_Ao%C3%BBt__2025_%C3%A0_12h00_jocr1U2.pdf,meteoburkina.bf,raw/pdfs/meteo_burkina/meteoburkina.bf/bulletin-du-14-aout-2025-a-12h00-jocr1u2-cc68aeee.pdf,uploaded,,2026-04-14T20:45:43.687051+00:00,2026-04-14T21:18:20.736842+00:00
069d5b0559b9f7bc99edf297f607a2ef,https://meteoburkina.bf/documents/451/Bulletin_du_14_Ao%C3%BBt__2025_%C3%A0_12h00.pdf,meteoburkina.bf,raw/pdfs/meteo_burkina/meteoburkina.bf/bulletin-du-14-aout-2025-a-12h00-069d5b05.pdf,uploaded,,2026-04-14T20:45:43.687051+00:00,2026-04-14T21:18:19.044130+00:00
b2385f117f3f8378b4a4cca17a48368a,https://meteoburkina.bf/documents/450/BAD25081.pdf,meteoburkina.bf,raw/pdfs/meteo_burkina/meteoburkina.bf/bad25081-b2385f11.pdf,uploaded,,2026-04-14T20:45:43.687051+00:00,2026-04-14T21:18:17.194582+00:00
9777dbaf99355334aec3336fd9e96e41,https://meteoburkina.bf/documents/45/Bad23102.pdf,meteoburkina.bf,raw/pdfs/meteo_burkina/meteoburkina.bf/bad23102-9777dbaf.pdf,uploaded,,2026-04-14T20:45:43.687051+00:00,2026-04-14T21:18:13.879389+00:00
380168431aee397534071146599812ff,https://meteoburkina.bf/documents/449/BAD25081_media.pdf,meteoburkina.bf,raw/pdfs/meteo_burkina/meteoburkina.bf/bad25081-media-38016843.pdf,uploaded,,2026-04-14T20:45:43.687051+00:00,2026-04-14T21:18:01.174893+00:00
c33ffaaea13dcb243a608e8a795b44a9,https://meteoburkina.bf/documents/448/Bulletin_du_13_Ao%C3%BBt__2025_%C3%A0_12h00.pdf,meteoburkina.bf,raw/pdfs/meteo_burkina/meteoburkina.bf/bulletin-du-13-aout-2025-a-12h00-c33ffaae.pdf,uploaded,,2026-04-14T20:45:43.687051+00:00,2026-04-14T21:17:59.697292+00:00
832861084fa20f78055f6ea755491afe,https://meteoburkina.bf/documents/446/Bulletin_du_12_Ao%C3%BBt__2025_%C3%A0_18h00_1.pdf,meteoburkina.bf,raw/pdfs/meteo_burkina/meteoburkina.bf/bulletin-du-12-aout-2025-a-18h00-1-83286108.pdf,uploaded,,2026-04-14T20:45:43.687051+00:00,2026-04-14T21:17:57.921635+00:00
52ecb4cb6b4c31635612901fd470d0c6,https://meteoburkina.bf/documents/445/Bulletin_m%C3%A9t%C3%A9orologique_hebdomadaire_du_11_au_17_ao%C3%BBt_2025.pdf,meteoburkina.bf,raw/pdfs/meteo_burkina/meteoburkina.bf/bulletin-meteorologique-hebdomadaire-du-11-au-17-aout-2025-52ecb4cb.pdf,uploaded,,2026-04-14T20:45:43.687051+00:00,2026-04-14T21:17:55.736835+00:00
00e524c6c12a451556f160b8b510db1d,https://meteoburkina.bf/documents/444/Bulletin_du_12_Ao%C3%BBt__2025_%C3%A0_12h00.pdf,meteoburkina.bf,raw/pdfs/meteo_burkina/meteoburkina.bf/bulletin-du-12-aout-2025-a-12h00-00e524c6.pdf,uploaded,,2026-04-14T20:45:43.687051+00:00,2026-04-14T21:17:50.532685+00:00
8f2d70b48ab5817feb99c3fe51c33fde,https://meteoburkina.bf/documents/443/alerte12082025_moNG2fM.pdf,meteoburkina.bf,raw/pdfs/meteo_burkina/meteoburkina.bf/alerte12082025-mong2fm-8f2d70b4.pdf,uploaded,,2026-04-14T20:45:43.687051+00:00,2026-04-14T21:17:48.725618+00:00
fd54f04df9b4c50b4a489572c19bf435,https://meteoburkina.bf/documents/441/Bulletin_du_11_Ao%C3%BBt__2025_%C3%A0_12h00.pdf,meteoburkina.bf,raw/pdfs/meteo_burkina/meteoburkina.bf/bulletin-du-11-aout-2025-a-12h00-fd54f04d.pdf,uploaded,,2026-04-14T20:45:43.687051+00:00,2026-04-14T21:17:32.971604+00:00
cf7a5e0915774f7135922846a3c34770,https://meteoburkina.bf/documents/440/Bulletin_du_11_Ao%C3%BBt__2025_%C3%A0_18h00.pdf,meteoburkina.bf,raw/pdfs/meteo_burkina/meteoburkina.bf/bulletin-du-11-aout-2025-a-18h00-cf7a5e09.pdf,uploaded,,2026-04-14T20:45:43.687051+00:00,2026-04-14T21:17:30.098826+00:00
221629d33a427782df02c4f3c6c8f940,https://meteoburkina.bf/documents/44/Bad23093_kB72SL6.pdf,meteoburkina.bf,raw/pdfs/meteo_burkina/meteoburkina.bf/bad23093-kb72sl6-221629d3.pdf,uploaded,,2026-04-14T20:45:43.687051+00:00,2026-04-14T21:17:28.000123+00:00
8f4916664864645058918dd694240039,https://meteoburkina.bf/documents/439/Bulletin_du_10_Ao%C3%BBt__2025_%C3%A0_18h00.pdf,meteoburkina.bf,raw/pdfs/meteo_burkina/meteoburkina.bf/bulletin-du-10-aout-2025-a-18h00-8f491666.pdf,uploaded,,2026-04-14T20:45:43.687051+00:00,2026-04-14T21:17:06.896115+00:00
39906c2971bf2206f9f71f029f6b9318,https://meteoburkina.bf/documents/438/Bulletin_du_08_Ao%C3%BBt__2025_%C3%A0_18h00.pdf,meteoburkina.bf,raw/pdfs/meteo_burkina/meteoburkina.bf/bulletin-du-08-aout-2025-a-18h00-39906c29.pdf,uploaded,,2026-04-14T20:45:43.687051+00:00,2026-04-14T21:17:04.830097+00:00
da483f523bba8cf2793fd23ec4757d14,https://meteoburkina.bf/documents/437/Bulletin_du_09_Ao%C3%BBt__2025_%C3%A0_18h00.pdf,meteoburkina.bf,raw/pdfs/meteo_burkina/meteoburkina.bf/bulletin-du-09-aout-2025-a-18h00-da483f52.pdf,uploaded,,2026-04-14T20:45:43.687051+00:00,2026-04-14T21:17:02.708904+00:00
626ff5e30461da7b55f27327cc3a3fa6,https://meteoburkina.bf/documents/436/Bulletin_du_09_Ao%C3%BBt__2025_%C3%A0_12h00_i8VJPtY.pdf,meteoburkina.bf,raw/pdfs/meteo_burkina/meteoburkina.bf/bulletin-du-09-aout-2025-a-12h00-i8vjpty-626ff5e3.pdf,uploaded,,2026-04-14T20:45:43.687051+00:00,2026-04-14T21:17:00.669151+00:00
a3c43bbc2c5465c1fa0c6567d2ee1ef5,https://meteoburkina.bf/documents/435/Bulletin_du_10_Ao%C3%BBt__2025_%C3%A0_12h00.pdf,meteoburkina.bf,raw/pdfs/meteo_burkina/meteoburkina.bf/bulletin-du-10-aout-2025-a-12h00-a3c43bbc.pdf,uploaded,,2026-04-14T20:45:43.687051+00:00,2026-04-14T21:16:57.185936+00:00
0b02b9e98ec04e88e4bfd68927430e12,https://meteoburkina.bf/documents/434/Bulletin_du_09_Ao%C3%BBt__2025_%C3%A0_12h00.pdf,meteoburkina.bf,raw/pdfs/meteo_burkina/meteoburkina.bf/bulletin-du-09-aout-2025-a-12h00-0b02b9e9.pdf,uploaded,,2026-04-14T20:45:43.687051+00:00,2026-04-14T21:16:54.233439+00:00
8c2d0b0d7fa6a72e30c0a06c88444049,https://meteoburkina.bf/documents/433/Bulletin_juillet_2025_PyJXQVr.pdf,meteoburkina.bf,raw/pdfs/meteo_burkina/meteoburkina.bf/bulletin-juillet-2025-pyjxqvr-8c2d0b0d.pdf,uploaded,,2026-04-14T20:45:43.687051+00:00,2026-04-14T21:16:51.385214+00:00
f6542816b7db0d8a9d66b4c6cb9927c8,https://meteoburkina.bf/documents/430/Bulletin_du_08_Ao%C3%BBt__2025_%C3%A0_12h00.pdf,meteoburkina.bf,raw/pdfs/meteo_burkina/meteoburkina.bf/bulletin-du-08-aout-2025-a-12h00-f6542816.pdf,uploaded,,2026-04-14T20:45:43.687051+00:00,2026-04-14T21:16:30.485182+00:00
3132100d3953695a832d74e444c38da9,https://meteoburkina.bf/documents/429/Bulletin_du_07_Ao%C3%BBt__2025_%C3%A0_18h00.pdf,meteoburkina.bf,raw/pdfs/meteo_burkina/meteoburkina.bf/bulletin-du-07-aout-2025-a-18h00-3132100d.pdf,uploaded,,2026-04-14T20:45:43.687051+00:00,2026-04-14T21:16:27.524392+00:00
984d88101e336431cd3e119240c4ff27,https://meteoburkina.bf/documents/428/Bulletin_du_07_Ao%C3%BBt__2025_%C3%A0_12h00.pdf,meteoburkina.bf,raw/pdfs/meteo_burkina/meteoburkina.bf/bulletin-du-07-aout-2025-a-12h00-984d8810.pdf,uploaded,,2026-04-14T20:45:43.687051+00:00,2026-04-14T21:16:25.490287+00:00
86f84c4ff9c016774af8e60b6c604089,https://meteoburkina.bf/documents/427/Bulletin_du_06_Ao%C3%BBt__2025_%C3%A0_18h00.pdf,meteoburkina.bf,raw/pdfs/meteo_burkina/meteoburkina.bf/bulletin-du-06-aout-2025-a-18h00-86f84c4f.pdf,uploaded,,2026-04-14T20:45:43.687051+00:00,2026-04-14T21:16:22.671180+00:00
969bdd553dd9344421b937f3b07f5aec,https://meteoburkina.bf/documents/426/Bulletin_du_06_Ao%C3%BBt__2025_%C3%A0_12h00.pdf,meteoburkina.bf,raw/pdfs/meteo_burkina/meteoburkina.bf/bulletin-du-06-aout-2025-a-12h00-969bdd55.pdf,uploaded,,2026-04-14T20:45:43.687051+00:00,2026-04-14T21:16:20.582427+00:00
bf6efec06612d1c6460cf1dcb4ee0eda,https://meteoburkina.bf/documents/422/Bulletin_m%C3%A9t%C3%A9orologique_hebdomadaire_du_04_au_10_ao%C3%BBt_2025.pdf,meteoburkina.bf,raw/pdfs/meteo_burkina/meteoburkina.bf/bulletin-meteorologique-hebdomadaire-du-04-au-10-aout-2025-bf6efec0.pdf,uploaded,,2026-04-14T20:45:43.687051+00:00,2026-04-14T21:16:17.619142+00:00
aaae1c0d442a83e34612938299ff50f9,https://meteoburkina.bf/documents/421/Bulletin_du_05_Ao%C3%BBt__2025_%C3%A0_18h00.pdf,meteoburkina.bf,raw/pdfs/meteo_burkina/meteoburkina.bf/bulletin-du-05-aout-2025-a-18h00-aaae1c0d.pdf,uploaded,,2026-04-14T20:45:43.687051+00:00,2026-04-14T21:16:07.769413+00:00
261f0fac2aaa50f371d728af683596d1,https://meteoburkina.bf/documents/420/Bulletin_du_05_Ao%C3%BBt__2025_%C3%A0_12h00.pdf,meteoburkina.bf,raw/pdfs/meteo_burkina/meteoburkina.bf/bulletin-du-05-aout-2025-a-12h00-261f0fac.pdf,uploaded,,2026-04-14T20:45:43.687051+00:00,2026-04-14T21:16:04.150882+00:00
c446c420f1df3c55f097a25f34eeca03,https://meteoburkina.bf/documents/42/Bad23101.pdf,meteoburkina.bf,raw/pdfs/meteo_burkina/meteoburkina.bf/bad23101-c446c420.pdf,uploaded,,2026-04-14T20:45:43.687051+00:00,2026-04-14T21:16:01.699642+00:00
a7b3da2913abca4cccc7db0cd092bb7b,https://meteoburkina.bf/documents/419/Bulletin_du_04_Ao%C3%BBt__2025_%C3%A0_18h00.pdf,meteoburkina.bf,raw/pdfs/meteo_burkina/meteoburkina.bf/bulletin-du-04-aout-2025-a-18h00-a7b3da29.pdf,uploaded,,2026-04-14T20:45:43.687051+00:00,2026-04-14T21:15:34.234126+00:00
cafb584d637a6e3c48504c0a723d1491,https://meteoburkina.bf/documents/418/Bulletin_du_04_Ao%C3%BBt__2025_%C3%A0_12h00.pdf,meteoburkina.bf,raw/pdfs/meteo_burkina/meteoburkina.bf/bulletin-du-04-aout-2025-a-12h00-cafb584d.pdf,uploaded,,2026-04-14T20:45:43.687051+00:00,2026-04-14T21:15:31.616869+00:00
9a7742b6fe80b485e657fe7299bb1ef3,https://meteoburkina.bf/documents/417/Bulletin_du_03_Ao%C3%BBt__2025_%C3%A0_18h00.pdf,meteoburkina.bf,raw/pdfs/meteo_burkina/meteoburkina.bf/bulletin-du-03-aout-2025-a-18h00-9a7742b6.pdf,uploaded,,2026-04-14T20:45:43.687051+00:00,2026-04-14T21:15:27.788734+00:00
fd8bd24a671b3a14050fd17ab6cda86e,https://meteoburkina.bf/documents/416/BAD25073.pdf,meteoburkina.bf,raw/pdfs/meteo_burkina/meteoburkina.bf/bad25073-fd8bd24a.pdf,uploaded,,2026-04-14T20:45:43.687051+00:00,2026-04-14T21:15:25.566499+00:00
660a4a2d08821ec69d30b62df9a22d88,https://meteoburkina.bf/documents/415/BAD25073_media.pdf,meteoburkina.bf,raw/pdfs/meteo_burkina/meteoburkina.bf/bad25073-media-660a4a2d.pdf,uploaded,,2026-04-14T20:45:43.687051+00:00,2026-04-14T21:15:18.583394+00:00
421b0e9b2af8710bf98670c3ad73b669,https://meteoburkina.bf/documents/414/Bulletin_du_03_Ao%C3%BBt__2025_%C3%A0_12h00.pdf,meteoburkina.bf,raw/pdfs/meteo_burkina/meteoburkina.bf/bulletin-du-03-aout-2025-a-12h00-421b0e9b.pdf,uploaded,,2026-04-14T20:45:43.687051+00:00,2026-04-14T21:15:15.680134+00:00
8840e0304c7275587320fce735c9d41a,https://meteoburkina.bf/documents/413/Bulletin_du_02_Ao%C3%BBt__2025_%C3%A0_18h00.pdf,meteoburkina.bf,raw/pdfs/meteo_burkina/meteoburkina.bf/bulletin-du-02-aout-2025-a-18h00-8840e030.pdf,uploaded,,2026-04-14T20:45:43.687051+00:00,2026-04-14T21:15:11.503944+00:00
f1ff034d9ef76b8c45f3aa53b0feb1c1,https://meteoburkina.bf/documents/412/Bulletin_du_02_Ao%C3%BBt__2025_%C3%A0_12h00.pdf,meteoburkina.bf,raw/pdfs/meteo_burkina/meteoburkina.bf/bulletin-du-02-aout-2025-a-12h00-f1ff034d.pdf,uploaded,,2026-04-14T20:45:43.687051+00:00,2026-04-14T21:15:09.079150+00:00
e228afb82b847aabcb51adb8ecec69d4,https://meteoburkina.bf/documents/411/Bulletin_du_1er_Ao%C3%BBt__2025_%C3%A0_12h00.pdf,meteoburkina.bf,raw/pdfs/meteo_burkina/meteoburkina.bf/bulletin-du-1er-aout-2025-a-12h00-e228afb8.pdf,uploaded,,2026-04-14T20:45:43.687051+00:00,2026-04-14T21:15:05.220920+00:00
5d311d000af288f7d4a1eaad975d6770,https://meteoburkina.bf/documents/410/Bulletin_du_1er_Ao%C3%BBt__2025_%C3%A0_18h00.pdf,meteoburkina.bf,raw/pdfs/meteo_burkina/meteoburkina.bf/bulletin-du-1er-aout-2025-a-18h00-5d311d00.pdf,uploaded,,2026-04-14T20:45:43.687051+00:00,2026-04-14T21:15:00.948256+00:00
0d635d3dfe34643652df605a6d084dbe,https://meteoburkina.bf/documents/41/Bad23092.pdf,meteoburkina.bf,raw/pdfs/meteo_burkina/meteoburkina.bf/bad23092-0d635d3d.pdf,uploaded,,2026-04-14T20:45:43.687051+00:00,2026-04-14T21:14:56.390648+00:00
f1883796d9f70cc752df098969fa1869,https://meteoburkina.bf/documents/409/Bulletin_du_31_juillet__2025_%C3%A0_18h00.pdf,meteoburkina.bf,raw/pdfs/meteo_burkina/meteoburkina.bf/bulletin-du-31-juillet-2025-a-18h00-f1883796.pdf,uploaded,,2026-04-14T20:45:43.687051+00:00,2026-04-14T21:14:36.925419+00:00
3bd814ea0dd6343db9b38d6a904f17f7,https://meteoburkina.bf/documents/408/Bulletin_du_31_Juillet__2025_%C3%A0_12h00.pdf,meteoburkina.bf,raw/pdfs/meteo_burkina/meteoburkina.bf/bulletin-du-31-juillet-2025-a-12h00-3bd814ea.pdf,uploaded,,2026-04-14T20:45:43.687051+00:00,2026-04-14T21:14:35.420693+00:00
9890d18ca084ea3385718643d6e73358,https://meteoburkina.bf/documents/406/Bulletin_du_30_Juillet__2025_%C3%A0_12h00.pdf,meteoburkina.bf,raw/pdfs/meteo_burkina/meteoburkina.bf/bulletin-du-30-juillet-2025-a-12h00-9890d18c.pdf,uploaded,,2026-04-14T20:45:43.687051+00:00,2026-04-14T21:14:31.773140+00:00
ad7a199138900890ccbbe695a8a1f903,https://meteoburkina.bf/documents/405/Bulletin_du_30__juillet__2025_%C3%A0_18h00.pdf,meteoburkina.bf,raw/pdfs/meteo_burkina/meteoburkina.bf/bulletin-du-30-juillet-2025-a-18h00-ad7a1991.pdf,uploaded,,2026-04-14T20:45:43.687051+00:00,2026-04-14T21:14:30.075917+00:00
6a93348316b76a26b840850752b1254b,https://meteoburkina.bf/documents/404/Bulletin_du_29__juillet__2025_%C3%A0_18h00.pdf,meteoburkina.bf,raw/pdfs/meteo_burkina/meteoburkina.bf/bulletin-du-29-juillet-2025-a-18h00-6a933483.pdf,uploaded,,2026-04-14T20:45:43.687051+00:00,2026-04-14T21:14:28.649448+00:00
85f3de22cd53a00d665f7d4abe7d7ba4,https://meteoburkina.bf/documents/403/Bulletin_du_29_Juillet__2025_%C3%A0_12h00.pdf,meteoburkina.bf,raw/pdfs/meteo_burkina/meteoburkina.bf/bulletin-du-29-juillet-2025-a-12h00-85f3de22.pdf,uploaded,,2026-04-14T20:45:43.687051+00:00,2026-04-14T21:14:27.194277+00:00
3772d82543a56ee466c75a2571f82377,https://meteoburkina.bf/documents/402/Bulletin_m%C3%A9t%C3%A9orologique_hebdomadaire_du_28_juillet_au_03_ao%C3%BBt_2025_b1AvQGL.pdf,meteoburkina.bf,raw/pdfs/meteo_burkina/meteoburkina.bf/bulletin-meteorologique-hebdomadaire-du-28-juillet-au-03-aout-2025-b1avqgl-3772d825.pdf,uploaded,,2026-04-14T20:45:43.687051+00:00,2026-04-14T21:14:25.341676+00:00
551e72a5b248642b776fbb2edbabe014,https://meteoburkina.bf/documents/400/Communication_National_2025_Mise_%C3%A0_jour_de_Juin.pdf,meteoburkina.bf,raw/pdfs/meteo_burkina/meteoburkina.bf/communication-national-2025-mise-a-jour-de-juin-551e72a5.pdf,uploaded,,2026-04-14T20:45:43.687051+00:00,2026-04-14T21:14:22.600691+00:00
26679032d6b085102a59c65bd221076a,https://meteoburkina.bf/documents/40/Bad23091_G6RSSFQ.pdf,meteoburkina.bf,raw/pdfs/meteo_burkina/meteoburkina.bf/bad23091-g6rssfq-26679032.pdf,uploaded,,2026-04-14T20:45:43.687051+00:00,2026-04-14T21:14:20.960407+00:00
dc5978f98372105d50a2f50ee86d31fc,https://meteoburkina.bf/documents/399/Bulletin_du_23_juillet__2025_%C3%A0_18h00_1.pdf,meteoburkina.bf,raw/pdfs/meteo_burkina/meteoburkina.bf/bulletin-du-23-juillet-2025-a-18h00-1-dc5978f9.pdf,uploaded,,2026-04-14T20:45:43.687051+00:00,2026-04-14T21:14:05.393651+00:00
d37e845a47c8efe15f9d81753026f102,https://meteoburkina.bf/documents/398/Bulletin_du_24_Juillet__2025_%C3%A0_12h00_1.pdf,meteoburkina.bf,raw/pdfs/meteo_burkina/meteoburkina.bf/bulletin-du-24-juillet-2025-a-12h00-1-d37e845a.pdf,uploaded,,2026-04-14T20:45:43.687051+00:00,2026-04-14T21:14:02.732229+00:00
f72128604c39eadd29fd4aae5fdca620,https://meteoburkina.bf/documents/397/Bulletin_du_24_juillet__2025_%C3%A0_18h00.pdf,meteoburkina.bf,raw/pdfs/meteo_burkina/meteoburkina.bf/bulletin-du-24-juillet-2025-a-18h00-f7212860.pdf,uploaded,,2026-04-14T20:45:43.687051+00:00,2026-04-14T21:14:01.320907+00:00
abbacd88d25cadcae12f2f83d52a0b91,https://meteoburkina.bf/documents/396/Bulletin_du_28__juillet__2025_%C3%A0_18h00.pdf,meteoburkina.bf,raw/pdfs/meteo_burkina/meteoburkina.bf/bulletin-du-28-juillet-2025-a-18h00-abbacd88.pdf,uploaded,,2026-04-14T20:45:43.687051+00:00,2026-04-14T21:13:59.856946+00:00
c6c4934c6af744d74feb2d34df3bf92e,https://meteoburkina.bf/documents/395/Bulletin_du_25_juillet__2025_%C3%A0_18h00.pdf,meteoburkina.bf,raw/pdfs/meteo_burkina/meteoburkina.bf/bulletin-du-25-juillet-2025-a-18h00-c6c4934c.pdf,uploaded,,2026-04-14T20:45:43.687051+00:00,2026-04-14T21:13:58.115680+00:00
da7cf29965b410c575fb6caa923cff66,https://meteoburkina.bf/documents/394/Bulletin_du_25_Juillet__2025_%C3%A0_12h00.pdf,meteoburkina.bf,raw/pdfs/meteo_burkina/meteoburkina.bf/bulletin-du-25-juillet-2025-a-12h00-da7cf299.pdf,uploaded,,2026-04-14T20:45:43.687051+00:00,2026-04-14T21:13:56.629184+00:00
fef56dfc0be3d3bc1dcea06e4ce75e64,https://meteoburkina.bf/documents/393/Bulletin_du_26_Juillet__2025_%C3%A0_12h00.pdf,meteoburkina.bf,raw/pdfs/meteo_burkina/meteoburkina.bf/bulletin-du-26-juillet-2025-a-12h00-fef56dfc.pdf,uploaded,,2026-04-14T20:45:43.687051+00:00,2026-04-14T21:13:54.908684+00:00
e679645d9f2c00f2f701d64b9e0087f0,https://meteoburkina.bf/documents/392/Bulletin_du_26__juillet__2025_%C3%A0_18h00.pdf,meteoburkina.bf,raw/pdfs/meteo_burkina/meteoburkina.bf/bulletin-du-26-juillet-2025-a-18h00-e679645d.pdf,uploaded,,2026-04-14T20:45:43.687051+00:00,2026-04-14T21:13:53.146896+00:00
93487a2fd26f3a903c3e36fb486c7ceb,https://meteoburkina.bf/documents/391/Bulletin_du_27__juillet__2025_%C3%A0_18h00.pdf,meteoburkina.bf,raw/pdfs/meteo_burkina/meteoburkina.bf/bulletin-du-27-juillet-2025-a-18h00-93487a2f.pdf,uploaded,,2026-04-14T20:45:43.687051+00:00,2026-04-14T21:13:51.445933+00:00
015692addf09d8d26226c75abc827c20,https://meteoburkina.bf/documents/390/Bulletin_du_27_Juillet__2025_%C3%A0_12h00.pdf,meteoburkina.bf,raw/pdfs/meteo_burkina/meteoburkina.bf/bulletin-du-27-juillet-2025-a-12h00-015692ad.pdf,uploaded,,2026-04-14T20:45:43.687051+00:00,2026-04-14T21:13:50.092272+00:00
6f2a119f3e853ff2394bcd3f52bee84e,https://meteoburkina.bf/documents/39/pr%C3%A9vision_saisonni%C3%A8re_May_2018.pdf,meteoburkina.bf,raw/pdfs/meteo_burkina/meteoburkina.bf/prevision-saisonniere-may-2018-6f2a119f.pdf,uploaded,,2026-04-14T20:45:43.687051+00:00,2026-04-14T21:13:48.322501+00:00
2cc75df17a5ababcdfe19a3a29285b5c,https://meteoburkina.bf/documents/389/Bulletin_du_28_Juillet__2025_%C3%A0_12h00.pdf,meteoburkina.bf,raw/pdfs/meteo_burkina/meteoburkina.bf/bulletin-du-28-juillet-2025-a-12h00-2cc75df1.pdf,uploaded,,2026-04-14T20:45:43.687051+00:00,2026-04-14T21:13:46.592951+00:00
9d44ac56df90542d87fdc98e40560985,https://meteoburkina.bf/documents/388/BAD25072_media.pdf,meteoburkina.bf,raw/pdfs/meteo_burkina/meteoburkina.bf/bad25072-media-9d44ac56.pdf,uploaded,,2026-04-14T20:45:43.687051+00:00,2026-04-14T21:13:44.946532+00:00
f4395d669c4cdcb9cc226f7c8fcdc4f9,https://meteoburkina.bf/documents/387/BAD25072.pdf,meteoburkina.bf,raw/pdfs/meteo_burkina/meteoburkina.bf/bad25072-f4395d66.pdf,uploaded,,2026-04-14T20:45:43.687051+00:00,2026-04-14T21:13:43.531695+00:00
0fe8a4063b8635fd0c92090531af66d2,https://meteoburkina.bf/documents/386/Bulletin_du_23_Juillet__2025_%C3%A0_12h00.pdf,meteoburkina.bf,raw/pdfs/meteo_burkina/meteoburkina.bf/bulletin-du-23-juillet-2025-a-12h00-0fe8a406.pdf,uploaded,,2026-04-14T20:45:43.687051+00:00,2026-04-14T21:13:40.471957+00:00
90aca7f2cf0bb5a646872ba03b2ada87,https://meteoburkina.bf/documents/384/Bulletin_du_21_Juillet__2025_%C3%A0_12h00.pdf,meteoburkina.bf,raw/pdfs/meteo_burkina/meteoburkina.bf/bulletin-du-21-juillet-2025-a-12h00-90aca7f2.pdf,uploaded,,2026-04-14T20:45:43.687051+00:00,2026-04-14T21:13:38.832871+00:00
52238b2ec3fbbe3dcc764bedeba769a3,https://meteoburkina.bf/documents/383/Bulletin_m%C3%A9t%C3%A9orologique_hebdomadaire_du_21_au_27_juillet_2025_Lb5GDjm.pdf,meteoburkina.bf,raw/pdfs/meteo_burkina/meteoburkina.bf/bulletin-meteorologique-hebdomadaire-du-21-au-27-juillet-2025-lb5gdjm-52238b2e.pdf,uploaded,,2026-04-14T20:45:43.687051+00:00,2026-04-14T21:13:37.266658+00:00
70d55081d535ed8cdb536c4975a2b297,https://meteoburkina.bf/documents/38/pr%C3%A9vision_saisonni%C3%A8re_Mai_2019.pdf,meteoburkina.bf,raw/pdfs/meteo_burkina/meteoburkina.bf/prevision-saisonniere-mai-2019-70d55081.pdf,uploaded,,2026-04-14T20:45:43.687051+00:00,2026-04-14T21:13:34.511661+00:00
df5d004129006b93e452d883dcff05be,https://meteoburkina.bf/documents/379/Bulletin_du_19_Juillet__2025_%C3%A0_12h00.pdf,meteoburkina.bf,raw/pdfs/meteo_burkina/meteoburkina.bf/bulletin-du-19-juillet-2025-a-12h00-df5d0041.pdf,uploaded,,2026-04-14T20:45:43.687051+00:00,2026-04-14T21:13:33.052996+00:00
e332c4a27e7cb954263e31745e1be8e5,https://meteoburkina.bf/documents/378/Bulletin_du_18_Juillet__2025_%C3%A0_12h00.pdf,meteoburkina.bf,raw/pdfs/meteo_burkina/meteoburkina.bf/bulletin-du-18-juillet-2025-a-12h00-e332c4a2.pdf,uploaded,,2026-04-14T20:45:43.687051+00:00,2026-04-14T21:13:31.276936+00:00
3a641488b656e9eab7a94973cd581501,https://meteoburkina.bf/documents/377/Bulletin_du_17_Juillet__2025_%C3%A0_12h00.pdf,meteoburkina.bf,raw/pdfs/meteo_burkina/meteoburkina.bf/bulletin-du-17-juillet-2025-a-12h00-3a641488.pdf,uploaded,,2026-04-14T20:45:43.687051+00:00,2026-04-14T21:13:29.596221+00:00
305c331826bf7fdd0fcbf2f90c7894a1,https://meteoburkina.bf/documents/376/Bulletin_m%C3%A9t%C3%A9orologique_hebdomadaire_du_14_au_20_juillet_2025.pdf,meteoburkina.bf,raw/pdfs/meteo_burkina/meteoburkina.bf/bulletin-meteorologique-hebdomadaire-du-14-au-20-juillet-2025-305c3318.pdf,uploaded,,2026-04-14T20:45:43.687051+00:00,2026-04-14T21:13:27.922195+00:00
63e4b77375c55aaf50611068f3bea2a1,https://meteoburkina.bf/documents/375/Bulletin_Mensuel_du_15_juillet_2025.pdf,meteoburkina.bf,raw/pdfs/meteo_burkina/meteoburkina.bf/bulletin-mensuel-du-15-juillet-2025-63e4b773.pdf,uploaded,,2026-04-14T20:45:43.687051+00:00,2026-04-14T21:13:24.635970+00:00
cc2135340348131bf17d9cfa5fdf35c4,https://meteoburkina.bf/documents/373/BAD25071_m%C3%A9dia.pdf,meteoburkina.bf,raw/pdfs/meteo_burkina/meteoburkina.bf/bad25071-media-cc213534.pdf,uploaded,,2026-04-14T20:45:43.687051+00:00,2026-04-14T21:13:22.109727+00:00
48d5c3917aca2cd53d2dffb35ff45e60,https://meteoburkina.bf/documents/372/BAD25071.pdf,meteoburkina.bf,raw/pdfs/meteo_burkina/meteoburkina.bf/bad25071-48d5c391.pdf,uploaded,,2026-04-14T20:45:43.687051+00:00,2026-04-14T21:13:20.412206+00:00
c6f0ad0ae7c1211532fbcae1459297d7,https://meteoburkina.bf/documents/37/pr%C3%A9vision_saisonni%C3%A8re_Avril_2020_RXNP9LM.pdf,meteoburkina.bf,raw/pdfs/meteo_burkina/meteoburkina.bf/prevision-saisonniere-avril-2020-rxnp9lm-c6f0ad0a.pdf,uploaded,,2026-04-14T20:45:43.687051+00:00,2026-04-14T21:13:15.930236+00:00
e893fd3482be720e279a0f5db9c9211a,https://meteoburkina.bf/documents/368/Bulletin_du_11_Juillet__2025_%C3%A0_12h00.pdf,meteoburkina.bf,raw/pdfs/meteo_burkina/meteoburkina.bf/bulletin-du-11-juillet-2025-a-12h00-e893fd34.pdf,uploaded,,2026-04-14T20:45:43.687051+00:00,2026-04-14T21:13:09.916028+00:00
30086781a952acad0b5332216171ec6b,https://meteoburkina.bf/documents/367/Bulletin_du_09_Juillet__2025_%C3%A0_12h00.pdf,meteoburkina.bf,raw/pdfs/meteo_burkina/meteoburkina.bf/bulletin-du-09-juillet-2025-a-12h00-30086781.pdf,uploaded,,2026-04-14T20:45:43.687051+00:00,2026-04-14T21:13:07.955237+00:00
010edf7a23e993e3e529665811f92097,https://meteoburkina.bf/documents/364/Bulletin_du_08_Juillet__2025_%C3%A0_12h00.pdf,meteoburkina.bf,raw/pdfs/meteo_burkina/meteoburkina.bf/bulletin-du-08-juillet-2025-a-12h00-010edf7a.pdf,uploaded,,2026-04-14T20:45:43.687051+00:00,2026-04-14T21:13:05.650916+00:00
db7d56a2eedd69aab10a09dd7c446d6a,https://meteoburkina.bf/documents/363/Bulletin_du_06_Juillet__2025_%C3%A0_12h00.pdf,meteoburkina.bf,raw/pdfs/meteo_burkina/meteoburkina.bf/bulletin-du-06-juillet-2025-a-12h00-db7d56a2.pdf,uploaded,,2026-04-14T20:45:43.687051+00:00,2026-04-14T21:13:02.721025+00:00
9508da76387c47528728cc71e2a80d53,https://meteoburkina.bf/documents/362/Bulletin_du_04_Juillet__2025_%C3%A0_12h00.pdf,meteoburkina.bf,raw/pdfs/meteo_burkina/meteoburkina.bf/bulletin-du-04-juillet-2025-a-12h00-9508da76.pdf,uploaded,,2026-04-14T20:45:43.687051+00:00,2026-04-14T21:13:01.260213+00:00
5eebf5a3908888ea9b55037d47a42d8b,https://meteoburkina.bf/documents/361/BAD25063_m%C3%A9dia.pdf,meteoburkina.bf,raw/pdfs/meteo_burkina/meteoburkina.bf/bad25063-media-5eebf5a3.pdf,uploaded,,2026-04-14T20:45:43.687051+00:00,2026-04-14T21:12:59.689158+00:00
b07a3e7636cd8451ea998793abbf2f9b,https://meteoburkina.bf/documents/360/BAD25063.pdf,meteoburkina.bf,raw/pdfs/meteo_burkina/meteoburkina.bf/bad25063-b07a3e76.pdf,uploaded,,2026-04-14T20:45:43.687051+00:00,2026-04-14T21:12:58.255985+00:00
7eff5979678fe20602d3e42a1509e84e,https://meteoburkina.bf/documents/358/Bulletin_Mensuel_du_1er_Juillet_2025.pdf,meteoburkina.bf,raw/pdfs/meteo_burkina/meteoburkina.bf/bulletin-mensuel-du-1er-juillet-2025-7eff5979.pdf,uploaded,,2026-04-14T20:45:43.687051+00:00,2026-04-14T21:12:55.550738+00:00
a85d41181fe4d100ffcca9da7e160f26,https://meteoburkina.bf/documents/357/Bulletin_du_30_Juin__2025_%C3%A0_12h00.pdf,meteoburkina.bf,raw/pdfs/meteo_burkina/meteoburkina.bf/bulletin-du-30-juin-2025-a-12h00-a85d4118.pdf,uploaded,,2026-04-14T20:45:43.687051+00:00,2026-04-14T21:12:53.484784+00:00
39158e949546d43fa4ae82e967fda408,https://meteoburkina.bf/documents/356/Bulletin_du_29_Juin__2025_%C3%A0_12h00_KVBRjBb.pdf,meteoburkina.bf,raw/pdfs/meteo_burkina/meteoburkina.bf/bulletin-du-29-juin-2025-a-12h00-kvbrjbb-39158e94.pdf,uploaded,,2026-04-14T20:45:43.687051+00:00,2026-04-14T21:12:51.767938+00:00
f0844bb83dbf76bfb3c7f41d9d1abb6a,https://meteoburkina.bf/documents/355/Bulletin_du_29_Juin__2025_%C3%A0_12h00.pdf,meteoburkina.bf,raw/pdfs/meteo_burkina/meteoburkina.bf/bulletin-du-29-juin-2025-a-12h00-f0844bb8.pdf,uploaded,,2026-04-14T20:45:43.687051+00:00,2026-04-14T21:12:50.349417+00:00
32bc26cfe2cb7d4d34ad6bbdd80b538e,https://meteoburkina.bf/documents/354/Bulletin_du_28_Juin__2025_%C3%A0_12h00.pdf,meteoburkina.bf,raw/pdfs/meteo_burkina/meteoburkina.bf/bulletin-du-28-juin-2025-a-12h00-32bc26cf.pdf,uploaded,,2026-04-14T20:45:43.687051+00:00,2026-04-14T21:12:48.497212+00:00
a52c7c588892e3be9b8a98798c123b1a,https://meteoburkina.bf/documents/353/Bulletin_du_27_Juin__2025_%C3%A0_12h00_dbzbCZ4.pdf,meteoburkina.bf,raw/pdfs/meteo_burkina/meteoburkina.bf/bulletin-du-27-juin-2025-a-12h00-dbzbcz4-a52c7c58.pdf,uploaded,,2026-04-14T20:45:43.687051+00:00,2026-04-14T21:12:46.590209+00:00
906e59bf9b8e99f1aeef21a7c62e35bd,https://meteoburkina.bf/documents/352/Bulletin_du_27_Juin__2025_%C3%A0_12h00.pdf,meteoburkina.bf,raw/pdfs/meteo_burkina/meteoburkina.bf/bulletin-du-27-juin-2025-a-12h00-906e59bf.pdf,uploaded,,2026-04-14T20:45:43.687051+00:00,2026-04-14T21:12:45.131939+00:00
250583e866aae4223bd56b9a16a6bea1,https://meteoburkina.bf/documents/351/Bulletin_du_26_Juin__2025_%C3%A0_12h00.pdf,meteoburkina.bf,raw/pdfs/meteo_burkina/meteoburkina.bf/bulletin-du-26-juin-2025-a-12h00-250583e8.pdf,uploaded,,2026-04-14T20:45:43.687051+00:00,2026-04-14T21:12:43.602592+00:00
2356875fc044b7218c6eb60394f25acb,https://meteoburkina.bf/documents/350/Bulletin_du_25_Juin__2025_%C3%A0_12h00_s8mjS0N.pdf,meteoburkina.bf,raw/pdfs/meteo_burkina/meteoburkina.bf/bulletin-du-25-juin-2025-a-12h00-s8mjs0n-2356875f.pdf,uploaded,,2026-04-14T20:45:43.687051+00:00,2026-04-14T21:12:41.851475+00:00
53eedec40d2113a8039b5af7b29e0f3f,https://meteoburkina.bf/documents/349/Bulletin_du_25_Juin__2025_%C3%A0_12h00.pdf,meteoburkina.bf,raw/pdfs/meteo_burkina/meteoburkina.bf/bulletin-du-25-juin-2025-a-12h00-53eedec4.pdf,uploaded,,2026-04-14T20:45:43.687051+00:00,2026-04-14T21:12:39.373255+00:00
4f5e093eba9d3858df22ade8c8e8c3db,https://meteoburkina.bf/documents/348/Bulletin_du_24_Juin__2025_%C3%A0_12h00.pdf,meteoburkina.bf,raw/pdfs/meteo_burkina/meteoburkina.bf/bulletin-du-24-juin-2025-a-12h00-4f5e093e.pdf,uploaded,,2026-04-14T20:45:43.687051+00:00,2026-04-14T21:12:37.043924+00:00
e6be0ccc69130db0ee142c04e4ccdbeb,https://meteoburkina.bf/documents/347/BAD25062.pdf,meteoburkina.bf,raw/pdfs/meteo_burkina/meteoburkina.bf/bad25062-e6be0ccc.pdf,uploaded,,2026-04-14T20:45:43.687051+00:00,2026-04-14T21:12:34.466921+00:00
0fff553d21f807f0d8ac331a4f2da99d,https://meteoburkina.bf/documents/346/BAD25062_m%C3%A9dia.pdf,meteoburkina.bf,raw/pdfs/meteo_burkina/meteoburkina.bf/bad25062-media-0fff553d.pdf,uploaded,,2026-04-14T20:45:43.687051+00:00,2026-04-14T21:12:28.835426+00:00
7a8d91f086ba857913c1c66648cc9221,https://meteoburkina.bf/documents/345/Bulletin_du_23_Juin__2025_%C3%A0_12h00_rs1w8pE.pdf,meteoburkina.bf,raw/pdfs/meteo_burkina/meteoburkina.bf/bulletin-du-23-juin-2025-a-12h00-rs1w8pe-7a8d91f0.pdf,uploaded,,2026-04-14T20:45:43.687051+00:00,2026-04-14T21:12:26.627677+00:00
89cab5072fb669b44cf8c74b5a317884,https://meteoburkina.bf/documents/344/Bulletin_du_23_Juin__2025_%C3%A0_12h00.pdf,meteoburkina.bf,raw/pdfs/meteo_burkina/meteoburkina.bf/bulletin-du-23-juin-2025-a-12h00-89cab507.pdf,uploaded,,2026-04-14T20:45:43.687051+00:00,2026-04-14T21:12:24.156708+00:00
7c5fc0a741875cd3bc475673d2fbb376,https://meteoburkina.bf/documents/343/Bulletin_du_22_Juin__2025_%C3%A0_12h00.pdf,meteoburkina.bf,raw/pdfs/meteo_burkina/meteoburkina.bf/bulletin-du-22-juin-2025-a-12h00-7c5fc0a7.pdf,uploaded,,2026-04-14T20:45:43.687051+00:00,2026-04-14T21:12:21.480498+00:00
02c0b223b3203b273f9a128941933b84,https://meteoburkina.bf/documents/342/BAD25061_GIHNzwQ.pdf,meteoburkina.bf,raw/pdfs/meteo_burkina/meteoburkina.bf/bad25061-gihnzwq-02c0b223.pdf,uploaded,,2026-04-14T20:45:43.687051+00:00,2026-04-14T21:12:18.828212+00:00
1368139c492b61722eec72fe11acaf6b,https://meteoburkina.bf/documents/340/BAD25061_m%C3%A9dia.pdf,meteoburkina.bf,raw/pdfs/meteo_burkina/meteoburkina.bf/bad25061-media-1368139c.pdf,uploaded,,2026-04-14T20:45:43.687051+00:00,2026-04-14T21:12:11.203248+00:00
d292c0917f3ea39263c1e1ed2e073a44,https://meteoburkina.bf/documents/34/pr%C3%A9vision_saisonni%C3%A8re_Juin_2023.pdf,meteoburkina.bf,raw/pdfs/meteo_burkina/meteoburkina.bf/prevision-saisonniere-juin-2023-d292c091.pdf,uploaded,,2026-04-14T20:45:43.687051+00:00,2026-04-14T21:12:09.017564+00:00
573965fea5896a6c3f5a651d41b40a1b,https://meteoburkina.bf/documents/339/Bulletin_du_12_Juin__2025_%C3%A0_12h00_COjy2cf.pdf,meteoburkina.bf,raw/pdfs/meteo_burkina/meteoburkina.bf/bulletin-du-12-juin-2025-a-12h00-cojy2cf-573965fe.pdf,uploaded,,2026-04-14T20:45:43.687051+00:00,2026-04-14T21:12:06.702307+00:00
6689389837f7ff34d3511775d5abbd34,https://meteoburkina.bf/documents/338/Bulletin_du_12_Juin__2025_%C3%A0_12h00.pdf,meteoburkina.bf,raw/pdfs/meteo_burkina/meteoburkina.bf/bulletin-du-12-juin-2025-a-12h00-66893898.pdf,uploaded,,2026-04-14T20:45:43.687051+00:00,2026-04-14T21:12:04.155187+00:00
1163ad735c8c981d058ed78be045f10b,https://meteoburkina.bf/documents/688/BAD25123.pdf,meteoburkina.bf,raw/pdfs/meteo_burkina/meteoburkina.bf/bad25123-1163ad73.pdf,uploaded,,2026-04-14T20:45:43.687051+00:00,2026-04-14T21:12:01.582495+00:00
dffb3568a0b78337792071b1693ac9cd,https://meteoburkina.bf/documents/335/Bulletin_du_07_Juin__2025_%C3%A0_12h00.pdf,meteoburkina.bf,raw/pdfs/meteo_burkina/meteoburkina.bf/bulletin-du-07-juin-2025-a-12h00-dffb3568.pdf,uploaded,,2026-04-14T20:45:43.687051+00:00,2026-04-14T21:11:56.958686+00:00
25e08f720add18e8cd821225d2eb24e9,https://meteoburkina.bf/documents/334/Bulletin_du_05_Juin__2025_%C3%A0_12h00.pdf,meteoburkina.bf,raw/pdfs/meteo_burkina/meteoburkina.bf/bulletin-du-05-juin-2025-a-12h00-25e08f72.pdf,uploaded,,2026-04-14T20:45:43.687051+00:00,2026-04-14T21:11:54.420758+00:00
225e2624dfbc1089a7e43d0265c16f1c,https://meteoburkina.bf/documents/332/BAD25053.pdf,meteoburkina.bf,raw/pdfs/meteo_burkina/meteoburkina.bf/bad25053-225e2624.pdf,uploaded,,2026-04-14T20:45:43.687051+00:00,2026-04-14T21:11:51.854970+00:00
54db0b1a1e12cf4dae16e0c80f0352f6,https://meteoburkina.bf/documents/331/BAD25053_m%C3%A9dia.pdf,meteoburkina.bf,raw/pdfs/meteo_burkina/meteoburkina.bf/bad25053-media-54db0b1a.pdf,uploaded,,2026-04-14T20:45:43.687051+00:00,2026-04-14T21:11:46.569453+00:00
cd7bb1b3754294dc9eee91fecfaa42ca,https://meteoburkina.bf/documents/330/Bulletin_du_31_Mai__2025_%C3%A0_12h00.pdf,meteoburkina.bf,raw/pdfs/meteo_burkina/meteoburkina.bf/bulletin-du-31-mai-2025-a-12h00-cd7bb1b3.pdf,uploaded,,2026-04-14T20:45:43.687051+00:00,2026-04-14T21:11:44.489489+00:00
2904951457eb8f66df27e71c70fe6e1f,https://meteoburkina.bf/documents/33/Bad23083_RWvLGdd.pdf,meteoburkina.bf,raw/pdfs/meteo_burkina/meteoburkina.bf/bad23083-rwvlgdd-29049514.pdf,uploaded,,2026-04-14T20:45:43.687051+00:00,2026-04-14T21:11:40.563952+00:00
5950a2c818ed887a5370b1f7b7bf573c,https://meteoburkina.bf/documents/329/Bulletin_du_27_Mai__2025_%C3%A0_12h00.pdf,meteoburkina.bf,raw/pdfs/meteo_burkina/meteoburkina.bf/bulletin-du-27-mai-2025-a-12h00-5950a2c8.pdf,uploaded,,2026-04-14T20:45:43.687051+00:00,2026-04-14T21:11:15.365319+00:00
4aa1c0079704351202facb61bfd801c3,https://meteoburkina.bf/documents/328/Bulletin_du_26_Mai__2025_%C3%A0_12h00.pdf,meteoburkina.bf,raw/pdfs/meteo_burkina/meteoburkina.bf/bulletin-du-26-mai-2025-a-12h00-4aa1c007.pdf,uploaded,,2026-04-14T20:45:43.687051+00:00,2026-04-14T21:11:12.750235+00:00
5eacaa46ca8dc23cef5c0e530e58b373,https://meteoburkina.bf/documents/326/BAD25052_m%C3%A9dia.pdf,meteoburkina.bf,raw/pdfs/meteo_burkina/meteoburkina.bf/bad25052-media-5eacaa46.pdf,uploaded,,2026-04-14T20:45:43.687051+00:00,2026-04-14T21:11:10.246015+00:00
27512e0de7e022fffde46a50497bd472,https://meteoburkina.bf/documents/325/BAD25052.pdf,meteoburkina.bf,raw/pdfs/meteo_burkina/meteoburkina.bf/bad25052-27512e0d.pdf,uploaded,,2026-04-14T20:45:43.687051+00:00,2026-04-14T21:11:07.373473+00:00
3863b2c8e1ec161a898f352b733ffd0d,https://meteoburkina.bf/documents/324/Bulletin_du_23_Mai__2025_%C3%A0_12h00.pdf,meteoburkina.bf,raw/pdfs/meteo_burkina/meteoburkina.bf/bulletin-du-23-mai-2025-a-12h00-3863b2c8.pdf,uploaded,,2026-04-14T20:45:43.687051+00:00,2026-04-14T21:10:59.430003+00:00
b54fff3aa8757b03bf1b2b08d7740535,https://meteoburkina.bf/documents/322/Bulletin_du_21_Mai__2025_%C3%A0_12h00.pdf,meteoburkina.bf,raw/pdfs/meteo_burkina/meteoburkina.bf/bulletin-du-21-mai-2025-a-12h00-b54fff3a.pdf,uploaded,,2026-04-14T20:45:43.687051+00:00,2026-04-14T21:10:55.725212+00:00
8e86a41ea677e0e29b49bc77ca8842f8,https://meteoburkina.bf/documents/321/Bulletin_du_20_Mai__2025_%C3%A0_12h00.pdf,meteoburkina.bf,raw/pdfs/meteo_burkina/meteoburkina.bf/bulletin-du-20-mai-2025-a-12h00-8e86a41e.pdf,uploaded,,2026-04-14T20:45:43.687051+00:00,2026-04-14T21:10:51.612955+00:00
8cfff25b4c23c56186d9113aa2a2eebe,https://meteoburkina.bf/documents/320/BAD25051_m%C3%A9dia.pdf,meteoburkina.bf,raw/pdfs/meteo_burkina/meteoburkina.bf/bad25051-media-8cfff25b.pdf,uploaded,,2026-04-14T20:45:43.687051+00:00,2026-04-14T21:10:48.289757+00:00
f3157e35fb55363d79aea68609f9ef80,https://meteoburkina.bf/documents/317/Bulletin_du_17_Mai__2025_%C3%A0_12h00.pdf,meteoburkina.bf,raw/pdfs/meteo_burkina/meteoburkina.bf/bulletin-du-17-mai-2025-a-12h00-f3157e35.pdf,uploaded,,2026-04-14T20:45:43.687051+00:00,2026-04-14T21:10:42.419494+00:00
6f08b4761d9790817a9a9e3ba2abe483,https://meteoburkina.bf/documents/316/Bulletin_du_16_Mai__2025_%C3%A0_12h00_6CePLvK.pdf,meteoburkina.bf,raw/pdfs/meteo_burkina/meteoburkina.bf/bulletin-du-16-mai-2025-a-12h00-6ceplvk-6f08b476.pdf,uploaded,,2026-04-14T20:45:43.687051+00:00,2026-04-14T21:10:39.419180+00:00
acf6959f3c85dab5a0e978dac566f19b,https://meteoburkina.bf/documents/312/BAD25051.pdf,meteoburkina.bf,raw/pdfs/meteo_burkina/meteoburkina.bf/bad25051-acf6959f.pdf,uploaded,,2026-04-14T20:45:43.687051+00:00,2026-04-14T21:10:35.847710+00:00
da5d88f3080e2982e8ad1ff78d5e9974,https://meteoburkina.bf/documents/311/Bulletin_du_05_Mai__2025_%C3%A0_12h00_s8bRhpD.pdf,meteoburkina.bf,raw/pdfs/meteo_burkina/meteoburkina.bf/bulletin-du-05-mai-2025-a-12h00-s8brhpd-da5d88f3.pdf,uploaded,,2026-04-14T20:45:43.687051+00:00,2026-04-14T21:10:31.270744+00:00
46319631eace302ef22df3ffc5184d28,https://meteoburkina.bf/documents/31/Bad23082.pdf,meteoburkina.bf,raw/pdfs/meteo_burkina/meteoburkina.bf/bad23082-46319631.pdf,uploaded,,2026-04-14T20:45:43.687051+00:00,2026-04-14T21:10:28.967462+00:00
f6c5976c142d316464146a8c76c65c1c,https://meteoburkina.bf/documents/309/Bulletin_prevision_saisonni%C3%A8re_2025_HBDSWNJ.pdf,meteoburkina.bf,raw/pdfs/meteo_burkina/meteoburkina.bf/bulletin-prevision-saisonniere-2025-hbdswnj-f6c5976c.pdf,uploaded,,2026-04-14T20:45:43.687051+00:00,2026-04-14T21:10:10.689784+00:00
9f694b3946b0f15a0e326ba29ba364d0,https://meteoburkina.bf/documents/307/Pr%C3%A9vision_saisonni%C3%A8re_ANAM_2025.pdf,meteoburkina.bf,raw/pdfs/meteo_burkina/meteoburkina.bf/prevision-saisonniere-anam-2025-9f694b39.pdf,uploaded,,2026-04-14T20:45:43.687051+00:00,2026-04-14T21:10:07.474312+00:00
2acf0df88d62d52827ed8a2b24710ebe,https://meteoburkina.bf/documents/306/Bulletin_du_06_Mai__2025_%C3%A0_12h00_b4kz5oT.pdf,meteoburkina.bf,raw/pdfs/meteo_burkina/meteoburkina.bf/bulletin-du-06-mai-2025-a-12h00-b4kz5ot-2acf0df8.pdf,uploaded,,2026-04-14T20:45:43.687051+00:00,2026-04-14T21:09:59.180788+00:00
331da58d98c14d11199d22911501bfda,https://meteoburkina.bf/documents/303/BAD25043_m%C3%A9dia.pdf,meteoburkina.bf,raw/pdfs/meteo_burkina/meteoburkina.bf/bad25043-media-331da58d.pdf,uploaded,,2026-04-14T20:45:43.687051+00:00,2026-04-14T21:09:56.544558+00:00
a50fd6508dfbf2ed767f41f35b22c087,https://meteoburkina.bf/documents/302/BAD25043.pdf,meteoburkina.bf,raw/pdfs/meteo_burkina/meteoburkina.bf/bad25043-a50fd650.pdf,uploaded,,2026-04-14T20:45:43.687051+00:00,2026-04-14T21:09:51.093748+00:00
072f5b35373cbd161a8a0f0d791bca9f,https://meteoburkina.bf/documents/301/Bulletin_du_04_Mai__2025_%C3%A0_12h00.pdf,meteoburkina.bf,raw/pdfs/meteo_burkina/meteoburkina.bf/bulletin-du-04-mai-2025-a-12h00-072f5b35.pdf,uploaded,,2026-04-14T20:45:43.687051+00:00,2026-04-14T21:09:46.575202+00:00
cd5941f06ea3dcbb26c4e7c75567bc0d,https://meteoburkina.bf/documents/300/Bulletin_du_03_Mai__2025_%C3%A0_12h00.pdf,meteoburkina.bf,raw/pdfs/meteo_burkina/meteoburkina.bf/bulletin-du-03-mai-2025-a-12h00-cd5941f0.pdf,uploaded,,2026-04-14T20:45:43.687051+00:00,2026-04-14T21:09:44.179455+00:00
bb45b6602c99c38cb3bdb6e438b5a834,https://meteoburkina.bf/documents/30/Bad23081_U6hXnMX.pdf,meteoburkina.bf,raw/pdfs/meteo_burkina/meteoburkina.bf/bad23081-u6hxnmx-bb45b660.pdf,uploaded,,2026-04-14T20:45:43.687051+00:00,2026-04-14T21:09:41.730262+00:00
bfb5af59063e4d4fbc31a66e7da0398f,https://meteoburkina.bf/documents/299/Bulletin_du_02_Mai__2025_%C3%A0_12h00.pdf,meteoburkina.bf,raw/pdfs/meteo_burkina/meteoburkina.bf/bulletin-du-02-mai-2025-a-12h00-bfb5af59.pdf,uploaded,,2026-04-14T20:45:43.687051+00:00,2026-04-14T21:09:18.714092+00:00
f37d227d2853540abb591bc86e02a4be,https://meteoburkina.bf/documents/292/Bulletin_du_24_Avril__2025_%C3%A0_12h00.pdf,meteoburkina.bf,raw/pdfs/meteo_burkina/meteoburkina.bf/bulletin-du-24-avril-2025-a-12h00-f37d227d.pdf,uploaded,,2026-04-14T20:45:43.687051+00:00,2026-04-14T21:09:16.215217+00:00
7b194497a7e50048ef104b62c5ae3d4b,https://meteoburkina.bf/documents/291/BAD25042.pdf,meteoburkina.bf,raw/pdfs/meteo_burkina/meteoburkina.bf/bad25042-7b194497.pdf,uploaded,,2026-04-14T20:45:43.687051+00:00,2026-04-14T21:09:13.718755+00:00
02b9a0ae146c84dc1c6d78dccff7feea,https://meteoburkina.bf/documents/290/BAD25042_m%C3%A9dia.pdf,meteoburkina.bf,raw/pdfs/meteo_burkina/meteoburkina.bf/bad25042-media-02b9a0ae.pdf,uploaded,,2026-04-14T20:45:43.687051+00:00,2026-04-14T21:09:07.073997+00:00
fc5914ddad82a3097fdcebb62ea6ac02,https://meteoburkina.bf/documents/289/Bulletin_du_22_Avril__2025_%C3%A0_12h00.pdf,meteoburkina.bf,raw/pdfs/meteo_burkina/meteoburkina.bf/bulletin-du-22-avril-2025-a-12h00-fc5914dd.pdf,uploaded,,2026-04-14T20:45:43.687051+00:00,2026-04-14T21:08:54.579764+00:00
a85c0cadedefe29c52e4ee7b58dc1173,https://meteoburkina.bf/documents/288/Bulletin_du_21_Avril__2025_%C3%A0_12h00.pdf,meteoburkina.bf,raw/pdfs/meteo_burkina/meteoburkina.bf/bulletin-du-21-avril-2025-a-12h00-a85c0cad.pdf,uploaded,,2026-04-14T20:45:43.687051+00:00,2026-04-14T21:08:51.936477+00:00
7db111d6235b6e8ec5f50aec93a09bba,https://meteoburkina.bf/documents/284/Bulletin_du_15_Avril__2025_%C3%A0_12h00.pdf,meteoburkina.bf,raw/pdfs/meteo_burkina/meteoburkina.bf/bulletin-du-15-avril-2025-a-12h00-7db111d6.pdf,uploaded,,2026-04-14T20:45:43.687051+00:00,2026-04-14T21:08:49.111767+00:00
56ede78687bf7e3d024580735360ad50,https://meteoburkina.bf/documents/283/Bulletin_du_14_avril__2025_%C3%A0_18h00.pdf,meteoburkina.bf,raw/pdfs/meteo_burkina/meteoburkina.bf/bulletin-du-14-avril-2025-a-18h00-56ede786.pdf,uploaded,,2026-04-14T20:45:43.687051+00:00,2026-04-14T21:08:46.296037+00:00
6caa6a182394cb745404d404c9087542,https://meteoburkina.bf/documents/281/BAD25041_m%C3%A9dia.pdf,meteoburkina.bf,raw/pdfs/meteo_burkina/meteoburkina.bf/bad25041-media-6caa6a18.pdf,uploaded,,2026-04-14T20:45:43.687051+00:00,2026-04-14T21:08:43.696099+00:00
d839497d7452ecd168abb48b12f09d1e,https://meteoburkina.bf/documents/280/BAD25041.pdf,meteoburkina.bf,raw/pdfs/meteo_burkina/meteoburkina.bf/bad25041-d839497d.pdf,uploaded,,2026-04-14T20:45:43.687051+00:00,2026-04-14T21:08:32.588761+00:00
b6dd44a51fb45bd125e4c423cb1d14c8,https://meteoburkina.bf/documents/276/Bulletin_climat_sante_09_au_15_Avril_2025_XFj8wDg.pdf,meteoburkina.bf,raw/pdfs/meteo_burkina/meteoburkina.bf/bulletin-climat-sante-09-au-15-avril-2025-xfj8wdg-b6dd44a5.pdf,uploaded,,2026-04-14T20:45:43.687051+00:00,2026-04-14T21:08:27.229277+00:00
5af8675b608ea2665ff4309de5980ca5,https://meteoburkina.bf/documents/27/Bad23063.pdf,meteoburkina.bf,raw/pdfs/meteo_burkina/meteoburkina.bf/bad23063-5af8675b.pdf,uploaded,,2026-04-14T20:45:43.687051+00:00,2026-04-14T21:08:18.869290+00:00
cdfa6646aa1f6b8958f39de5bade7baa,https://meteoburkina.bf/documents/266/BAD25033_m%C3%A9dia.pdf,meteoburkina.bf,raw/pdfs/meteo_burkina/meteoburkina.bf/bad25033-media-cdfa6646.pdf,uploaded,,2026-04-14T20:45:43.687051+00:00,2026-04-14T21:07:59.208374+00:00
e59142d517574db7f9c4c5c13c2d4748,https://meteoburkina.bf/documents/265/BAD25033.pdf,meteoburkina.bf,raw/pdfs/meteo_burkina/meteoburkina.bf/bad25033-e59142d5.pdf,uploaded,,2026-04-14T20:45:43.687051+00:00,2026-04-14T21:07:56.212576+00:00
6123b898956a99c00b084ba0b974a4ff,https://meteoburkina.bf/documents/263/Bulletin_climat_sante_02_au_08_Avril_2025.pdf,meteoburkina.bf,raw/pdfs/meteo_burkina/meteoburkina.bf/bulletin-climat-sante-02-au-08-avril-2025-6123b898.pdf,uploaded,,2026-04-14T20:45:43.687051+00:00,2026-04-14T21:07:51.361281+00:00
aace435cbf237dca2f5471322a16f012,https://meteoburkina.bf/documents/26/Bad23062.pdf,meteoburkina.bf,raw/pdfs/meteo_burkina/meteoburkina.bf/bad23062-aace435c.pdf,uploaded,,2026-04-14T20:45:43.687051+00:00,2026-04-14T21:07:48.142535+00:00
f21a814b7eab03cc8eff673f74e6b269,https://meteoburkina.bf/documents/254/BAD25032_m%C3%A9dia.pdf,meteoburkina.bf,raw/pdfs/meteo_burkina/meteoburkina.bf/bad25032-media-f21a814b.pdf,uploaded,,2026-04-14T20:45:43.687051+00:00,2026-04-14T21:07:36.688754+00:00
cccbd76680e945756b18b9aa493d0e25,https://meteoburkina.bf/documents/253/BAD25032.pdf,meteoburkina.bf,raw/pdfs/meteo_burkina/meteoburkina.bf/bad25032-cccbd766.pdf,uploaded,,2026-04-14T20:45:43.687051+00:00,2026-04-14T21:07:29.540329+00:00
4462f38939ef45ddef9e4a432c4c8add,https://meteoburkina.bf/documents/252/Bulletin_climat_sante_19_Mars_2025.pdf,meteoburkina.bf,raw/pdfs/meteo_burkina/meteoburkina.bf/bulletin-climat-sante-19-mars-2025-4462f389.pdf,uploaded,,2026-04-14T20:45:43.687051+00:00,2026-04-14T21:07:18.470024+00:00
794748daca8160a40d29089a44b60647,https://meteoburkina.bf/documents/25/Bad23053.pdf,meteoburkina.bf,raw/pdfs/meteo_burkina/meteoburkina.bf/bad23053-794748da.pdf,uploaded,,2026-04-14T20:45:43.687051+00:00,2026-04-14T21:07:16.089812+00:00
1b296094661cef7299fc59c4c598d8cb,https://meteoburkina.bf/documents/248/BAD25031_m%C3%A9dia.pdf,meteoburkina.bf,raw/pdfs/meteo_burkina/meteoburkina.bf/bad25031-media-1b296094.pdf,uploaded,,2026-04-14T20:45:43.687051+00:00,2026-04-14T21:06:53.341315+00:00
bc0f169fdb912906d4c96e96df95e966,https://meteoburkina.bf/documents/247/BAD25031.pdf,meteoburkina.bf,raw/pdfs/meteo_burkina/meteoburkina.bf/bad25031-bc0f169f.pdf,uploaded,,2026-04-14T20:45:43.687051+00:00,2026-04-14T21:06:46.803572+00:00
10e8524e240e68f401177192a6829147,https://meteoburkina.bf/documents/24/Bad23052.pdf,meteoburkina.bf,raw/pdfs/meteo_burkina/meteoburkina.bf/bad23052-10e8524e.pdf,uploaded,,2026-04-14T20:45:43.687051+00:00,2026-04-14T21:06:36.527786+00:00
785d585f5e69d88677d3334ab03f8d92,https://meteoburkina.bf/documents/232/BAD25023_m%C3%A9dia.pdf,meteoburkina.bf,raw/pdfs/meteo_burkina/meteoburkina.bf/bad25023-media-785d585f.pdf,uploaded,,2026-04-14T20:45:43.687051+00:00,2026-04-14T21:06:14.270154+00:00
7653451e36f3274d305d7796d73c0ed4,https://meteoburkina.bf/documents/231/BAD25023.pdf,meteoburkina.bf,raw/pdfs/meteo_burkina/meteoburkina.bf/bad25023-7653451e.pdf,uploaded,,2026-04-14T20:45:43.687051+00:00,2026-04-14T21:06:07.807807+00:00
030c498df94b16c1db4fcd6239e49cf0,https://meteoburkina.bf/documents/23/Bad23061.pdf,meteoburkina.bf,raw/pdfs/meteo_burkina/meteoburkina.bf/bad23061-030c498d.pdf,uploaded,,2026-04-14T20:45:43.687051+00:00,2026-04-14T21:05:58.673414+00:00
3576d84f6a0e6ce2fd5670bc6c70b950,https://meteoburkina.bf/documents/227/BAD25022.pdf,meteoburkina.bf,raw/pdfs/meteo_burkina/meteoburkina.bf/bad25022-3576d84f.pdf,uploaded,,2026-04-14T20:45:43.687051+00:00,2026-04-14T21:05:37.979246+00:00
156eac92826d1f25e58b8240653a0b0e,https://meteoburkina.bf/documents/226/BAD25022_m%C3%A9dia.pdf,meteoburkina.bf,raw/pdfs/meteo_burkina/meteoburkina.bf/bad25022-media-156eac92.pdf,uploaded,,2026-04-14T20:45:43.687051+00:00,2026-04-14T21:05:29.081247+00:00
c82e93097bff81ff92f58c0ab0647e01,https://meteoburkina.bf/documents/222/Bulletin_vagues_de_chaleur_21052024.pdf,meteoburkina.bf,raw/pdfs/meteo_burkina/meteoburkina.bf/bulletin-vagues-de-chaleur-21052024-c82e9309.pdf,uploaded,,2026-04-14T20:45:43.687051+00:00,2026-04-14T21:05:22.764865+00:00
bc1e82527149efc892b10ec2261e3013,https://meteoburkina.bf/documents/221/Bulletin_climat_sante_14_mai_2024.pdf,meteoburkina.bf,raw/pdfs/meteo_burkina/meteoburkina.bf/bulletin-climat-sante-14-mai-2024-bc1e8252.pdf,uploaded,,2026-04-14T20:45:43.687051+00:00,2026-04-14T21:05:20.618571+00:00
4c444c193b50a8e972d34ce133658dcd,https://meteoburkina.bf/documents/22/Bad23051_npjkZqU.pdf,meteoburkina.bf,raw/pdfs/meteo_burkina/meteoburkina.bf/bad23051-npjkzqu-4c444c19.pdf,uploaded,,2026-04-14T20:45:43.687051+00:00,2026-04-14T21:05:18.431360+00:00
88b05d7e35fe58d0480a7c736375c288,https://meteoburkina.bf/documents/218/BAD_Media24101_OS16aMo.pdf,meteoburkina.bf,raw/pdfs/meteo_burkina/meteoburkina.bf/bad-media24101-os16amo-88b05d7e.pdf,uploaded,,2026-04-14T20:45:43.687051+00:00,2026-04-14T21:04:58.341015+00:00
1287b2d501e0df0516be91b32fac1d86,https://meteoburkina.bf/documents/216/Bulletin_climat_sante_07_mai_2024.pdf,meteoburkina.bf,raw/pdfs/meteo_burkina/meteoburkina.bf/bulletin-climat-sante-07-mai-2024-1287b2d5.pdf,uploaded,,2026-04-14T20:45:43.687051+00:00,2026-04-14T21:04:55.892223+00:00
37efb90715059d10e70ffb92aa1ff724,https://meteoburkina.bf/documents/215/BAD_Media24102.pdf,meteoburkina.bf,raw/pdfs/meteo_burkina/meteoburkina.bf/bad-media24102-37efb907.pdf,uploaded,,2026-04-14T20:45:43.687051+00:00,2026-04-14T21:04:53.769822+00:00
07c99f6340f08d64c149725326652eb2,https://meteoburkina.bf/documents/214/Bulletin_climat_sante_30_avril_2024.pdf,meteoburkina.bf,raw/pdfs/meteo_burkina/meteoburkina.bf/bulletin-climat-sante-30-avril-2024-07c99f63.pdf,uploaded,,2026-04-14T20:45:43.687051+00:00,2026-04-14T21:04:50.996018+00:00
22bd35f4a1529a90ad77d128fd4256e0,https://meteoburkina.bf/documents/211/Bulletin_m%C3%A9t%C3%A9orologique_hebdomadaire_du_28_octobre_au_03_novembre_2024_AEkc5Eb.pdf,meteoburkina.bf,raw/pdfs/meteo_burkina/meteoburkina.bf/bulletin-meteorologique-hebdomadaire-du-28-octobre-au-03-novembre-2024-aekc5eb-22bd35f4.pdf,uploaded,,2026-04-14T20:45:43.687051+00:00,2026-04-14T21:04:48.898763+00:00
59af9f1a03007e24a32b853586c28961,https://meteoburkina.bf/documents/210/BAD25021_m%C3%A9dia.pdf,meteoburkina.bf,raw/pdfs/meteo_burkina/meteoburkina.bf/bad25021-media-59af9f1a.pdf,uploaded,,2026-04-14T20:45:43.687051+00:00,2026-04-14T21:04:38.897095+00:00
514963ed9dfb76ee99e817f05f07ca8e,https://meteoburkina.bf/documents/208/Bulletin_Mensuel_du_01102024.pdf,meteoburkina.bf,raw/pdfs/meteo_burkina/meteoburkina.bf/bulletin-mensuel-du-01102024-514963ed.pdf,uploaded,,2026-04-14T20:45:43.687051+00:00,2026-04-14T21:04:31.057527+00:00
1bb8419e9e299ab11a166caba0ab4c93,https://meteoburkina.bf/documents/207/Bulletin_m%C3%A9t%C3%A9orologique_hebdomadaire_du_21_au_27_octobre_2024_JmocSZp.pdf,meteoburkina.bf,raw/pdfs/meteo_burkina/meteoburkina.bf/bulletin-meteorologique-hebdomadaire-du-21-au-27-octobre-2024-jmocszp-1bb8419e.pdf,uploaded,,2026-04-14T20:45:43.687051+00:00,2026-04-14T21:04:27.982259+00:00
860775521810ae880366f2d143eefe4c,https://meteoburkina.bf/documents/204/Bulletin_m%C3%A9t%C3%A9orologique_hebdomadaire_du_16_au_22_Septembre_2024_yW9Q0Lt.pdf,meteoburkina.bf,raw/pdfs/meteo_burkina/meteoburkina.bf/bulletin-meteorologique-hebdomadaire-du-16-au-22-septembre-2024-yw9q0lt-86077552.pdf,uploaded,,2026-04-14T20:45:43.687051+00:00,2026-04-14T21:04:11.893809+00:00
cf1a4bc073f733a66b800d459609f2d0,https://meteoburkina.bf/documents/202/Bulletin_m%C3%A9t%C3%A9orologique_hebdomadaire_du_07_au_13_octobre_2024.pdf,meteoburkina.bf,raw/pdfs/meteo_burkina/meteoburkina.bf/bulletin-meteorologique-hebdomadaire-du-07-au-13-octobre-2024-cf1a4bc0.pdf,uploaded,,2026-04-14T20:45:43.687051+00:00,2026-04-14T21:03:58.042269+00:00
2a6b07a54272cbddb0bfdaf785e8a5bc,https://meteoburkina.bf/documents/171/pr%C3%A9vision_saisonni%C3%A8re_Avril_2021.pdf,meteoburkina.bf,raw/pdfs/meteo_burkina/meteoburkina.bf/prevision-saisonniere-avril-2021-2a6b07a5.pdf,uploaded,,2026-04-14T20:45:43.687051+00:00,2026-04-14T21:03:50.903285+00:00
be54966a0289754cc6ca96a811bf0173,https://meteoburkina.bf/documents/170/pr%C3%A9vision_saisonni%C3%A8re_Mai_2024.pdf,meteoburkina.bf,raw/pdfs/meteo_burkina/meteoburkina.bf/prevision-saisonniere-mai-2024-be54966a.pdf,uploaded,,2026-04-14T20:45:43.687051+00:00,2026-04-14T21:03:47.086264+00:00
9e52ede8f66f55b80fecee92ce0a8f0d,https://meteoburkina.bf/documents/17/Bad23042.pdf,meteoburkina.bf,raw/pdfs/meteo_burkina/meteoburkina.bf/bad23042-9e52ede8.pdf,uploaded,,2026-04-14T20:45:43.687051+00:00,2026-04-14T21:03:43.062800+00:00
ee77efd14ed75d213a9b6939b9ee94b9,https://meteoburkina.bf/documents/169/BAD25021.pdf,meteoburkina.bf,raw/pdfs/meteo_burkina/meteoburkina.bf/bad25021-ee77efd1.pdf,uploaded,,2026-04-14T20:45:43.687051+00:00,2026-04-14T21:03:30.721262+00:00
c598c2535b735e1e3ef1366e2cef9ff5,https://meteoburkina.bf/documents/168/BAD24102.pdf,meteoburkina.bf,raw/pdfs/meteo_burkina/meteoburkina.bf/bad24102-c598c253.pdf,uploaded,,2026-04-14T20:45:43.687051+00:00,2026-04-14T21:03:16.983268+00:00
370663c3c5077b9c2411c18b043333c2,https://meteoburkina.bf/documents/167/BAD24101.pdf,meteoburkina.bf,raw/pdfs/meteo_burkina/meteoburkina.bf/bad24101-370663c3.pdf,uploaded,,2026-04-14T20:45:43.687051+00:00,2026-04-14T21:01:27.735040+00:00
f5ad6415b7a39aacfb6073fc19022891,https://meteoburkina.bf/documents/166/BAD24093.pdf,meteoburkina.bf,raw/pdfs/meteo_burkina/meteoburkina.bf/bad24093-f5ad6415.pdf,uploaded,,2026-04-14T20:45:43.687051+00:00,2026-04-14T21:01:03.119321+00:00
93e4e66386db398d254adef665ab6396,https://meteoburkina.bf/documents/113/BAD24023.pdf,meteoburkina.bf,raw/pdfs/meteo_burkina/meteoburkina.bf/bad24023-93e4e663.pdf,uploaded,,2026-04-14T20:45:43.687051+00:00,2026-04-14T21:00:50.975532+00:00
e83690da85b92fe48877913971219e4c,https://meteoburkina.bf/documents/112/BAD24022.pdf,meteoburkina.bf,raw/pdfs/meteo_burkina/meteoburkina.bf/bad24022-e83690da.pdf,uploaded,,2026-04-14T20:45:43.687051+00:00,2026-04-14T21:00:35.595855+00:00
338bbd35901a8123337babe3265d180d,https://meteoburkina.bf/documents/111/BAD24021.pdf,meteoburkina.bf,raw/pdfs/meteo_burkina/meteoburkina.bf/bad24021-338bbd35.pdf,uploaded,,2026-04-14T20:45:43.687051+00:00,2026-04-14T21:00:20.036947+00:00
5cc005602ab1451b072e9e2c7b05fef3,https://meteoburkina.bf/documents/110/BAD24013.pdf,meteoburkina.bf,raw/pdfs/meteo_burkina/meteoburkina.bf/bad24013-5cc00560.pdf,uploaded,,2026-04-14T20:45:43.687051+00:00,2026-04-14T20:59:49.755036+00:00
208b91eb64b4e833b0b15fa37028122e,https://meteoburkina.bf/documents/10/BAD23023.pdf,meteoburkina.bf,raw/pdfs/meteo_burkina/meteoburkina.bf/bad23023-208b91eb.pdf,uploaded,,2026-04-14T20:45:43.687051+00:00,2026-04-14T20:59:19.283309+00:00
e3c9e18fe8bc6a0bd717b98ce3b07c20,https://meteoburkina.bf/documents/165/BAD24091.pdf,meteoburkina.bf,raw/pdfs/meteo_burkina/meteoburkina.bf/bad24091-e3c9e18f.pdf,uploaded,,2026-04-14T20:45:43.687051+00:00,2026-04-14T20:59:03.145268+00:00
9caa1dec559d8dd7cb1d040b6a41b6ca,https://meteoburkina.bf/documents/164/BAD24083.pdf,meteoburkina.bf,raw/pdfs/meteo_burkina/meteoburkina.bf/bad24083-9caa1dec.pdf,uploaded,,2026-04-14T20:45:43.687051+00:00,2026-04-14T20:58:49.308292+00:00
4a4c31caf9210440bf0afc5630fa271a,https://meteoburkina.bf/documents/163/BAD24082.pdf,meteoburkina.bf,raw/pdfs/meteo_burkina/meteoburkina.bf/bad24082-4a4c31ca.pdf,uploaded,,2026-04-14T20:45:43.687051+00:00,2026-04-14T20:58:26.356062+00:00
a4236f14ba18af3232803adf5310452e,https://meteoburkina.bf/documents/162/BAD24081.pdf,meteoburkina.bf,raw/pdfs/meteo_burkina/meteoburkina.bf/bad24081-a4236f14.pdf,uploaded,,2026-04-14T20:45:43.687051+00:00,2026-04-14T20:58:03.547638+00:00
0657a1ab6f4b3b00eda2bbe6d3fad078,https://meteoburkina.bf/documents/161/BAD24073.pdf,meteoburkina.bf,raw/pdfs/meteo_burkina/meteoburkina.bf/bad24073-0657a1ab.pdf,uploaded,,2026-04-14T20:45:43.687051+00:00,2026-04-14T20:57:33.608680+00:00
17688f34e6962f30970a9bea27e265bd,https://meteoburkina.bf/documents/160/BAD24072_kPij62k.pdf,meteoburkina.bf,raw/pdfs/meteo_burkina/meteoburkina.bf/bad24072-kpij62k-17688f34.pdf,uploaded,,2026-04-14T20:45:43.687051+00:00,2026-04-14T20:57:00.546991+00:00
e46328ed89fc5bc3e304f67f8be65828,https://meteoburkina.bf/documents/16/BAD23032.pdf,meteoburkina.bf,raw/pdfs/meteo_burkina/meteoburkina.bf/bad23032-e46328ed.pdf,uploaded,,2026-04-14T20:45:43.687051+00:00,2026-04-14T20:56:16.746819+00:00
874926a256d1df04e7897f8ebcc3f4b3,https://meteoburkina.bf/documents/158/BAD24071.pdf,meteoburkina.bf,raw/pdfs/meteo_burkina/meteoburkina.bf/bad24071-874926a2.pdf,uploaded,,2026-04-14T20:45:43.687051+00:00,2026-04-14T20:55:39.534758+00:00
233181cf739f8e0c7f4fb752025ec6a6,https://meteoburkina.bf/documents/157/BAD24063.pdf,meteoburkina.bf,raw/pdfs/meteo_burkina/meteoburkina.bf/bad24063-233181cf.pdf,uploaded,,2026-04-14T20:45:43.687051+00:00,2026-04-14T20:55:16.419990+00:00
94f5ed1477a8db929ebff6b9a9fbe83a,https://meteoburkina.bf/documents/155/BAD24062_7Bq9aPQ.pdf,meteoburkina.bf,raw/pdfs/meteo_burkina/meteoburkina.bf/bad24062-7bq9apq-94f5ed14.pdf,uploaded,,2026-04-14T20:45:43.687051+00:00,2026-04-14T20:54:56.281522+00:00
47248097c3bdb2e165553677a0cc3630,https://meteoburkina.bf/documents/153/BAD24061_p0LYx1K.pdf,meteoburkina.bf,raw/pdfs/meteo_burkina/meteoburkina.bf/bad24061-p0lyx1k-47248097.pdf,uploaded,,2026-04-14T20:45:43.687051+00:00,2026-04-14T20:54:44.374067+00:00
3a10cf11966a4bfbcd8cd57fe95ef1af,https://meteoburkina.bf/documents/15/Bad23041.pdf,meteoburkina.bf,raw/pdfs/meteo_burkina/meteoburkina.bf/bad23041-3a10cf11.pdf,uploaded,,2026-04-14T20:45:43.687051+00:00,2026-04-14T20:54:30.797555+00:00
ccf972dfe5fff1136e01748cdb542b75,https://meteoburkina.bf/documents/118/BAD24041.pdf,meteoburkina.bf,raw/pdfs/meteo_burkina/meteoburkina.bf/bad24041-ccf972df.pdf,uploaded,,2026-04-14T20:45:43.687051+00:00,2026-04-14T20:54:13.571778+00:00
ae30e4b70cf0d21e61ff5e3d7c5a158b,https://meteoburkina.bf/documents/117/BAD24033_GK8SPTE.pdf,meteoburkina.bf,raw/pdfs/meteo_burkina/meteoburkina.bf/bad24033-gk8spte-ae30e4b7.pdf,uploaded,,2026-04-14T20:45:43.687051+00:00,2026-04-14T20:53:56.336791+00:00
ddd4856cebf13ce929158d87c307bac3,https://meteoburkina.bf/documents/115/BAD24032.pdf,meteoburkina.bf,raw/pdfs/meteo_burkina/meteoburkina.bf/bad24032-ddd4856c.pdf,uploaded,,2026-04-14T20:45:43.687051+00:00,2026-04-14T20:53:36.680142+00:00
b623a50884d13f3462eb524f37cae292,https://meteoburkina.bf/documents/114/BAD24031.pdf,meteoburkina.bf,raw/pdfs/meteo_burkina/meteoburkina.bf/bad24031-b623a508.pdf,uploaded,,2026-04-14T20:45:43.687051+00:00,2026-04-14T20:53:05.779377+00:00
591b65557e918e61dbba0f5ce03ab351,https://meteoburkina.bf/documents/286/Bulletin_du_18_Avril__2025_%C3%A0_12h00.pdf,meteoburkina.bf,raw/pdfs/meteo_burkina/meteoburkina.bf/bulletin-du-18-avril-2025-a-12h00-591b6555.pdf,uploaded,,2026-04-14T20:45:43.687051+00:00,2026-04-14T20:52:43.739750+00:00
bcb279dec8fafcb0794b1c7632256c7c,https://meteoburkina.bf/documents/148/BAD24053.pdf,meteoburkina.bf,raw/pdfs/meteo_burkina/meteoburkina.bf/bad24053-bcb279de.pdf,uploaded,,2026-04-14T20:45:43.687051+00:00,2026-04-14T20:52:41.618366+00:00
23f032a5969f9e3af6c2c8187661344a,https://meteoburkina.bf/documents/147/BAD24052.pdf,meteoburkina.bf,raw/pdfs/meteo_burkina/meteoburkina.bf/bad24052-23f032a5.pdf,uploaded,,2026-04-14T20:45:43.687051+00:00,2026-04-14T20:52:27.866565+00:00
c5fd39d787559d755131a83271c74707,https://meteoburkina.bf/documents/146/BAD24051.pdf,meteoburkina.bf,raw/pdfs/meteo_burkina/meteoburkina.bf/bad24051-c5fd39d7.pdf,uploaded,,2026-04-14T20:45:43.687051+00:00,2026-04-14T20:52:14.480284+00:00
0f10659c4378d70977ade5e1e3b2cd69,https://meteoburkina.bf/documents/145/BAD24043.pdf,meteoburkina.bf,raw/pdfs/meteo_burkina/meteoburkina.bf/bad24043-0f10659c.pdf,uploaded,,2026-04-14T20:45:43.687051+00:00,2026-04-14T20:52:03.903471+00:00
0fb96dec505c73f9dcd6fd642d69090e,https://meteoburkina.bf/documents/144/BAD24042_qAOEjhr.pdf,meteoburkina.bf,raw/pdfs/meteo_burkina/meteoburkina.bf/bad24042-qaoejhr-0fb96dec.pdf,uploaded,,2026-04-14T20:45:43.687051+00:00,2026-04-14T20:51:39.050813+00:00
9e460b6639f06d1ef9a456cd2d330f81,https://meteoburkina.bf/documents/14/BAD23031_WyzRSlq.pdf,meteoburkina.bf,raw/pdfs/meteo_burkina/meteoburkina.bf/bad23031-wyzrslq-9e460b66.pdf,uploaded,,2026-04-14T20:45:43.687051+00:00,2026-04-14T20:51:28.131246+00:00
062d988c6680ef55d06473ab63198d2d,https://meteoburkina.bf/documents/201/Bulletin_m%C3%A9t%C3%A9orologique_hebdomadaire_du_30_septembre_au_06_octobre_2024_HngcGe3.pdf,meteoburkina.bf,raw/pdfs/meteo_burkina/meteoburkina.bf/bulletin-meteorologique-hebdomadaire-du-30-septembre-au-06-octobre-2024-hngcge3-062d988c.pdf,uploaded,,2026-04-14T20:45:43.687051+00:00,2026-04-14T20:51:12.814595+00:00
3de377575c8710d0639271d2c2e53c20,https://meteoburkina.bf/documents/20/BAD23033_liSAoPX.pdf,meteoburkina.bf,raw/pdfs/meteo_burkina/meteoburkina.bf/bad23033-lisaopx-3de37757.pdf,uploaded,,2026-04-14T20:45:43.687051+00:00,2026-04-14T20:51:08.372547+00:00
db2548ade04b7e0df55d0cfb4e354dfc,https://meteoburkina.bf/documents/199/Bulletin_m%C3%A9t%C3%A9orologique_hebdomadaire_du_02_au_08_septembre_2024_kcpBpd8.pdf,meteoburkina.bf,raw/pdfs/meteo_burkina/meteoburkina.bf/bulletin-meteorologique-hebdomadaire-du-02-au-08-septembre-2024-kcpbpd8-db2548ad.pdf,uploaded,,2026-04-14T20:45:43.687051+00:00,2026-04-14T20:50:54.780241+00:00
45cc6a39fcf656dd34cabf78a9af6aa4,https://meteoburkina.bf/documents/196/Bulletin_m%C3%A9t%C3%A9orologique_hebdomadaire_du_19_au_25_Ao%C3%BBt_2024.pdf,meteoburkina.bf,raw/pdfs/meteo_burkina/meteoburkina.bf/bulletin-meteorologique-hebdomadaire-du-19-au-25-aout-2024-45cc6a39.pdf,uploaded,,2026-04-14T20:45:43.687051+00:00,2026-04-14T20:50:49.756799+00:00
83ed6c71c5e56d333bdc931321973f64,https://meteoburkina.bf/documents/195/Bulletin_m%C3%A9t%C3%A9orologique_hebdomadaire_du_29_Juillet_au_04_Ao%C3%BBt_2024_x355B6h.pdf,meteoburkina.bf,raw/pdfs/meteo_burkina/meteoburkina.bf/bulletin-meteorologique-hebdomadaire-du-29-juillet-au-04-aout-2024-x355b6h-83ed6c71.pdf,uploaded,,2026-04-14T20:45:43.687051+00:00,2026-04-14T20:50:44.324011+00:00
9c7b53a57a8804b3ab85fbdb4a5aa038,https://meteoburkina.bf/documents/192/Bulletin_m%C3%A9t%C3%A9orologique_hebdomadaire_du_12_au_18_Ao%C3%BBt_2024.pdf,meteoburkina.bf,raw/pdfs/meteo_burkina/meteoburkina.bf/bulletin-meteorologique-hebdomadaire-du-12-au-18-aout-2024-9c7b53a5.pdf,uploaded,,2026-04-14T20:45:43.687051+00:00,2026-04-14T20:50:39.584481+00:00
4958da728f247c95c101c85e56939923,https://meteoburkina.bf/documents/191/Bulletin_m%C3%A9t%C3%A9orologique_hebdomadaire_du_22_au_28_Juillet_2024.pdf,meteoburkina.bf,raw/pdfs/meteo_burkina/meteoburkina.bf/bulletin-meteorologique-hebdomadaire-du-22-au-28-juillet-2024-4958da72.pdf,uploaded,,2026-04-14T20:45:43.687051+00:00,2026-04-14T20:50:32.971996+00:00
91c0f4abf1bc6629b2bc15abc14d26f1,https://meteoburkina.bf/documents/190/Bulletin_m%C3%A9t%C3%A9orologique_hebdomadaire_du_15_au_21_Juillet_2024.pdf,meteoburkina.bf,raw/pdfs/meteo_burkina/meteoburkina.bf/bulletin-meteorologique-hebdomadaire-du-15-au-21-juillet-2024-91c0f4ab.pdf,uploaded,,2026-04-14T20:45:43.687051+00:00,2026-04-14T20:50:08.665295+00:00
885e2fc18e3ab37bc7a4bf326a2c3909,https://meteoburkina.bf/documents/189/Bulletin_m%C3%A9t%C3%A9orologique_hebdomadaire_du_08_au_14_Juillet_2024.pdf,meteoburkina.bf,raw/pdfs/meteo_burkina/meteoburkina.bf/bulletin-meteorologique-hebdomadaire-du-08-au-14-juillet-2024-885e2fc1.pdf,uploaded,,2026-04-14T20:45:43.687051+00:00,2026-04-14T20:49:53.303237+00:00
157309a621d55697fcb4c594e4e64df4,https://meteoburkina.bf/documents/188/Bulletin_m%C3%A9t%C3%A9orologique_hebdomadaire_du_01_au_07_Juillet_2024_rATRKg6.pdf,meteoburkina.bf,raw/pdfs/meteo_burkina/meteoburkina.bf/bulletin-meteorologique-hebdomadaire-du-01-au-07-juillet-2024-ratrkg6-157309a6.pdf,uploaded,,2026-04-14T20:45:43.687051+00:00,2026-04-14T20:49:36.582092+00:00
8b5971c4bfd3926df24243a5bf58ca6d,https://meteoburkina.bf/documents/287/Bulletin_du_19_Avril__2025_%C3%A0_12h00.pdf,meteoburkina.bf,raw/pdfs/meteo_burkina/meteoburkina.bf/bulletin-du-19-avril-2025-a-12h00-8b5971c4.pdf,uploaded,,2026-04-14T20:45:43.687051+00:00,2026-04-14T20:49:16.931553+00:00
e6764be10cc85af4d92a5dfa09fb6163,https://meteoburkina.bf/documents/186/Bulletin_m%C3%A9t%C3%A9orologique_hebdomadaire_du_24_au_30_Juin_2024_MBrDlTW.pdf,meteoburkina.bf,raw/pdfs/meteo_burkina/meteoburkina.bf/bulletin-meteorologique-hebdomadaire-du-24-au-30-juin-2024-mbrdltw-e6764be1.pdf,uploaded,,2026-04-14T20:45:43.687051+00:00,2026-04-14T20:49:14.228235+00:00
90cac3b3f1c0935fdbd9d33505c2178d,https://meteoburkina.bf/documents/184/Bulletin_m%C3%A9t%C3%A9orologique_hebdomadaire_du_17_au_23_Juin_2024_k64jv6v.pdf,meteoburkina.bf,raw/pdfs/meteo_burkina/meteoburkina.bf/bulletin-meteorologique-hebdomadaire-du-17-au-23-juin-2024-k64jv6v-90cac3b3.pdf,uploaded,,2026-04-14T20:45:43.687051+00:00,2026-04-14T20:49:04.989840+00:00
5ff9f74ddc8b43ac71b64fd0aedcecb2,https://meteoburkina.bf/documents/180/pr%C3%A9vision_saisonni%C3%A8re_Mai_2022_3gkLarH.pdf,meteoburkina.bf,raw/pdfs/meteo_burkina/meteoburkina.bf/prevision-saisonniere-mai-2022-3gklarh-5ff9f74d.pdf,uploaded,,2026-04-14T20:45:43.687051+00:00,2026-04-14T20:48:54.858352+00:00
28df53521f24d8d49a03bd14bad776ad,https://meteoburkina.bf/documents/18/Bad23043.pdf,meteoburkina.bf,raw/pdfs/meteo_burkina/meteoburkina.bf/bad23043-28df5352.pdf,uploaded,,2026-04-14T20:45:43.687051+00:00,2026-04-14T20:48:40.499026+00:00
f17b690c3206f4e1345dee92531456cb,https://meteoburkina.bf/documents/515/SITUATION_PLUVIOMETRIQUE_AU_31_ao%C3%BBt_2025_VF_version_publique.pdf,meteoburkina.bf,raw/pdfs/meteo_burkina/meteoburkina.bf/situation-pluviometrique-au-31-aout-2025-vf-version-publique-f17b690c.pdf,uploaded,,2026-04-13T21:23:28.884071+00:00,2026-04-14T20:48:23.025302+00:00
c30f3bb0f5537639748a002167eba8b3,https://meteoburkina.bf/documents/423/SITUATION_PLUVIOMETRIQUE_AU_30_JUIN_2025_VF_version_publique_1.pdf,meteoburkina.bf,raw/pdfs/meteo_burkina/meteoburkina.bf/situation-pluviometrique-au-30-juin-2025-vf-version-publique-1-c30f3bb0.pdf,uploaded,,2026-04-13T21:23:28.884071+00:00,2026-04-14T20:48:20.517990+00:00
2f7597b6039bdbaa0f70ee719ab8274a,https://meteoburkina.bf/documents/407/Bulletin_Mensuel_du_28_juillet_2025.pdf,meteoburkina.bf,raw/pdfs/meteo_burkina/meteoburkina.bf/bulletin-mensuel-du-28-juillet-2025-2f7597b6.pdf,uploaded,,2026-04-13T21:23:28.884071+00:00,2026-04-14T20:48:18.241827+00:00
2154706d12188d144b78d45177598318,https://meteoburkina.bf/documents/772/Bulletin_du_10_Avril_2026_%C3%A0_12h00.pdf,meteoburkina.bf,raw/pdfs/meteo_burkina/meteoburkina.bf/bulletin-du-10-avril-2026-a-12h00-2154706d.pdf,uploaded,,2026-04-13T21:23:28.884071+00:00,2026-04-14T20:48:16.338256+00:00
9fa56ee94a8fddc8be816ffb0e0ead77,https://meteoburkina.bf/documents/771/Bulletin_du_09_Avril_2026_%C3%A0_12h00.pdf,meteoburkina.bf,raw/pdfs/meteo_burkina/meteoburkina.bf/bulletin-du-09-avril-2026-a-12h00-9fa56ee9.pdf,uploaded,,2026-04-13T21:23:28.884071+00:00,2026-04-14T20:48:14.785267+00:00
90809faa47e14aa18695f678c299e52c,https://meteoburkina.bf/documents/770/Bulletin_du_08_Avril_2026_%C3%A0_12h00.pdf,meteoburkina.bf,raw/pdfs/meteo_burkina/meteoburkina.bf/bulletin-du-08-avril-2026-a-12h00-90809faa.pdf,uploaded,,2026-04-13T21:23:28.884071+00:00,2026-04-14T20:48:13.353894+00:00
6f5137c6c10a7650f1de0bc894774984,https://meteoburkina.bf/documents/767/Bulletin_du_05_Avril_2026_%C3%A0_12h00.pdf,meteoburkina.bf,raw/pdfs/meteo_burkina/meteoburkina.bf/bulletin-du-05-avril-2026-a-12h00-6f5137c6.pdf,uploaded,,2026-04-13T21:23:28.884071+00:00,2026-04-14T20:48:11.823062+00:00
7d6a8fe59ee67d93b77ec6e5b841c031,https://meteoburkina.bf/documents/755/BAD26032_m%C3%A9dia.pdf,meteoburkina.bf,raw/pdfs/meteo_burkina/meteoburkina.bf/bad26032-media-7d6a8fe5.pdf,uploaded,,2026-04-13T21:23:28.884071+00:00,2026-04-14T20:48:10.017337+00:00
9a98522b3aad7a91c7fcb428aedbf09e,https://meteoburkina.bf/documents/706/BAD26021.pdf,meteoburkina.bf,raw/pdfs/meteo_burkina/meteoburkina.bf/bad26021-9a98522b.pdf,uploaded,,2026-04-13T21:23:28.884071+00:00,2026-04-14T20:48:07.186632+00:00
4323113789da3f2183078211fb55872a,https://meteoburkina.bf/documents/599/Bulletin_Mensuel_du_07_Octobre_2025.pdf,meteoburkina.bf,raw/pdfs/meteo_burkina/meteoburkina.bf/bulletin-mensuel-du-07-octobre-2025-43231137.pdf,uploaded,,2026-04-13T21:23:28.884071+00:00,2026-04-14T20:47:57.984095+00:00
64c49222fc0b9aa06fa4592af6598f4e,https://meteoburkina.bf/documents/769/Bulletin_du_07_Avril_2026_%C3%A0_18h00.pdf,meteoburkina.bf,raw/pdfs/meteo_burkina/meteoburkina.bf/bulletin-du-07-avril-2026-a-18h00-64c49222.pdf,uploaded,,2026-04-13T21:23:28.884071+00:00,2026-04-14T20:47:55.575305+00:00
e55943d095c7b83a509cbdc7f50dc64c,https://meteoburkina.bf/documents/768/Bulletin_du_07_Avril_2026_%C3%A0_12h00.pdf,meteoburkina.bf,raw/pdfs/meteo_burkina/meteoburkina.bf/bulletin-du-07-avril-2026-a-12h00-e55943d0.pdf,uploaded,,2026-04-13T21:23:28.884071+00:00,2026-04-14T20:47:53.958835+00:00
a8d30a19be177a3d4892e2a5c7951e2a,https://meteoburkina.bf/documents/766/BAD26033.pdf,meteoburkina.bf,raw/pdfs/meteo_burkina/meteoburkina.bf/bad26033-a8d30a19.pdf,uploaded,,2026-04-13T21:23:28.884071+00:00,2026-04-14T20:47:52.074618+00:00
d657d4d29d23622659489d7fd09813aa,https://meteoburkina.bf/documents/765/BAD26033_m%C3%A9dia.pdf,meteoburkina.bf,raw/pdfs/meteo_burkina/meteoburkina.bf/bad26033-media-d657d4d2.pdf,uploaded,,2026-04-13T21:23:28.884071+00:00,2026-04-14T20:47:49.686291+00:00
b19b7882e560998030568d92cb9cdbdd,https://meteoburkina.bf/documents/756/BAD26032.pdf,meteoburkina.bf,raw/pdfs/meteo_burkina/meteoburkina.bf/bad26032-b19b7882.pdf,uploaded,,2026-04-13T21:23:28.884071+00:00,2026-04-14T20:47:47.215885+00:00
f8aec3582d8619243ad5af30d505bab7,https://meteoburkina.bf/documents/743/BAD26031_m%C3%A9dia.pdf,meteoburkina.bf,raw/pdfs/meteo_burkina/meteoburkina.bf/bad26031-media-f8aec358.pdf,uploaded,,2026-04-13T21:23:28.884071+00:00,2026-04-14T20:47:44.999844+00:00
7d3e9bced167dd5b822811a202663631,https://meteoburkina.bf/documents/742/BAD26031.pdf,meteoburkina.bf,raw/pdfs/meteo_burkina/meteoburkina.bf/bad26031-7d3e9bce.pdf,uploaded,,2026-04-13T21:23:28.884071+00:00,2026-04-14T20:47:42.663042+00:00
f61aa6afce7d5ef3d97b9f46c228e5f0,https://meteoburkina.bf/documents/730/BAD26023.pdf,meteoburkina.bf,raw/pdfs/meteo_burkina/meteoburkina.bf/bad26023-f61aa6af.pdf,uploaded,,2026-04-13T21:23:28.884071+00:00,2026-04-14T20:47:40.733304+00:00
48ec057c4f95df05b8de3fb3dda308ec,https://meteoburkina.bf/documents/534/Bulletin_Mensuel_du_09_Septembre_2025.pdf,meteoburkina.bf,raw/pdfs/meteo_burkina/meteoburkina.bf/bulletin-mensuel-du-09-septembre-2025-48ec057c.pdf,uploaded,,2026-04-13T21:23:28.884071+00:00,2026-04-14T20:47:34.889655+00:00
4ff0eaf1f943fdc39a3c8deff666f238,https://meteoburkina.bf/documents/486/Bulletin_Mensuel_du_26_aout_2025.pdf,meteoburkina.bf,raw/pdfs/meteo_burkina/meteoburkina.bf/bulletin-mensuel-du-26-aout-2025-4ff0eaf1.pdf,uploaded,,2026-04-13T21:23:28.884071+00:00,2026-04-14T20:47:32.767291+00:00
36a6b516138018ee7eebfcbda85c01e5,https://meteoburkina.bf/documents/447/Bulletin_Mensuel_du_12_aout_2025.pdf,meteoburkina.bf,raw/pdfs/meteo_burkina/meteoburkina.bf/bulletin-mensuel-du-12-aout-2025-36a6b516.pdf,uploaded,,2026-04-13T21:23:28.884071+00:00,2026-04-14T20:47:30.511577+00:00
86ca1f2ee74ba4e5458f1f71276da667,https://meteoburkina.bf/documents/425/SITUATION_PLUVIOMETRIQUE_AU_31_Juillet_2025_VF_version_publique_2_Mkcm0gx.pdf,meteoburkina.bf,raw/pdfs/meteo_burkina/meteoburkina.bf/situation-pluviometrique-au-31-juillet-2025-vf-version-publique-2-mkcm0gx-86ca1f2e.pdf,uploaded,,2026-04-13T21:23:28.884071+00:00,2026-04-14T20:47:28.467294+00:00
4b9a964e91f278ce122e961cc31209e0,https://meteoburkina.bf/documents/729/BAD26023_m%C3%A9dia.pdf,meteoburkina.bf,raw/pdfs/meteo_burkina/meteoburkina.bf/bad26023-media-4b9a964e.pdf,uploaded,,2026-04-13T21:23:28.884071+00:00,2026-04-14T20:47:25.380674+00:00
2fcfcdaa34398818364a96370ca16e74,https://meteoburkina.bf/documents/720/BAD26022_m%C3%A9dia.pdf,meteoburkina.bf,raw/pdfs/meteo_burkina/meteoburkina.bf/bad26022-media-2fcfcdaa.pdf,uploaded,,2026-04-13T21:23:28.884071+00:00,2026-04-14T20:47:18.774840+00:00
eb58c3c91aa4de666fa6a5a149629171,https://meteoburkina.bf/documents/719/BAD26022.pdf,meteoburkina.bf,raw/pdfs/meteo_burkina/meteoburkina.bf/bad26022-eb58c3c9.pdf,uploaded,,2026-04-13T21:23:28.884071+00:00,2026-04-14T20:47:11.039942+00:00
aa22d98a3e3039b1effb7be9cabf8c1b,https://meteoburkina.bf/documents/705/BAD26021_m%C3%A9dia.pdf,meteoburkina.bf,raw/pdfs/meteo_burkina/meteoburkina.bf/bad26021-media-aa22d98a.pdf,uploaded,,2026-04-13T21:23:28.884071+00:00,2026-04-14T20:47:04.300810+00:00
1186c71181cbcb0daa8eb7221565e0b2,https://meteoburkina.bf/documents/651/Bulletin_m%C3%A9t%C3%A9orologique_hebdomadaire_du_27_octobre_au_02_novembre_2025.pdf,meteoburkina.bf,raw/pdfs/meteo_burkina/meteoburkina.bf/bulletin-meteorologique-hebdomadaire-du-27-octobre-au-02-novembre-2025-1186c711.pdf,uploaded,,2026-04-13T21:23:28.884071+00:00,2026-04-14T20:46:56.797541+00:00
f64424ddacd590bfbe8104669a82bbfe,https://meteoburkina.bf/documents/604/SITUATION_PLUVIOMETRIQUE_AU_30_septembre_2025_VF_version_publique_Fs3VKkb.pdf,meteoburkina.bf,raw/pdfs/meteo_burkina/meteoburkina.bf/situation-pluviometrique-au-30-septembre-2025-vf-version-publique-fs3vkkb-f64424dd.pdf,uploaded,,2026-04-13T21:23:28.884071+00:00,2026-04-14T20:46:51.662405+00:00
2218faf81e159571e02f4ec86716a0b9,https://meteoburkina.bf/documents/598/Bulletin_Mensuel_du_23_septembre_2025_1.pdf,meteoburkina.bf,raw/pdfs/meteo_burkina/meteoburkina.bf/bulletin-mensuel-du-23-septembre-2025-1-2218faf8.pdf,uploaded,,2026-04-13T21:23:28.884071+00:00,2026-04-14T20:46:42.885290+00:00
6cc304d7bd20d4a705b60c5e52db1a8c,https://meteoburkina.bf/documents/593/SITUATION_PLUVIOMETRIQUE_AU_30_septembre_2025_VF_version_publique.pdf,meteoburkina.bf,raw/pdfs/meteo_burkina/meteoburkina.bf/situation-pluviometrique-au-30-septembre-2025-vf-version-publique-6cc304d7.pdf,uploaded,,2026-04-13T21:23:28.884071+00:00,2026-04-14T20:46:31.052301+00:00
1d140de4d9abc7507d4e9d205e59e9a2,https://www.panna.org/wp-content/uploads/2025/11/studies-compilation.pdf,www.panna.org,raw/pdfs/www.panna.org/studies-compilation-1d140de4.pdf,uploaded,,2026-04-13T21:23:28.884071+00:00,2026-04-14T15:40:32.156691+00:00
da16f1c5636b38f05e51cb0ebdc3da05,https://www.whitehouse.gov/wp-content/uploads/2025/09/the-maha-strategy-wh.pdf,www.whitehouse.gov,raw/pdfs/www.whitehouse.gov/the-maha-strategy-wh-da16f1c5.pdf,uploaded,,2026-04-13T21:23:28.884071+00:00,2026-04-14T15:40:31.752395+00:00
7b6ff608d28a2baee62f620340256cf3,https://www.whitehouse.gov/wp-content/uploads/2025/05/maha-report-the-white-house.pdf,www.whitehouse.gov,raw/pdfs/www.whitehouse.gov/maha-report-the-white-house-7b6ff608.pdf,uploaded,,2026-04-13T21:23:28.884071+00:00,2026-04-14T15:39:46.779460+00:00
6572211180546b22638a7aefd8a8f278,https://www.un.org/ohrlls/sites/www.un.org.ohrlls/files/abas-booklet.pdf,www.un.org,raw/pdfs/www.un.org/abas-booklet-65722111.pdf,uploaded,,2026-04-13T21:23:28.884071+00:00,2026-04-14T15:39:36.387397+00:00
2daebcd4ca52a5b08a2f0ed380e1a627,https://www.un.org/nutrition/sites/www.un.org.nutrition/files/general/pdf/work_programme_nutrition_decade.pdf,www.un.org,raw/pdfs/www.un.org/work-programme-nutrition-decade-2daebcd4.pdf,uploaded,,2026-04-13T21:23:28.884071+00:00,2026-04-14T15:39:33.700755+00:00
16dceb2b918c4119b5c35129c5874012,https://www.un.org/ldc5/sites/www.un.org.ldc5/files/doha_booklet-web.pdf,www.un.org,raw/pdfs/www.un.org/doha-booklet-web-16dceb2b.pdf,uploaded,,2026-04-13T21:23:28.884071+00:00,2026-04-14T15:39:29.732707+00:00
c11f6c341f25e9f6ebc9ba766c202eb5,https://www.savetheredwoods.org/wp-content/uploads/guides/sf-bayarea-redwood-parks-guide.pdf,www.savetheredwoods.org,raw/pdfs/www.savetheredwoods.org/sf-bayarea-redwood-parks-guide-c11f6c34.pdf,uploaded,,2026-04-13T21:23:28.884071+00:00,2026-04-14T15:39:25.821503+00:00
704e56d83a55f79b5f23ef112d6d609b,https://www.panna.org/wp-content/uploads/2022/12/soil-pesticides-report.pdf,www.panna.org,raw/pdfs/www.panna.org/soil-pesticides-report-704e56d8.pdf,uploaded,,2026-04-13T21:23:28.884071+00:00,2026-04-14T15:37:33.580764+00:00
15d78e39faa9dd312828b1fa2d416d15,https://www.panna.org/wp-content/uploads/2022/12/pest_mgt_childcare.pdf,www.panna.org,raw/pdfs/www.panna.org/pest-mgt-childcare-15d78e39.pdf,uploaded,,2026-04-13T21:23:28.884071+00:00,2026-04-14T15:37:05.678461+00:00
7ac405b1e2b96c3a95b6a745df2c9d6c,https://www.panna.org/wp-content/uploads/2022/12/pan-newsletter-2013-fall.pdf,www.panna.org,raw/pdfs/www.panna.org/pan-newsletter-2013-fall-7ac405b1.pdf,uploaded,,2026-04-13T21:23:28.884071+00:00,2026-04-14T15:35:49.795659+00:00
4a7d9d951e2fc79d2cd640d03d3efef4,https://www.fao.org/3/ne125en/ne125en.pdf,www.fao.org,raw/pdfs/www.fao.org/ne125en-4a7d9d95.pdf,uploaded,,2026-04-13T21:23:28.884071+00:00,2026-04-14T15:34:28.676497+00:00
fa44a30ab0470bd19f02b757a924211e,https://www.fao.org/3/nb922en/nb922en.pdf,www.fao.org,raw/pdfs/www.fao.org/nb922en-fa44a30a.pdf,uploaded,,2026-04-13T21:23:28.884071+00:00,2026-04-14T15:34:25.336424+00:00
0077db1f67655eabd0cc9333b504552b,https://www.fao.org/3/mp046e/mp046e.pdf,www.fao.org,raw/pdfs/www.fao.org/mp046e-0077db1f.pdf,uploaded,,2026-04-13T21:23:28.884071+00:00,2026-04-14T15:34:23.052013+00:00
dd2d26fc8c190a1c12668e5a1c7de83a,https://www.fao.org/3/i8791en/i8791en.pdf,www.fao.org,raw/pdfs/www.fao.org/i8791en-dd2d26fc.pdf,uploaded,,2026-04-13T21:23:28.884071+00:00,2026-04-14T15:34:17.205948+00:00
009f4a8e53005b565c5a13c79bc6c6da,https://www.fao.org/3/i8446en/i8446en.pdf,www.fao.org,raw/pdfs/www.fao.org/i8446en-009f4a8e.pdf,uploaded,,2026-04-13T21:23:28.884071+00:00,2026-04-14T15:34:13.998426+00:00
56351ea12ee0be94e8d3713c29f31446,https://www.fao.org/3/i8429en/i8429en.pdf,www.fao.org,raw/pdfs/www.fao.org/i8429en-56351ea1.pdf,uploaded,,2026-04-13T21:23:28.884071+00:00,2026-04-14T15:34:10.230946+00:00
dd9c189692164a2e32734988510fa19d,https://www.fao.org/3/i8098en/i8098en.pdf,www.fao.org,raw/pdfs/www.fao.org/i8098en-dd9c1896.pdf,uploaded,,2026-04-13T21:23:28.884071+00:00,2026-04-14T15:33:42.440216+00:00
24342da086c73017877921010a8d8a1f,https://www.fao.org/3/i6583e/i6583e.pdf,www.fao.org,raw/pdfs/www.fao.org/i6583e-24342da0.pdf,uploaded,,2026-04-13T21:23:28.884071+00:00,2026-04-14T15:33:35.891906+00:00
32156604448c2f9593ec66c1034f07ad,https://www.fao.org/3/i4997e/i4997e.pdf,www.fao.org,raw/pdfs/www.fao.org/i4997e-32156604.pdf,uploaded,,2026-04-13T21:23:28.884071+00:00,2026-04-14T15:33:15.550917+00:00
014e4c297ffa836c49271647d5618b47,https://www.fao.org/3/i4439e/i4439e.pdf,www.fao.org,raw/pdfs/www.fao.org/i4439e-014e4c29.pdf,uploaded,,2026-04-13T21:23:28.884071+00:00,2026-04-14T15:33:12.902360+00:00
dca89ec35dbee477cafda1bb8a4e7d85,https://www.fao.org/3/i3664e/i3664e.pdf,www.fao.org,raw/pdfs/www.fao.org/i3664e-dca89ec3.pdf,uploaded,,2026-04-13T21:23:28.884071+00:00,2026-04-14T15:33:10.264164+00:00
96ee6775d6374aeae3cf904aa684839b,https://www.fao.org/3/i3604e/i3604e.pdf,www.fao.org,raw/pdfs/www.fao.org/i3604e-96ee6775.pdf,uploaded,,2026-04-13T21:23:28.884071+00:00,2026-04-14T15:33:06.918934+00:00
b2178b8c47d85d78aaa03f6d4f39781d,https://www.fao.org/3/i3443e/i3443e.pdf,www.fao.org,raw/pdfs/www.fao.org/i3443e-b2178b8c.pdf,uploaded,,2026-04-13T21:23:28.884071+00:00,2026-04-14T15:33:02.224166+00:00
f4b3b4d70fdbfd54584d2be4432d1926,https://www.nrdc.org/sites/default/files/hariyali-green-villages-climate-clean-energy-solutions-rural-india-report.pdf,www.nrdc.org,raw/pdfs/www.nrdc.org/hariyali-green-villages-climate-clean-energy-solutions-rural-india-report-f4b3b4d7.pdf,uploaded,,2026-04-13T21:23:28.884071+00:00,2026-04-14T15:32:54.330715+00:00
6b3ac9d31b80c953b82176d74d91dd13,https://www.fao.org/3/cd6008en/pou-map.pdf,www.fao.org,raw/pdfs/www.fao.org/pou-map-6b3ac9d3.pdf,uploaded,,2026-04-13T21:23:28.884071+00:00,2026-04-14T15:32:42.560872+00:00
2f85aa2ba9839ec4409d41864fc60c21,https://www.ipcc.ch/report/ar6/wg1/downloads/report/IPCC_AR6_WGI_SPM.pdf,www.ipcc.ch,raw/pdfs/www.ipcc.ch/ipcc-ar6-wgi-spm-2f85aa2b.pdf,uploaded,,2026-04-13T21:23:28.884071+00:00,2026-04-14T15:32:34.741766+00:00
4cd94afa5a3359dd745fccb82c367352,https://www.fao.org/3/cd6008en/fies-map.pdf,www.fao.org,raw/pdfs/www.fao.org/fies-map-4cd94afa.pdf,uploaded,,2026-04-13T21:23:28.884071+00:00,2026-04-14T15:32:23.137913+00:00
c93bb1415f1fbf850c5e780f1d95bc23,https://www.greenclimate.fund/sites/default/files/document/ppf066-fao-jamaica.pdf,www.greenclimate.fund,raw/pdfs/www.greenclimate.fund/ppf066-fao-jamaica-c93bb141.pdf,uploaded,,2026-04-13T21:23:28.884071+00:00,2026-04-14T15:32:14.370937+00:00
bf54573fd67b6bd9edefb8df1f6f2630,https://www.greenclimate.fund/sites/default/files/document/gcf-brief-direct-access.pdf,www.greenclimate.fund,raw/pdfs/www.greenclimate.fund/gcf-brief-direct-access-bf54573f.pdf,uploaded,,2026-04-13T21:23:28.884071+00:00,2026-04-14T15:32:12.397667+00:00
2d2956346b4f6003d88addfb4f3771c2,https://www.greenclimate.fund/sites/default/files/document/clean-gcf-cn-fao-jam-adapt-jamaica-17-jan-2023.pdf,www.greenclimate.fund,raw/pdfs/www.greenclimate.fund/clean-gcf-cn-fao-jam-adapt-jamaica-17-jan-2023-2d295634.pdf,uploaded,,2026-04-13T21:23:28.884071+00:00,2026-04-14T15:32:11.284696+00:00
58bd1f8fa15f4c6843b0e5ccd2892c6e,https://www.fao.org/3/cc9774ar/cc9774ar.pdf,www.fao.org,raw/pdfs/www.fao.org/cc9774ar-58bd1f8f.pdf,uploaded,,2026-04-13T21:23:28.884071+00:00,2026-04-14T15:32:09.934869+00:00
5bfe068861a41a80d421a740a777ee80,https://www.fao.org/3/cc9133en/cc9133en.pdf,www.fao.org,raw/pdfs/www.fao.org/cc9133en-5bfe0688.pdf,uploaded,,2026-04-13T21:23:28.884071+00:00,2026-04-14T15:31:54.737131+00:00
02b90382e0f62bdd0adfc80fe3344eda,https://www.fao.org/media/docs/worldfoodsituationlibraries/default-document-library/fo-expanded-sf.pdf,www.fao.org,raw/pdfs/www.fao.org/fo-expanded-sf-02b90382.pdf,uploaded,,2026-04-13T21:23:28.884071+00:00,2026-04-14T15:31:53.097427+00:00
7b4a93214cb5757b14127576f2ce1696,https://www.fao.org/media/docs/statisticslibraries/questionnaires/asti/guidelines-fao-questionnaire_asti.pdf,www.fao.org,raw/pdfs/www.fao.org/guidelines-fao-questionnaire-asti-7b4a9321.pdf,uploaded,,2026-04-13T21:23:28.884071+00:00,2026-04-14T15:31:51.718246+00:00
18af902ab2c16925a3093e4bc65e8eea,https://www.fao.org/media/docs/statisticslibraries/internal-presentations/la-sapienza-abstracts---2026.pdf,www.fao.org,raw/pdfs/www.fao.org/la-sapienza-abstracts-2026-18af902a.pdf,uploaded,,2026-04-13T21:23:28.884071+00:00,2026-04-14T15:31:49.902133+00:00
67ce13b354558b0d447aeef205b42eab,https://www.fao.org/media/docs/statisticslibraries/internal-presentations/la-sapienza-2026/sdg14-4-1_sapienza_lecture1.pdf,www.fao.org,raw/pdfs/www.fao.org/sdg14-4-1-sapienza-lecture1-67ce13b3.pdf,uploaded,,2026-04-13T21:23:28.884071+00:00,2026-04-14T15:31:49.058433+00:00
3f912d02fa114b181c97c39fe23aacdd,https://www.fao.org/media/docs/statisticslibraries/internal-presentations/la-sapienza-2026/presentation_renan.pdf,www.fao.org,raw/pdfs/www.fao.org/presentation-renan-3f912d02.pdf,uploaded,,2026-04-13T21:23:28.884071+00:00,2026-04-14T15:31:44.856649+00:00
61e3cc2792d010b8b94100810db34c37,https://www.fao.org/3/cc9043en/cc9043en.pdf,www.fao.org,raw/pdfs/www.fao.org/cc9043en-61e3cc27.pdf,uploaded,,2026-04-13T21:23:28.884071+00:00,2026-04-14T15:31:40.988387+00:00
11d57ee5f75a2d3ae268ae1e23f42992,https://www.fao.org/3/cc9041en/cc9041en.pdf,www.fao.org,raw/pdfs/www.fao.org/cc9041en-11d57ee5.pdf,uploaded,,2026-04-13T21:23:28.884071+00:00,2026-04-14T15:31:39.451205+00:00
614dd6d43e61329b77e2d7ff4cc63bc4,https://www.fao.org/3/cc8576en/cc8576en.pdf,www.fao.org,raw/pdfs/www.fao.org/cc8576en-614dd6d4.pdf,uploaded,,2026-04-13T21:23:28.884071+00:00,2026-04-14T15:31:37.902157+00:00
285f109efd6d883dc113a1be1dba7028,https://www.fao.org/3/cc8575en/cc8575en.pdf,www.fao.org,raw/pdfs/www.fao.org/cc8575en-285f109e.pdf,uploaded,,2026-04-13T21:23:28.884071+00:00,2026-04-14T15:31:32.540803+00:00
68ebf069f8d302846b499c643bd64ebc,https://www.fao.org/media/docs/statisticslibraries/internal-presentations/la-sapienza-2026/population_dynamics-egv2lecture2.pdf,www.fao.org,raw/pdfs/www.fao.org/population-dynamics-egv2lecture2-68ebf069.pdf,uploaded,,2026-04-13T21:23:28.884071+00:00,2026-04-14T15:31:31.993897+00:00
42b28ae502306cdfcae63ff4949dfe77,https://www.fao.org/media/docs/statisticslibraries/internal-presentations/la-sapienza-2026/nfmclimateaction-presentation_sapienza_310326-20260331084624.pdf,www.fao.org,raw/pdfs/www.fao.org/nfmclimateaction-presentation-sapienza-310326-20260331084624-42b28ae5.pdf,uploaded,,2026-04-13T21:23:28.884071+00:00,2026-04-14T15:31:27.050379+00:00
3ddd6af0c7de7680439b100c71c43681,https://www.fao.org/3/cc7328en/cc7328en.pdf,www.fao.org,raw/pdfs/www.fao.org/cc7328en-3ddd6af0.pdf,uploaded,,2026-04-13T21:23:28.884071+00:00,2026-04-14T15:31:26.998848+00:00
a915eed5d894bb67d33ea8bedd9dc1d2,https://www.fao.org/3/cc7162en/cc7162en.pdf,www.fao.org,raw/pdfs/www.fao.org/cc7162en-a915eed5.pdf,uploaded,,2026-04-13T21:23:28.884071+00:00,2026-04-14T15:31:10.631636+00:00
3064e297992d2b38375c708975cb8f06,https://www.fao.org/media/docs/statisticslibraries/internal-presentations/la-sapienza-2026/methodological-architecture-of-pou.pdf,www.fao.org,raw/pdfs/www.fao.org/methodological-architecture-of-pou-3064e297.pdf,uploaded,,2026-04-13T21:23:28.884071+00:00,2026-04-14T15:31:10.229155+00:00
bd73439227bb1f30c5441ed0788df86a,https://www.fao.org/media/docs/statisticslibraries/internal-presentations/la-sapienza-2026/introductory-presentation-la-sapienza-2026.pdf,www.fao.org,raw/pdfs/www.fao.org/introductory-presentation-la-sapienza-2026-bd734392.pdf,uploaded,,2026-04-13T21:23:28.884071+00:00,2026-04-14T15:31:08.493096+00:00
8ebf542de22210195a3605036e2f13df,https://www.fao.org/3/cc6929en/cc6929en.pdf,www.fao.org,raw/pdfs/www.fao.org/cc6929en-8ebf542d.pdf,uploaded,,2026-04-13T21:23:28.884071+00:00,2026-04-14T15:31:05.565646+00:00
1d131a17376f337a7b026912083b7551,https://www.fao.org/media/docs/statisticslibraries/internal-presentations/la-sapienza-2026/intro_seminar_la-sapienza---v-bizier---2026.pdf,www.fao.org,raw/pdfs/www.fao.org/intro-seminar-la-sapienza-v-bizier-2026-1d131a17.pdf,uploaded,,2026-04-13T21:23:28.884071+00:00,2026-04-14T15:31:03.324419+00:00
f819bd1ae64a1057faca95dd8a38c50a,https://www.fao.org/media/docs/statisticslibraries/internal-presentations/la-sapienza-2026/fitting-models-to-datafor-q3-4.pdf,www.fao.org,raw/pdfs/www.fao.org/fitting-models-to-datafor-q3-4-f819bd1a.pdf,uploaded,,2026-04-13T21:23:28.884071+00:00,2026-04-14T15:30:58.954802+00:00
e39c8dd655e55f4c30b181f9f6136f9e,https://www.fao.org/3/cc6729en/cc6729en.pdf,www.fao.org,raw/pdfs/www.fao.org/cc6729en-e39c8dd6.pdf,uploaded,,2026-04-13T21:23:28.884071+00:00,2026-04-14T15:30:58.818379+00:00
d95a1332d5434e72979d4fdaa256220c,https://www.fao.org/media/docs/handinhandlibraries/default-document-library/highlights-hihcommsstrategy_dec2022.pdf,www.fao.org,raw/pdfs/www.fao.org/highlights-hihcommsstrategy-dec2022-d95a1332.pdf,uploaded,,2026-04-13T21:23:28.884071+00:00,2026-04-14T15:30:54.215120+00:00
ce14d8e86a92b38df5fe152c84f8bf70,https://www.fao.org/media/docs/handinhandlibraries/default-document-library/4pager_investmentopportunityprofiles_221011.pdf,www.fao.org,raw/pdfs/www.fao.org/4pager-investmentopportunityprofiles-221011-ce14d8e8.pdf,uploaded,,2026-04-13T21:23:28.884071+00:00,2026-04-14T15:30:53.041305+00:00
26618c2b15c1f89440c5b5de0a0a1c08,https://www.fao.org/media/docs/handinhandlibraries/default-document-library/2pager_hih-brochure_221003.pdf,www.fao.org,raw/pdfs/www.fao.org/2pager-hih-brochure-221003-26618c2b.pdf,uploaded,,2026-04-13T21:23:28.884071+00:00,2026-04-14T15:30:48.959626+00:00
04cd2855025511fc61735c00a0d9f7c7,https://www.fao.org/media/docs/faoprocurementlibraries/terms-and-conditions/26gtcsservices2025-final.pdf,www.fao.org,raw/pdfs/www.fao.org/26gtcsservices2025-final-04cd2855.pdf,uploaded,,2026-04-13T21:23:28.884071+00:00,2026-04-14T15:30:46.913859+00:00
a02780be6a5b503ae6c1c0b94dac251b,https://www.fao.org/3/cc6683en/cc6683en.pdf,www.fao.org,raw/pdfs/www.fao.org/cc6683en-a02780be.pdf,uploaded,,2026-04-13T21:23:28.884071+00:00,2026-04-14T15:30:46.472881+00:00
dddd11c64a76fc92d83ba59d1a93edda,https://www.fao.org/media/docs/faoprocurementlibraries/terms-and-conditions/26gtcsgoods2025-final8344e7bfb10748c6a4b41aa3b1092027.pdf,www.fao.org,raw/pdfs/www.fao.org/26gtcsgoods2025-final8344e7bfb10748c6a4b41aa3b1092027-dddd11c6.pdf,uploaded,,2026-04-13T21:23:28.884071+00:00,2026-04-14T15:30:45.127536+00:00
4374c4cf0b6237b42da56850bae041dc,https://www.fao.org/media/docs/faoprocurementlibraries/terms-and-conditions/260210-fao-gtcs_goods---2025-final.pdf,www.fao.org,raw/pdfs/www.fao.org/260210-fao-gtcs-goods-2025-final-4374c4cf.pdf,uploaded,,2026-04-13T21:23:28.884071+00:00,2026-04-14T15:30:43.303942+00:00
b0ae5cce0ed2ec5bf38590fb272283dd,https://www.fao.org/3/cc6281en/cc6281en.pdf,www.fao.org,raw/pdfs/www.fao.org/cc6281en-b0ae5cce.pdf,uploaded,,2026-04-13T21:23:28.884071+00:00,2026-04-14T15:30:41.799633+00:00
41360850c65cfca01462cca075bbfe56,https://www.fao.org/media/docs/employmentlibraries/default-document-library/callforinterest_externalinvestmentadviser.pdf,www.fao.org,raw/pdfs/www.fao.org/callforinterest-externalinvestmentadviser-41360850.pdf,uploaded,,2026-04-13T21:23:28.884071+00:00,2026-04-14T15:30:41.522624+00:00
be4e1d5eebaab744e245e49b1d0ce008,https://www.fao.org/fileadmin/user_upload/wiews/docs/SDG_251a_data_requirement_sheet_table_EN.pdf,www.fao.org,raw/pdfs/www.fao.org/sdg-251a-data-requirement-sheet-table-en-be4e1d5e.pdf,uploaded,,2026-04-13T21:23:28.884071+00:00,2026-04-14T15:30:40.250194+00:00
6925463711e8c3b747a265acf53335ab,https://www.fao.org/3/cc6208en/cc6208en.pdf,www.fao.org,raw/pdfs/www.fao.org/cc6208en-69254637.pdf,uploaded,,2026-04-13T21:23:28.884071+00:00,2026-04-14T15:30:39.036400+00:00
08fa66e987c79d26ce83341ff375f892,https://www.fao.org/fileadmin/user_upload/nr/land_tenure/pdf/Call_for_papers_Land_and_Indigenous_Peoples_Land_Tenure_Journal.pdf,www.fao.org,raw/pdfs/www.fao.org/call-for-papers-land-and-indigenous-peoples-land-tenure-journal-08fa66e9.pdf,uploaded,,2026-04-13T21:23:28.884071+00:00,2026-04-14T15:30:38.979360+00:00
5c302454c3ef9c9a4b0a82fd77a73c95,https://www.fao.org/fileadmin/user_upload/gsb/Calendar/Calendar_GB_sessions.pdf,www.fao.org,raw/pdfs/www.fao.org/calendar-gb-sessions-5c302454.pdf,uploaded,,2026-04-13T21:23:28.884071+00:00,2026-04-14T15:30:38.053378+00:00
2ac1c2f8dd1a9d2070993ad05a4bd9fe,https://www.fao.org/fileadmin/user_upload/common/MESSAGES/FAO_Basic_Texts_Online_course/Online_course_on_the_Basic_Texts_of_FAO.pdf,www.fao.org,raw/pdfs/www.fao.org/online-course-on-the-basic-texts-of-fao-2ac1c2f8.pdf,uploaded,,2026-04-13T21:23:28.884071+00:00,2026-04-14T15:30:37.253347+00:00
46808b5af9c67d7230cc2e689dcc6bfb,https://www.fao.org/3/cc6207en/cc6207en.pdf,www.fao.org,raw/pdfs/www.fao.org/cc6207en-46808b5a.pdf,uploaded,,2026-04-13T21:23:28.884071+00:00,2026-04-14T15:30:36.016549+00:00
bc0580cf86fb8a02aebbb5506b94457a,https://www.fao.org/fileadmin/user_upload/Corporate_Environmental_Responsibility/docs/FAO_Offsetting_Certificate_2021.pdf,www.fao.org,raw/pdfs/www.fao.org/fao-offsetting-certificate-2021-bc0580cf.pdf,uploaded,,2026-04-13T21:23:28.884071+00:00,2026-04-14T15:30:35.671626+00:00
cfc4b557bf318cabce3fcc98bd5da88b,https://www.fao.org/docs/governingbodieslibraries/gb-documents/rba-calendar-20260f4028994f3b46f18f3e937b62439895.pdf,www.fao.org,raw/pdfs/www.fao.org/rba-calendar-20260f4028994f3b46f18f3e937b62439895-cfc4b557.pdf,uploaded,,2026-04-13T21:23:28.884071+00:00,2026-04-14T15:30:34.434358+00:00
107d3d9568d0960b6293248140d5b2c7,https://www.fao.org/3/cc5787en/cc5787en.pdf,www.fao.org,raw/pdfs/www.fao.org/cc5787en-107d3d95.pdf,uploaded,,2026-04-13T21:23:28.884071+00:00,2026-04-14T15:30:30.474329+00:00
bc5d534fbf619c235aca2fa309ed72f7,https://www.fao.org/3/cc5343en/cc5343en.pdf,www.fao.org,raw/pdfs/www.fao.org/cc5343en-bc5d534f.pdf,uploaded,,2026-04-13T21:23:28.884071+00:00,2026-04-14T15:30:19.118550+00:00
027173ece0f7e475e5e0b9f458daf0e2,https://www.fao.org/4/i3226e/i3226e.pdf,www.fao.org,raw/pdfs/www.fao.org/i3226e-027173ec.pdf,uploaded,,2026-04-13T21:23:28.884071+00:00,2026-04-14T15:30:09.634836+00:00
95b6f2f46a7270c2b955328293c9d6f2,https://www.fao.org/4/i3129e/i3129e.pdf,www.fao.org,raw/pdfs/www.fao.org/i3129e-95b6f2f4.pdf,uploaded,,2026-04-13T21:23:28.884071+00:00,2026-04-14T15:30:05.266296+00:00
7fff1b7971f57bb1c13602a8aaf50437,https://www.fao.org/4/i3016e/i3016e.pdf,www.fao.org,raw/pdfs/www.fao.org/i3016e-7fff1b79.pdf,uploaded,,2026-04-13T21:23:28.884071+00:00,2026-04-14T15:30:01.798908+00:00
3674f4ffbf1673e9980264e163abcd16,https://www.fao.org/4/i2906e/i2906e00.pdf,www.fao.org,raw/pdfs/www.fao.org/i2906e00-3674f4ff.pdf,uploaded,,2026-04-13T21:23:28.884071+00:00,2026-04-14T15:30:00.732411+00:00
9dc9e3267cb8c7828381f7795bf2a015,https://www.fao.org/4/i2801e/i2801e.pdf,www.fao.org,raw/pdfs/www.fao.org/i2801e-9dc9e326.pdf,uploaded,,2026-04-13T21:23:28.884071+00:00,2026-04-14T15:29:59.421583+00:00
ffd63eb8d5dad199d179adeefffc8155,https://www.fao.org/4/ap603e/ap603e.pdf,www.fao.org,raw/pdfs/www.fao.org/ap603e-ffd63eb8.pdf,uploaded,,2026-04-13T21:23:28.884071+00:00,2026-04-14T15:29:58.236094+00:00
7adf09e07fe0cc759adbc38ba60cc17a,https://www.fao.org/4/K8024E/K8024E.pdf,www.fao.org,raw/pdfs/www.fao.org/k8024e-7adf09e0.pdf,uploaded,,2026-04-13T21:23:28.884071+00:00,2026-04-14T15:29:56.858362+00:00
159815aa92f8436cdc18ec53126a7281,https://www.fao.org/3/y7937e/y7937e.pdf,www.fao.org,raw/pdfs/www.fao.org/y7937e-159815aa.pdf,uploaded,,2026-04-13T21:23:28.884071+00:00,2026-04-14T15:29:55.569403+00:00
cd32487e33564378358b93f38069ca20,https://www.fao.org/3/nk833en/nk833en.pdf,www.fao.org,raw/pdfs/www.fao.org/nk833en-cd32487e.pdf,uploaded,,2026-04-13T21:23:28.884071+00:00,2026-04-14T15:29:52.819852+00:00
4c17b1f5921921cf0ec9cf67ec29a44d,https://www.fao.org/3/nj242en/nj242en.pdf,www.fao.org,raw/pdfs/www.fao.org/nj242en-4c17b1f5.pdf,uploaded,,2026-04-13T21:23:28.884071+00:00,2026-04-14T15:29:51.049535+00:00
dfb4b8773208b4ab74bde432a13d2f7e,https://www.fao.org/3/ng660en/ng660en.pdf,www.fao.org,raw/pdfs/www.fao.org/ng660en-dfb4b877.pdf,uploaded,,2026-04-13T21:23:28.884071+00:00,2026-04-14T15:29:49.223374+00:00
e77eb1071aa4f36bbd5e062e849617e8,https://www.fao.org/3/ne896en/ne896en.pdf,www.fao.org,raw/pdfs/www.fao.org/ne896en-e77eb107.pdf,uploaded,,2026-04-13T21:23:28.884071+00:00,2026-04-14T15:29:47.440111+00:00
f0ef5f8ea53d170e68fbe7d50cba30b5,https://www.fao.org/3/ne853en/ne853en.pdf,www.fao.org,raw/pdfs/www.fao.org/ne853en-f0ef5f8e.pdf,uploaded,,2026-04-13T21:23:28.884071+00:00,2026-04-14T15:29:45.979600+00:00
7baf1d8125094810c970fb170c23bd98,https://www.fao.org/3/cb9403en/cb9403en.pdf,www.fao.org,raw/pdfs/www.fao.org/cb9403en-7baf1d81.pdf,uploaded,,2026-04-13T21:23:28.884071+00:00,2026-04-14T15:29:43.224637+00:00
c8f727a94f4055eeeae2123578739e43,https://www.fao.org/3/cc5289en/cc5289en.pdf,www.fao.org,raw/pdfs/www.fao.org/cc5289en-c8f727a9.pdf,uploaded,,2026-04-13T21:23:28.884071+00:00,2026-04-14T15:29:40.428814+00:00
03c428882050f1a3a8e05084f424925a,https://www.fao.org/3/cb9343en/cb9343en.pdf,www.fao.org,raw/pdfs/www.fao.org/cb9343en-03c42888.pdf,uploaded,,2026-04-13T21:23:28.884071+00:00,2026-04-14T15:29:36.489380+00:00
bef02794dd2f279cd75071502b224685,https://www.fao.org/3/cb9341en/cb9341en.pdf,www.fao.org,raw/pdfs/www.fao.org/cb9341en-bef02794.pdf,uploaded,,2026-04-13T21:23:28.884071+00:00,2026-04-14T15:29:34.095842+00:00
8f066c399a0dc16a59fa6f582eeb1dcf,https://www.fao.org/3/cb9340en/cb9340en.pdf,www.fao.org,raw/pdfs/www.fao.org/cb9340en-8f066c39.pdf,uploaded,,2026-04-13T21:23:28.884071+00:00,2026-04-14T15:29:31.726623+00:00
051fd592c05def9929ebfb6a092001e3,https://www.fao.org/3/cb9339en/cb9339en.pdf,www.fao.org,raw/pdfs/www.fao.org/cb9339en-051fd592.pdf,uploaded,,2026-04-13T21:23:28.884071+00:00,2026-04-14T15:29:30.008225+00:00
70a65cf895614ec7f5bf2f3efa7ab11e,https://www.fao.org/3/cb9336en/cb9336en.pdf,www.fao.org,raw/pdfs/www.fao.org/cb9336en-70a65cf8.pdf,uploaded,,2026-04-13T21:23:28.884071+00:00,2026-04-14T15:29:28.607399+00:00
e06e5b10b8120cf3ed8835e7e044d2ba,https://www.fao.org/3/cc5167en/cc5167en.pdf,www.fao.org,raw/pdfs/www.fao.org/cc5167en-e06e5b10.pdf,uploaded,,2026-04-13T21:23:28.884071+00:00,2026-04-14T15:29:26.400168+00:00
d0d05d6db2a08033f97fa7a881e5d6ee,https://www.fao.org/3/cb9309en/cb9309en.pdf,www.fao.org,raw/pdfs/www.fao.org/cb9309en-d0d05d6d.pdf,uploaded,,2026-04-13T21:23:28.884071+00:00,2026-04-14T15:29:26.081128+00:00
f597cd364f058a3556a92dd2eac0dfba,https://www.fao.org/3/cc4892en/cc4892en.pdf,www.fao.org,raw/pdfs/www.fao.org/cc4892en-f597cd36.pdf,uploaded,,2026-04-13T21:23:28.884071+00:00,2026-04-14T15:29:24.384387+00:00
4621d94b20026b97c9e395fb408ae129,https://www.fao.org/3/cc4365en/cc4365en.pdf,www.fao.org,raw/pdfs/www.fao.org/cc4365en-4621d94b.pdf,uploaded,,2026-04-13T21:23:28.884071+00:00,2026-04-14T15:29:22.045605+00:00
c152239e6bb78085c785b5b0bbcd9331,https://www.fao.org/3/cb9284en/cb9284en.pdf,www.fao.org,raw/pdfs/www.fao.org/cb9284en-c152239e.pdf,uploaded,,2026-04-13T21:23:28.884071+00:00,2026-04-14T15:29:21.943613+00:00
e4bd34b8c4cfeddca33db09c6209da38,https://www.fao.org/3/cc3799en/cc3799en.pdf,www.fao.org,raw/pdfs/www.fao.org/cc3799en-e4bd34b8.pdf,uploaded,,2026-04-13T21:23:28.884071+00:00,2026-04-14T15:29:19.806367+00:00
828faf8e2f6fa0960e3dfc3b87e31c55,https://www.fao.org/3/cc3134en/cc3134en.pdf,www.fao.org,raw/pdfs/www.fao.org/cc3134en-828faf8e.pdf,uploaded,,2026-04-13T21:23:28.884071+00:00,2026-04-14T15:29:15.981959+00:00
9e35952f40f69dc5b670e857b1652bd5,https://www.fao.org/3/cb9016fr/cb9016fr.pdf,www.fao.org,raw/pdfs/www.fao.org/cb9016fr-9e35952f.pdf,uploaded,,2026-04-13T21:23:28.884071+00:00,2026-04-14T15:29:12.001404+00:00
e6bd63d8934ced59232cfeb9c08156bb,https://www.fao.org/3/cc2918en/cc2918en.pdf,www.fao.org,raw/pdfs/www.fao.org/cc2918en-e6bd63d8.pdf,uploaded,,2026-04-13T21:23:28.884071+00:00,2026-04-14T15:29:04.353819+00:00
046379565fbf30590e0a127bc1627e9d,https://www.fao.org/3/cc2274en/cc2274en.pdf,www.fao.org,raw/pdfs/www.fao.org/cc2274en-04637956.pdf,uploaded,,2026-04-13T21:23:28.884071+00:00,2026-04-14T15:29:00.693302+00:00
23694a674e7c5f7c5398f3b346029615,https://www.fao.org/3/cc2158en/cc2158en.pdf,www.fao.org,raw/pdfs/www.fao.org/cc2158en-23694a67.pdf,uploaded,,2026-04-13T21:23:28.884071+00:00,2026-04-14T15:28:48.933128+00:00
8dff51ca3053dbb738efa7b021d5689b,https://www.fao.org/3/cc1956en/cc1956en.pdf,www.fao.org,raw/pdfs/www.fao.org/cc1956en-8dff51ca.pdf,uploaded,,2026-04-13T21:23:28.884071+00:00,2026-04-14T15:28:46.902042+00:00
06fb6218041c1a81a1b8926e3e10ffd9,https://www.fao.org/3/cc1443en/cc1443en.pdf,www.fao.org,raw/pdfs/www.fao.org/cc1443en-06fb6218.pdf,uploaded,,2026-04-13T21:23:28.884071+00:00,2026-04-14T15:28:44.761632+00:00
30a713b9fbc999bb5764393606c3f099,https://www.fao.org/3/cc1184en/cc1184en.pdf,www.fao.org,raw/pdfs/www.fao.org/cc1184en-30a713b9.pdf,uploaded,,2026-04-13T21:23:28.884071+00:00,2026-04-14T15:28:40.084150+00:00
c3c9b2bffe35651cfdc9dab61b316f04,https://www.fao.org/3/cc1039en/cc1039en.pdf,www.fao.org,raw/pdfs/www.fao.org/cc1039en-c3c9b2bf.pdf,uploaded,,2026-04-13T21:23:28.884071+00:00,2026-04-14T15:28:38.489445+00:00
1c09f8bcbc4d4e8865d855e150369f8c,https://www.fao.org/3/cb8934en/cb8934en.pdf,www.fao.org,raw/pdfs/www.fao.org/cb8934en-1c09f8bc.pdf,uploaded,,2026-04-13T21:23:28.884071+00:00,2026-04-14T15:28:34.451062+00:00
2621a9bddb4879d99d016614d9a41f56,https://www.fao.org/3/cc0639en/cc0639en.pdf,www.fao.org,raw/pdfs/www.fao.org/cc0639en-2621a9bd.pdf,uploaded,,2026-04-13T21:23:28.884071+00:00,2026-04-14T15:28:34.154096+00:00
aebdc52b7080bc7a4317eee3a0d31a0a,https://www.fao.org/3/cc0431en/cc0431en.pdf,www.fao.org,raw/pdfs/www.fao.org/cc0431en-aebdc52b.pdf,uploaded,,2026-04-13T21:23:28.884071+00:00,2026-04-14T15:28:09.010811+00:00
994c3899ca75ec5918e750a9bf592f71,https://www.fao.org/3/cb8910en/cb8910en.pdf,www.fao.org,raw/pdfs/www.fao.org/cb8910en-994c3899.pdf,uploaded,,2026-04-13T21:23:28.884071+00:00,2026-04-14T15:28:06.330540+00:00
cca7a9d073fdc4e0a88a85a3bf8bad0b,https://www.fao.org/3/cc0166en/cc0166en.pdf,www.fao.org,raw/pdfs/www.fao.org/cc0166en-cca7a9d0.pdf,uploaded,,2026-04-13T21:23:28.884071+00:00,2026-04-14T15:28:03.334290+00:00
95753a5fd9832573c801018638f89270,https://www.fao.org/3/cb8787en/cb8787en.pdf,www.fao.org,raw/pdfs/www.fao.org/cb8787en-95753a5f.pdf,uploaded,,2026-04-13T21:23:28.884071+00:00,2026-04-14T15:28:01.528325+00:00
f8b462cd0295198cddd543f659ddf1c2,https://www.fao.org/3/cb8786en/cb8786en.pdf,www.fao.org,raw/pdfs/www.fao.org/cb8786en-f8b462cd.pdf,uploaded,,2026-04-13T21:23:28.884071+00:00,2026-04-14T15:27:59.972634+00:00
8c624ffcb77bac4c66063821e94d59da,https://www.fao.org/3/cb8490en/cb8490en.pdf,www.fao.org,raw/pdfs/www.fao.org/cb8490en-8c624ffc.pdf,uploaded,,2026-04-13T21:23:28.884071+00:00,2026-04-14T15:27:58.077486+00:00
b3fb8269295108052637d85e14ff33c9,https://www.fao.org/3/cb8350en/cb8350en.pdf,www.fao.org,raw/pdfs/www.fao.org/cb8350en-b3fb8269.pdf,uploaded,,2026-04-13T21:23:28.884071+00:00,2026-04-14T15:27:55.961296+00:00
ded1fa90af5d173cfcc70c6c64f6902c,https://www.fao.org/3/cb8269en/cb8269en.pdf,www.fao.org,raw/pdfs/www.fao.org/cb8269en-ded1fa90.pdf,uploaded,,2026-04-13T21:23:28.884071+00:00,2026-04-14T15:27:52.324556+00:00
ffc8c0f37341e364567f51bd69d912f7,https://www.fao.org/3/cc0164en/cc0164en.pdf,www.fao.org,raw/pdfs/www.fao.org/cc0164en-ffc8c0f3.pdf,uploaded,,2026-04-13T21:23:28.884071+00:00,2026-04-14T15:27:48.909833+00:00
8aaa5672703eec625ab56c118f064a2b,https://www.fao.org/3/cb8147en/cb8147en.pdf,www.fao.org,raw/pdfs/www.fao.org/cb8147en-8aaa5672.pdf,uploaded,,2026-04-13T21:23:28.884071+00:00,2026-04-14T15:27:30.613560+00:00
851a07cbc8ef6d7855b620ddda14cfaf,https://www.fao.org/3/cb7869en/cb7869en.pdf,www.fao.org,raw/pdfs/www.fao.org/cb7869en-851a07cb.pdf,uploaded,,2026-04-13T21:23:28.884071+00:00,2026-04-14T15:27:22.985294+00:00
7bb5b16acea493eb866661b46ab3391d,https://www.fao.org/3/cb7518en/cb7518en.pdf,www.fao.org,raw/pdfs/www.fao.org/cb7518en-7bb5b16a.pdf,uploaded,,2026-04-13T21:23:28.884071+00:00,2026-04-14T15:27:19.978274+00:00
3a33e1ba4ef6ecdefa08c4001a482876,https://www.fao.org/3/cb9717en/cb9717en.pdf,www.fao.org,raw/pdfs/www.fao.org/cb9717en-3a33e1ba.pdf,uploaded,,2026-04-13T21:23:28.884071+00:00,2026-04-14T15:27:17.106568+00:00
86185eb5f843f4d422ff70d771ce8451,https://www.fao.org/3/cb7514en/cb7514en.pdf,www.fao.org,raw/pdfs/www.fao.org/cb7514en-86185eb5.pdf,uploaded,,2026-04-13T21:23:28.884071+00:00,2026-04-14T15:27:15.622284+00:00
38382d2315169723e550392c230a2c38,https://www.fao.org/3/cb7099en/cb7099en.pdf,www.fao.org,raw/pdfs/www.fao.org/cb7099en-38382d23.pdf,uploaded,,2026-04-13T21:23:28.884071+00:00,2026-04-14T15:27:11.676814+00:00
e75c6d360844b5a7c959c3d21e2582b9,https://www.fao.org/3/ca7570en/ca7570en.pdf,www.fao.org,raw/pdfs/www.fao.org/ca7570en-e75c6d36.pdf,uploaded,,2026-04-13T21:23:28.884071+00:00,2026-04-14T15:27:09.766584+00:00
7a56f8fb4706e526627530e05d84a72b,https://www.fao.org/3/cb6966en/cb6966en.pdf,www.fao.org,raw/pdfs/www.fao.org/cb6966en-7a56f8fb.pdf,uploaded,,2026-04-13T21:23:28.884071+00:00,2026-04-14T15:27:07.198775+00:00
8dd983bb66813b6d273fb440f68d0448,https://www.fao.org/3/cb6873en/cb6873en.pdf,www.fao.org,raw/pdfs/www.fao.org/cb6873en-8dd983bb.pdf,uploaded,,2026-04-13T21:23:28.884071+00:00,2026-04-14T15:27:00.205058+00:00
cb9da4c199f57f732be907fbc10b4cef,https://www.fao.org/3/ca7407en/ca7407en.pdf,www.fao.org,raw/pdfs/www.fao.org/ca7407en-cb9da4c1.pdf,uploaded,,2026-04-13T21:23:28.884071+00:00,2026-04-14T15:26:56.695220+00:00
46f261947dc54bc10dd2792e11d0f51a,https://www.fao.org/3/ca7391en/ca7391en.pdf,www.fao.org,raw/pdfs/www.fao.org/ca7391en-46f26194.pdf,uploaded,,2026-04-13T21:23:28.884071+00:00,2026-04-14T15:26:22.510777+00:00
c73bcb84c8017c552243d708f000b99d,https://www.fao.org/3/ca7089en/ca7089en.pdf,www.fao.org,raw/pdfs/www.fao.org/ca7089en-c73bcb84.pdf,uploaded,,2026-04-13T21:23:28.884071+00:00,2026-04-14T15:26:17.520841+00:00
8410e10b2d9ed003293b901ccf0590e4,https://www.fao.org/3/cb5055en/cb5055en.pdf,www.fao.org,raw/pdfs/www.fao.org/cb5055en-8410e10b.pdf,uploaded,,2026-04-13T21:23:28.884071+00:00,2026-04-14T15:26:14.456849+00:00
e98316c487883d07dcb40feaa8ea9efc,https://www.fao.org/3/cb4875en/cb4875en.pdf,www.fao.org,raw/pdfs/www.fao.org/cb4875en-e98316c4.pdf,uploaded,,2026-04-13T21:23:28.884071+00:00,2026-04-14T15:26:12.196548+00:00
70dfa1efc392bd19991dffa970f9e121,https://www.fao.org/3/ca6787en/ca6787en.pdf,www.fao.org,raw/pdfs/www.fao.org/ca6787en-70dfa1ef.pdf,uploaded,,2026-04-13T21:23:28.884071+00:00,2026-04-14T15:26:07.457071+00:00
6ecd6a6541a6f2c598c7ec98091474f8,https://www.fao.org/3/cb4736en/cb4736en.pdf,www.fao.org,raw/pdfs/www.fao.org/cb4736en-6ecd6a65.pdf,uploaded,,2026-04-13T21:23:28.884071+00:00,2026-04-14T15:26:06.144770+00:00
383bb88ed2c45d7dc1ae2c862b9a3cbe,https://www.fao.org/3/ca6392en/ca6392en.pdf,www.fao.org,raw/pdfs/www.fao.org/ca6392en-383bb88e.pdf,uploaded,,2026-04-13T21:23:28.884071+00:00,2026-04-14T15:26:04.763773+00:00
b96d463d3c61991bc44158ad419b6553,https://www.fao.org/3/ca6335en/ca6335en.pdf,www.fao.org,raw/pdfs/www.fao.org/ca6335en-b96d463d.pdf,uploaded,,2026-04-13T21:23:28.884071+00:00,2026-04-14T15:26:00.126151+00:00
b0fa8cbee994db708f6de13be0dcb49c,https://www.fao.org/3/ca4811en/ca4811en.pdf,www.fao.org,raw/pdfs/www.fao.org/ca4811en-b0fa8cbe.pdf,uploaded,,2026-04-13T21:23:28.884071+00:00,2026-04-14T15:25:50.935527+00:00
279d5c3121d93a9c2ec9f029b2581f97,https://www.fao.org/3/cb4580en/cb4580en.pdf,www.fao.org,raw/pdfs/www.fao.org/cb4580en-279d5c31.pdf,uploaded,,2026-04-13T21:23:28.884071+00:00,2026-04-14T15:25:28.845767+00:00
fd857bf318fe2461343480e6275d38b4,https://www.fao.org/3/ca4091en/ca4091en.pdf,www.fao.org,raw/pdfs/www.fao.org/ca4091en-fd857bf3.pdf,uploaded,,2026-04-13T21:23:28.884071+00:00,2026-04-14T15:25:27.101535+00:00
57c482f9a7262d9b1a251b733c9ca3ff,https://www.fao.org/3/cb4218en/cb4218en.pdf,www.fao.org,raw/pdfs/www.fao.org/cb4218en-57c482f9.pdf,uploaded,,2026-04-13T21:23:28.884071+00:00,2026-04-14T15:25:16.023330+00:00
b969fc112bdb5c983ae9c46053355b23,https://www.fao.org/3/ca3984en/ca3984en.pdf,www.fao.org,raw/pdfs/www.fao.org/ca3984en-b969fc11.pdf,uploaded,,2026-04-13T21:23:28.884071+00:00,2026-04-14T15:25:07.169000+00:00
4c9facb531dcf7e4690e70f2fd78e775,https://www.fao.org/3/cb3883en/cb3883en.pdf,www.fao.org,raw/pdfs/www.fao.org/cb3883en-4c9facb5.pdf,uploaded,,2026-04-13T21:23:28.884071+00:00,2026-04-14T15:24:59.174817+00:00
4636db2a8bbd2602b4336b1948d02318,https://www.fao.org/3/cb3368en/cb3368en.pdf,www.fao.org,raw/pdfs/www.fao.org/cb3368en-4636db2a.pdf,uploaded,,2026-04-13T21:23:28.884071+00:00,2026-04-14T15:24:56.458568+00:00
76f4ca8b9f30740889e13afd2cb24dd8,https://www.fao.org/3/cb3352en/cb3352en.pdf,www.fao.org,raw/pdfs/www.fao.org/cb3352en-76f4ca8b.pdf,uploaded,,2026-04-13T21:23:28.884071+00:00,2026-04-14T15:24:51.327366+00:00
2b05e9393b0803613e6b2da823d08fb6,https://www.fao.org/3/ca3043en/ca3043en.pdf,www.fao.org,raw/pdfs/www.fao.org/ca3043en-2b05e939.pdf,uploaded,,2026-04-13T21:23:28.884071+00:00,2026-04-14T15:24:47.081822+00:00
a886b923bd217cdf94dfbf9192b578db,https://www.fao.org/3/ca2929en/ca2929en.pdf,www.fao.org,raw/pdfs/www.fao.org/ca2929en-a886b923.pdf,uploaded,,2026-04-13T21:23:28.884071+00:00,2026-04-14T15:24:36.064978+00:00
108cb1dc43205327eb06cacec71ecdf6,https://www.fao.org/3/ca2773en/ca2773en.pdf,www.fao.org,raw/pdfs/www.fao.org/ca2773en-108cb1dc.pdf,uploaded,,2026-04-13T21:23:28.884071+00:00,2026-04-14T15:24:26.008815+00:00
bef134544f7c8378bc1613f1c90b061d,https://www.fao.org/3/ca2639en/ca2639en.pdf,www.fao.org,raw/pdfs/www.fao.org/ca2639en-bef13454.pdf,uploaded,,2026-04-13T21:23:28.884071+00:00,2026-04-14T15:22:18.759802+00:00
668b794e6cfa098d58158dcbd3105dba,https://www.fao.org/3/ca1459en/ca1459en.pdf,www.fao.org,raw/pdfs/www.fao.org/ca1459en-668b794e.pdf,uploaded,,2026-04-13T21:23:28.884071+00:00,2026-04-14T15:22:16.320101+00:00
2cbf5fedc76cdde01df01cb5564af517,https://www.fao.org/3/ca1201en/ca1201en.pdf,www.fao.org,raw/pdfs/www.fao.org/ca1201en-2cbf5fed.pdf,uploaded,,2026-04-13T21:23:28.884071+00:00,2026-04-14T15:22:11.954830+00:00
f9473f885d218de99896613da6ad21b8,https://www.fao.org/3/cb3253en/cb3253en.pdf,www.fao.org,raw/pdfs/www.fao.org/cb3253en-f9473f88.pdf,uploaded,,2026-04-13T21:23:28.884071+00:00,2026-04-14T15:22:06.763770+00:00
ab4bb8aaba52a96b6e6a77f058628f6c,https://www.fao.org/3/ca0957en/ca0957en.pdf,www.fao.org,raw/pdfs/www.fao.org/ca0957en-ab4bb8aa.pdf,uploaded,,2026-04-13T21:23:28.884071+00:00,2026-04-14T15:21:59.376553+00:00
95a63bb5d423f21e29c8eba484dc6bd1,https://www.fao.org/3/cb3243en/cb3243en.pdf,www.fao.org,raw/pdfs/www.fao.org/cb3243en-95a63bb5.pdf,uploaded,,2026-04-13T21:23:28.884071+00:00,2026-04-14T15:21:56.941801+00:00
fdcb81eded3956e0af76298e70c03a03,https://www.fao.org/3/cb2549en/cb2549en.pdf,www.fao.org,raw/pdfs/www.fao.org/cb2549en-fdcb81ed.pdf,uploaded,,2026-04-13T21:23:28.884071+00:00,2026-04-14T15:21:50.813234+00:00
3c78b532cf75520ea5e3afefffd91e27,https://www.fao.org/3/cb2491en/cb2491en.pdf,www.fao.org,raw/pdfs/www.fao.org/cb2491en-3c78b532.pdf,uploaded,,2026-04-13T21:23:28.884071+00:00,2026-04-14T15:21:47.151537+00:00
376c9063053c6338ad94a3733e285c24,https://www.fao.org/3/cb1739en/cb1739en.pdf,www.fao.org,raw/pdfs/www.fao.org/cb1739en-376c9063.pdf,uploaded,,2026-04-13T21:23:28.884071+00:00,2026-04-14T15:21:43.742117+00:00
3fad0741425a2de3d5f7ba9950cfcee3,https://www.fao.org/3/cb0875en/cb0875en.pdf,www.fao.org,raw/pdfs/www.fao.org/cb0875en-3fad0741.pdf,uploaded,,2026-04-13T21:23:28.884071+00:00,2026-04-14T15:21:41.407913+00:00
d5d9161ef1de8fe8447d2dc249cec807,https://www.fao.org/3/cb0873en/cb0873en.pdf,www.fao.org,raw/pdfs/www.fao.org/cb0873en-d5d9161e.pdf,uploaded,,2026-04-13T21:23:28.884071+00:00,2026-04-14T15:21:39.870532+00:00
e3c1b1f7d30bcd87b02c6141e16ee79d,https://www.fao.org/3/cb0746en/cb0746en.pdf,www.fao.org,raw/pdfs/www.fao.org/cb0746en-e3c1b1f7.pdf,uploaded,,2026-04-13T21:23:28.884071+00:00,2026-04-14T15:21:36.029286+00:00
1558d59ac4d6abcc28615e8ca132b288,https://www.fao.org/3/az770e/az770e.pdf,www.fao.org,raw/pdfs/www.fao.org/az770e-1558d59a.pdf,uploaded,,2026-04-13T21:23:28.884071+00:00,2026-04-14T15:21:35.843281+00:00
5c765ab127c66c8a95ea4f92e9e56174,https://www.fao.org/3/cb0301en/cb0301en.pdf,www.fao.org,raw/pdfs/www.fao.org/cb0301en-5c765ab1.pdf,uploaded,,2026-04-13T21:23:28.884071+00:00,2026-04-14T15:21:31.412156+00:00
0a4a58c8f0cfa0d19b924eb3f289d104,https://www.fao.org/3/a-i4913e.pdf,www.fao.org,raw/pdfs/www.fao.org/a-i4913e-0a4a58c8.pdf,uploaded,,2026-04-13T21:23:28.884071+00:00,2026-04-14T15:21:29.093413+00:00
1955c38ef8df3ae5312461ee53ad5045,https://www.fao.org/3/ca9730en/ca9730en.pdf,www.fao.org,raw/pdfs/www.fao.org/ca9730en-1955c38e.pdf,uploaded,,2026-04-13T21:23:28.884071+00:00,2026-04-14T15:21:26.923641+00:00
0c0135443a3baf46d322fba356379624,https://www.fao.org/3/ca9548en/ca9548en.pdf,www.fao.org,raw/pdfs/www.fao.org/ca9548en-0c013544.pdf,uploaded,,2026-04-13T21:23:28.884071+00:00,2026-04-14T15:21:19.313024+00:00
c538aecb3f390e482d04bfe560937b17,https://www.fao.org/3/ca9547en/ca9547en.pdf,www.fao.org,raw/pdfs/www.fao.org/ca9547en-c538aecb.pdf,uploaded,,2026-04-13T21:23:28.884071+00:00,2026-04-14T15:21:16.571917+00:00
ab0a10ada45b89159482db881b7f1af7,https://www.fao.org/3/ca9546en/ca9546en.pdf,www.fao.org,raw/pdfs/www.fao.org/ca9546en-ab0a10ad.pdf,uploaded,,2026-04-13T21:23:28.884071+00:00,2026-04-14T15:21:13.935273+00:00
3397be6cd714881787ecb6b9ed3f90c2,https://www.fao.org/3/ca9509en/ca9509en.pdf,www.fao.org,raw/pdfs/www.fao.org/ca9509en-3397be6c.pdf,uploaded,,2026-04-13T21:23:28.884071+00:00,2026-04-14T15:21:07.630251+00:00
026dec6d9249717e2dca1608695753f3,https://www.ciel.org/wp-content/uploads/2022/05/sowing-a-plastic-planet_final23may22.pdf,www.ciel.org,raw/pdfs/www.ciel.org/sowing-a-plastic-planet-final23may22-026dec6d.pdf,uploaded,,2026-04-13T21:23:28.884071+00:00,2026-04-14T15:20:50.780204+00:00
64a8f9a7dc7d008878f0b8c55aeb2af4,https://www.fao.org/3/ca8434en/ca8434en.pdf,www.fao.org,raw/pdfs/www.fao.org/ca8434en-64a8f9a7.pdf,uploaded,,2026-04-13T21:23:28.884071+00:00,2026-04-14T15:20:39.858246+00:00
e9e4ad1f6cab6e86123a4e7f59fe46f5,https://www.fao.org/3/ca7660en/ca7660en.pdf,www.fao.org,raw/pdfs/www.fao.org/ca7660en-e9e4ad1f.pdf,uploaded,,2026-04-13T21:23:28.884071+00:00,2026-04-14T13:40:47.711630+00:00
1a2f6c7e8485478f73af16f577bcadaa,https://www.cbd.int/doc/speech/2013/sp-2013-03-20-forest-en.pdf,www.cbd.int,raw/pdfs/www.cbd.int/sp-2013-03-20-forest-en-1a2f6c7e.pdf,uploaded,,2026-04-13T21:23:28.884071+00:00,2026-04-14T13:40:46.061824+00:00
c9d6755438ac88d943d246dcfb26538b,https://www.cbd.int/doc/decisions/cop-15/cop-15-dec-04-en.pdf,www.cbd.int,raw/pdfs/www.cbd.int/cop-15-dec-04-en-c9d67554.pdf,uploaded,,2026-04-13T21:23:28.884071+00:00,2026-04-14T13:40:44.561523+00:00
1291700733a953efcc0e24c793863adc,https://unstats.un.org/unsd/statcom/doc15/2015-16-AgriStats-E.pdf,unstats.un.org,raw/pdfs/unstats.un.org/2015-16-agristats-e-12917007.pdf,uploaded,,2026-04-13T21:23:28.884071+00:00,2026-04-14T13:40:31.483743+00:00
9be3b445b7ec6388464f7783b57ec3d0,https://unstats.un.org/unsd/statcom/53rd-session/documents/BG-3s-3u-AgricultureAndBigData-E.pdf,unstats.un.org,raw/pdfs/unstats.un.org/bg-3s-3u-agricultureandbigdata-e-9be3b445.pdf,uploaded,,2026-04-13T21:23:28.884071+00:00,2026-04-14T13:40:30.301286+00:00
7c25eb41c40a647329e30e43f3389fbf,https://unstats.un.org/unsd/statcom/53rd-session/documents/2022-23-AgricultureStats-E.pdf,unstats.un.org,raw/pdfs/unstats.un.org/2022-23-agriculturestats-e-7c25eb41.pdf,uploaded,,2026-04-13T21:23:28.884071+00:00,2026-04-14T13:40:27.876467+00:00
9669ac5faf42759487ec11bcd01a3f59,https://unstats.un.org/unsd/statcom/51st-session/documents/2020-13-AgriculturalStats-E.pdf,unstats.un.org,raw/pdfs/unstats.un.org/2020-13-agriculturalstats-e-9669ac5f.pdf,uploaded,,2026-04-13T21:23:28.884071+00:00,2026-04-14T13:40:27.103012+00:00
ef3e61c0e50ae7701f82fb72e1cb5af5,https://unstats.un.org/unsd/statcom/49th-session/documents/2018-13-Agriculture-E.pdf,unstats.un.org,raw/pdfs/unstats.un.org/2018-13-agriculture-e-ef3e61c0.pdf,uploaded,,2026-04-13T21:23:28.884071+00:00,2026-04-14T13:40:26.268247+00:00
bddb194e59b55f870bae1d213c2c6bd4,https://unstats.un.org/unsd/statcom/48th-session/documents/2017-27-AgricultureStats-E.pdf,unstats.un.org,raw/pdfs/unstats.un.org/2017-27-agriculturestats-e-bddb194e.pdf,uploaded,,2026-04-13T21:23:28.884071+00:00,2026-04-14T13:40:25.458275+00:00
5320171dd41c9313581e75f72ee1b4c9,https://unstats.un.org/unsd/publication/SeriesM/seriesm_4rev_4.pdf,unstats.un.org,raw/pdfs/unstats.un.org/seriesm-4rev-4-5320171d.pdf,uploaded,,2026-04-13T21:23:28.884071+00:00,2026-04-14T13:40:24.791800+00:00
caf156ff0e8d700edbd92d59a24f0798,https://unstats.un.org/unsd/publication/SeriesM/seriesm_4rev4s.pdf,unstats.un.org,raw/pdfs/unstats.un.org/seriesm-4rev4s-caf156ff.pdf,uploaded,,2026-04-13T21:23:28.884071+00:00,2026-04-14T13:40:23.063833+00:00
b17e99cf9d1d3819d05da43ba5ef9597,https://unstats.un.org/unsd/publication/SeriesM/seriesm_4rev4r.pdf,unstats.un.org,raw/pdfs/unstats.un.org/seriesm-4rev4r-b17e99cf.pdf,uploaded,,2026-04-13T21:23:28.884071+00:00,2026-04-14T13:40:21.850707+00:00
1f855cb8bedcde8ba9fabdff1dd6ff32,https://unstats.un.org/unsd/publication/SeriesM/seriesm_4rev4f.pdf,unstats.un.org,raw/pdfs/unstats.un.org/seriesm-4rev4f-1f855cb8.pdf,uploaded,,2026-04-13T21:23:28.884071+00:00,2026-04-14T13:40:20.593020+00:00
d4c99de8ce776f417be4770e198fb98c,https://unstats.un.org/unsd/publication/SeriesM/seriesm_4rev4e.pdf,unstats.un.org,raw/pdfs/unstats.un.org/seriesm-4rev4e-d4c99de8.pdf,uploaded,,2026-04-13T21:23:28.884071+00:00,2026-04-14T13:40:19.526086+00:00
1dd08f6cd909164f72e724a84f1b85c9,https://unstats.un.org/unsd/publication/SeriesM/seriesm_4rev4a.pdf,unstats.un.org,raw/pdfs/unstats.un.org/seriesm-4rev4a-1dd08f6c.pdf,uploaded,,2026-04-13T21:23:28.884071+00:00,2026-04-14T13:40:18.422244+00:00
608276d70a3d5e4bea5638b020929d57,https://unstats.un.org/unsd/publication/SeriesM/SeriesM_84E.pdf,unstats.un.org,raw/pdfs/unstats.un.org/seriesm-84e-608276d7.pdf,uploaded,,2026-04-13T21:23:28.884071+00:00,2026-04-14T13:40:15.255529+00:00
cccb19e757e52dab88a249f89118293a,https://unstats.un.org/unsd/publication/SeriesM/SeriesM_34rev4s.pdf,unstats.un.org,raw/pdfs/unstats.un.org/seriesm-34rev4s-cccb19e7.pdf,uploaded,,2026-04-13T21:23:28.884071+00:00,2026-04-14T13:40:14.402858+00:00
b68cea05ca191301f3ffd502279fe802,https://unstats.un.org/unsd/publication/SeriesM/SeriesM_34rev4r.pdf,unstats.un.org,raw/pdfs/unstats.un.org/seriesm-34rev4r-b68cea05.pdf,uploaded,,2026-04-13T21:23:28.884071+00:00,2026-04-14T13:40:12.657049+00:00
b7937563cf68dd0973cc6ad37a1d8128,https://unstats.un.org/unsd/publication/SeriesM/SeriesM_34rev4f.pdf,unstats.un.org,raw/pdfs/unstats.un.org/seriesm-34rev4f-b7937563.pdf,uploaded,,2026-04-13T21:23:28.884071+00:00,2026-04-14T13:40:11.144522+00:00
0d37ede2824283118e38d34d9b3413a6,https://unstats.un.org/unsd/publication/SeriesM/SeriesM_34rev4e.pdf,unstats.un.org,raw/pdfs/unstats.un.org/seriesm-34rev4e-0d37ede2.pdf,uploaded,,2026-04-13T21:23:28.884071+00:00,2026-04-14T13:40:09.777283+00:00
9e8d2f0b8bdbf122aa5cfaa344f653dc,https://unstats.un.org/unsd/publication/SeriesM/SeriesM_34rev4c.pdf,unstats.un.org,raw/pdfs/unstats.un.org/seriesm-34rev4c-9e8d2f0b.pdf,uploaded,,2026-04-13T21:23:28.884071+00:00,2026-04-14T13:40:08.720317+00:00
ba4d64b62a4f2d947d61379c38261c87,https://unstats.un.org/unsd/publication/SeriesM/SeriesM_34rev4a.pdf,unstats.un.org,raw/pdfs/unstats.un.org/seriesm-34rev4a-ba4d64b6.pdf,uploaded,,2026-04-13T21:23:28.884071+00:00,2026-04-14T13:40:05.004845+00:00
723425c460a4d8189d10d5e1dd664514,https://unstats.un.org/unsd/publication/SeriesM/SeriesM_34rev4E.pdf,unstats.un.org,raw/pdfs/unstats.un.org/seriesm-34rev4e-723425c4.pdf,uploaded,,2026-04-13T21:23:28.884071+00:00,2026-04-14T13:40:03.554101+00:00
62fc3642c7e7e1b9cf51cc790b4c82b2,https://unstats.un.org/unsd/envaccounting/seeaRev/SEEA_CF_Final_en.pdf,unstats.un.org,raw/pdfs/unstats.un.org/seea-cf-final-en-62fc3642.pdf,uploaded,,2026-04-13T21:23:28.884071+00:00,2026-04-14T13:40:02.652773+00:00
77e9344aa7810f5cec2624a3902bd0ed,https://unstats.un.org/unsd/ccsa/documents/covid19-report-ccsa.pdf,unstats.un.org,raw/pdfs/unstats.un.org/covid19-report-ccsa-77e9344a.pdf,uploaded,,2026-04-13T21:23:28.884071+00:00,2026-04-14T13:40:00.689264+00:00
6ec057035d3fbde53a12eae9f3af5442,https://unstats.un.org/sdgs/metadata/files/Metadata-14-0c-01.pdf,unstats.un.org,raw/pdfs/unstats.un.org/metadata-14-0c-01-6ec05703.pdf,uploaded,,2026-04-13T21:23:28.884071+00:00,2026-04-14T13:39:55.923275+00:00
d7a48736a76c7a2b5dfd2ab515d73630,https://unstats.un.org/UNSDWebsite/statcom/session_57/side-events/UN57SC-ConceptNote-AgricultureCensus-20260305.pdf,unstats.un.org,raw/pdfs/unstats.un.org/un57sc-conceptnote-agriculturecensus-20260305-d7a48736.pdf,uploaded,,2026-04-13T21:23:28.884071+00:00,2026-04-14T13:39:55.241766+00:00
ea39c9912a5be2640638cd5ea1dd4f89,https://unstats.un.org/UNSDWebsite/statcom/session_57/documents/BG-3g-5-Background_document_Joint_Task_Team_on_EO_for_Ag_Statistics-E.pdf,unstats.un.org,raw/pdfs/unstats.un.org/bg-3g-5-background-document-joint-task-team-on-eo-for-ag-statistics-e-ea39c991.pdf,uploaded,,2026-04-13T21:23:28.884071+00:00,2026-04-14T13:39:54.484768+00:00
8334f0d48de32af728c9c3bd99db73db,https://unstats.un.org/UNSDWebsite/statcom/session_57/documents/BG-3g-4-Background_document_ASTI_Global_Consultation-E.pdf,unstats.un.org,raw/pdfs/unstats.un.org/bg-3g-4-background-document-asti-global-consultation-e-8334f0d4.pdf,uploaded,,2026-04-13T21:23:28.884071+00:00,2026-04-14T13:39:50.746053+00:00
d8298aec9963b25d5106d4f14842aeb7,https://unstats.un.org/UNSDWebsite/statcom/session_57/documents/BG-3g-3-Background_document_ASTI_Guidelines-E.pdf,unstats.un.org,raw/pdfs/unstats.un.org/bg-3g-3-background-document-asti-guidelines-e-d8298aec.pdf,uploaded,,2026-04-13T21:23:28.884071+00:00,2026-04-14T13:39:49.970509+00:00
23937a91a4effef49bdbfe6d49c2e39c,https://unstats.un.org/UNSDWebsite/statcom/session_57/documents/BG-3g-2-Background_document_WCA_Global_Consultation-E.pdf,unstats.un.org,raw/pdfs/unstats.un.org/bg-3g-2-background-document-wca-global-consultation-e-23937a91.pdf,uploaded,,2026-04-13T21:23:28.884071+00:00,2026-04-14T13:39:48.748801+00:00
fb8ddb964393d197c780dced6a982f55,https://unstats.un.org/UNSDWebsite/statcom/session_57/documents/BG-3g-1-Background_document_WCA_2030-E.pdf,unstats.un.org,raw/pdfs/unstats.un.org/bg-3g-1-background-document-wca-2030-e-fb8ddb96.pdf,uploaded,,2026-04-13T21:23:28.884071+00:00,2026-04-14T13:39:47.593269+00:00
d2e6b690a7a3a6a7ee6e005cccb004cf,https://unstats.un.org/UNSDWebsite/statcom/session_57/documents/2026-L1-Timetable-E.pdf,unstats.un.org,raw/pdfs/unstats.un.org/2026-l1-timetable-e-d2e6b690.pdf,uploaded,,2026-04-13T21:23:28.884071+00:00,2026-04-14T13:39:44.676737+00:00
0fd2ab85335a6957ac5706c3bc9c44cb,https://unstats.un.org/UNSDWebsite/statcom/session_57/documents/2026-8-AgriculturalRuralStats-E.pdf,unstats.un.org,raw/pdfs/unstats.un.org/2026-8-agriculturalruralstats-e-0fd2ab85.pdf,uploaded,,2026-04-13T21:23:28.884071+00:00,2026-04-14T13:39:43.990515+00:00
a95e63c2a5d88e4971469f2ee33af771,https://unstats.un.org/UNSDWebsite/statcom/session_57/documents/2026-1-AnnotatedAgenda-E.pdf,unstats.un.org,raw/pdfs/unstats.un.org/2026-1-annotatedagenda-e-a95e63c2.pdf,uploaded,,2026-04-13T21:23:28.884071+00:00,2026-04-14T13:39:43.106539+00:00
9e36ab3a4cac9abb19de81ce1817754e,https://unstats.un.org/UNSDWebsite/statcom/session_56/documents/BG-3q-EO_task_team-UNCEBD_report-E.pdf,unstats.un.org,raw/pdfs/unstats.un.org/bg-3q-eo-task-team-uncebd-report-e-9e36ab3a.pdf,uploaded,,2026-04-13T21:23:28.884071+00:00,2026-04-14T13:39:42.275081+00:00
37a7bf1d18bd5dd7e1c06c7613940d3b,https://unstats.un.org/UNSDWebsite/statcom/session_56/documents/BG-3n-ToRs-New_Expert_Group_on_FSN_data_final-E.pdf,unstats.un.org,raw/pdfs/unstats.un.org/bg-3n-tors-new-expert-group-on-fsn-data-final-e-37a7bf1d.pdf,uploaded,,2026-04-13T21:23:28.884071+00:00,2026-04-14T13:39:38.738548+00:00
43454190ddc341225cda5d6da59d1079,https://unstats.un.org/UNSDWebsite/statcom/session_56/documents/BG-3n-Mandate_and_governance-Revised_Committee_on_AgRural_data_clean-E.pdf,unstats.un.org,raw/pdfs/unstats.un.org/bg-3n-mandate-and-governance-revised-committee-on-agrural-data-clean-e-43454190.pdf,uploaded,,2026-04-13T21:23:28.884071+00:00,2026-04-14T13:39:38.067013+00:00
0fc8e82c69a8a1f3839746f84255421e,https://unstats.un.org/UNSDWebsite/statcom/session_56/documents/BG-3n-GUIDANCE_NOTE_ON_FSN_DATA_AND_STATISTICS-E.pdf,unstats.un.org,raw/pdfs/unstats.un.org/bg-3n-guidance-note-on-fsn-data-and-statistics-e-0fc8e82c.pdf,uploaded,,2026-04-13T21:23:28.884071+00:00,2026-04-14T13:39:37.279994+00:00
2ada7da2b5141f97369d3664e3ebf377,https://unstats.un.org/UNSDWebsite/statcom/session_56/documents/2025-17-FoodSecurityNutrition-E.pdf,unstats.un.org,raw/pdfs/unstats.un.org/2025-17-foodsecuritynutrition-e-2ada7da2.pdf,uploaded,,2026-04-13T21:23:28.884071+00:00,2026-04-14T13:39:36.444885+00:00
24fce9473a02e64bc6ec51ebe1f797bb,https://unstats.un.org/UNSDWebsite/statcom/session_55/documents/2024-12-AgricultureStats-E.pdf,unstats.un.org,raw/pdfs/unstats.un.org/2024-12-agriculturestats-e-24fce947.pdf,uploaded,,2026-04-13T21:23:28.884071+00:00,2026-04-14T13:39:35.775224+00:00
284a8017bc6521bc42ec6174b054d011,https://unfccc.int/files/essential_background/convention/application/pdf/english_paris_agreement.pdf,unfccc.int,raw/pdfs/unfccc.int/english-paris-agreement-284a8017.pdf,uploaded,,2026-04-13T21:23:28.884071+00:00,2026-04-14T13:39:21.738051+00:00
e280bed6b43fc57bb4d1ff16a8ef9648,https://unemg.org/wp-content/uploads/2019/09/INF_3_Strategy-for-Sustainability-Management-in-the-UN-System.pdf,unemg.org,raw/pdfs/unemg.org/inf-3-strategy-for-sustainability-management-in-the-un-system-e280bed6.pdf,uploaded,,2026-04-13T21:23:28.884071+00:00,2026-04-14T13:39:16.361102+00:00
b0ecc8ffd0e95057480921b5cdacaced,https://sfcs.fao.org/docs/foodlosswastelibraries/default-document-library/idaflw24-fao-resources.pdf,sfcs.fao.org,raw/pdfs/sfcs.fao.org/idaflw24-fao-resources-b0ecc8ff.pdf,uploaded,,2026-04-13T21:23:28.884071+00:00,2026-04-14T13:39:03.865743+00:00
3128d67d3d2a18dd6e5f3fc851eff11c,https://sfcs.fao.org/docs/foodlosswastelibraries/default-document-library/get-involved-guide-key-messages.pdf,sfcs.fao.org,raw/pdfs/sfcs.fao.org/get-involved-guide-key-messages-3128d67d.pdf,uploaded,,2026-04-13T21:23:28.884071+00:00,2026-04-14T13:39:03.254742+00:00
2dc39dd3d51ee5996f3aea82efb7ddce,https://sfcs.fao.org/docs/foodlosswastelibraries/default-document-library/get-involved-guide-did-you-know.pdf,sfcs.fao.org,raw/pdfs/sfcs.fao.org/get-involved-guide-did-you-know-2dc39dd3.pdf,uploaded,,2026-04-13T21:23:28.884071+00:00,2026-04-14T13:39:02.185465+00:00
d5826df46988ea83b92f65a8552a6e9b,https://www.fao.org/3/cb1761en/cb1761en.pdf,www.fao.org,raw/pdfs/www.fao.org/cb1761en-d5826df4.pdf,uploaded,,2026-04-13T21:23:28.884071+00:00,2026-04-14T13:38:38.397363+00:00
d0147d440884ac88ceb9edd98b3941e0,https://documents.un.org/doc/undoc/ltd/n26/023/05/pdf/n2602305.pdf,documents.un.org,raw/pdfs/documents.un.org/n2602305-d0147d44.pdf,uploaded,,2026-04-13T21:23:28.884071+00:00,2026-04-14T13:38:09.504769+00:00
acdbda019bafa1e920d61322b4421110,https://data.un.org/_docs/syb/pdfs/syb68_330_202511_major%20trading%20partners.pdf,data.un.org,raw/pdfs/data.un.org/syb68-330-202511-major-trading-partners-acdbda01.pdf,uploaded,,2026-04-13T21:23:28.884071+00:00,2026-04-14T13:38:07.289534+00:00
7fd5fa343b9ea11a0688c7fa13c7549e,https://data.un.org/_docs/syb/pdfs/syb68_329_202511_labour%20force%20and%20unemployment.pdf,data.un.org,raw/pdfs/data.un.org/syb68-329-202511-labour-force-and-unemployment-7fd5fa34.pdf,uploaded,,2026-04-13T21:23:28.884071+00:00,2026-04-14T13:38:06.356579+00:00
4ca991664cf04f0be72f77d8cd977889,https://data.un.org/_docs/syb/pdfs/syb68_328_202511_intentional%20homicides%20and%20other%20crimes.pdf,data.un.org,raw/pdfs/data.un.org/syb68-328-202511-intentional-homicides-and-other-crimes-4ca99166.pdf,uploaded,,2026-04-13T21:23:28.884071+00:00,2026-04-14T13:38:05.198775+00:00
f63fce526491193c6ae98fd9360b99d7,https://data.un.org/_docs/syb/pdfs/syb68_327_202511_international%20migrants%20and%20refugees.pdf,data.un.org,raw/pdfs/data.un.org/syb68-327-202511-international-migrants-and-refugees-f63fce52.pdf,uploaded,,2026-04-13T21:23:28.884071+00:00,2026-04-14T13:38:03.596074+00:00
0b5ea1d9ff3799973639a999bdcce9a4,https://data.un.org/_docs/syb/pdfs/syb68_325_202511_expenditure%20on%20health.pdf,data.un.org,raw/pdfs/data.un.org/syb68-325-202511-expenditure-on-health-0b5ea1d9.pdf,uploaded,,2026-04-13T21:23:28.884071+00:00,2026-04-14T13:38:02.185810+00:00
8065d05c1a37fa87d0283dabde768e2e,https://data.un.org/_docs/syb/pdfs/syb68_323_202511_teaching%20staff%20in%20education.pdf,data.un.org,raw/pdfs/data.un.org/syb68-323-202511-teaching-staff-in-education-8065d05c.pdf,uploaded,,2026-04-13T21:23:28.884071+00:00,2026-04-14T13:38:01.182258+00:00
ea3946599bdaa21580d1f5dd30f2312c,https://data.un.org/_docs/syb/pdfs/syb68_319_202511_ratio%20of%20girls%20to%20boys%20in%20education.pdf,data.un.org,raw/pdfs/data.un.org/syb68-319-202511-ratio-of-girls-to-boys-in-education-ea394659.pdf,uploaded,,2026-04-13T21:23:28.884071+00:00,2026-04-14T13:37:59.963578+00:00
428084704dae87ba54760995d5fb7208,https://data.un.org/_docs/syb/pdfs/syb68_317_202511_seats%20held%20by%20women%20in%20parliament.pdf,data.un.org,raw/pdfs/data.un.org/syb68-317-202511-seats-held-by-women-in-parliament-42808470.pdf,uploaded,,2026-04-13T21:23:28.884071+00:00,2026-04-14T13:37:58.954140+00:00
c50b4b12c0982f3de32e21f491d67ddc,https://data.un.org/_docs/syb/pdfs/syb68_315_202511_water%20and%20sanitation%20services.pdf,data.un.org,raw/pdfs/data.un.org/syb68-315-202511-water-and-sanitation-services-c50b4b12.pdf,uploaded,,2026-04-13T21:23:28.884071+00:00,2026-04-14T13:37:58.137703+00:00
899df421f927b685e17fa1c96445b8a9,https://data.un.org/_docs/syb/pdfs/syb68_314_202511_internet%20usage.pdf,data.un.org,raw/pdfs/data.un.org/syb68-314-202511-internet-usage-899df421.pdf,uploaded,,2026-04-13T21:23:28.884071+00:00,2026-04-14T13:37:57.073865+00:00
773585ad165d171108e22d9a210acc44,https://data.un.org/_docs/syb/pdfs/syb68_313_202511_threatened%20species.pdf,data.un.org,raw/pdfs/data.un.org/syb68-313-202511-threatened-species-773585ad.pdf,uploaded,,2026-04-13T21:23:28.884071+00:00,2026-04-14T13:37:56.253888+00:00
223596e6dd8da6339e292d8427276d66,https://data.un.org/_docs/syb/pdfs/syb68_310_202511_carbon%20dioxide%20emission%20estimates.pdf,data.un.org,raw/pdfs/data.un.org/syb68-310-202511-carbon-dioxide-emission-estimates-223596e6.pdf,uploaded,,2026-04-13T21:23:28.884071+00:00,2026-04-14T13:37:55.156656+00:00
a22c563dfa7696ab8823b31a1769ed50,https://data.un.org/_docs/syb/pdfs/syb68_309_202511_education.pdf,data.un.org,raw/pdfs/data.un.org/syb68-309-202511-education-a22c563d.pdf,uploaded,,2026-04-13T21:23:28.884071+00:00,2026-04-14T13:37:54.206293+00:00
09870e487100d95f4a4dfc257061cd1c,https://data.un.org/_docs/syb/pdfs/syb68_285_202511_research%20and%20development%20expenditure%20and%20staff.pdf,data.un.org,raw/pdfs/data.un.org/syb68-285-202511-research-and-development-expenditure-and-staff-09870e48.pdf,uploaded,,2026-04-13T21:23:28.884071+00:00,2026-04-14T13:37:52.970303+00:00
d30438545a9650a1f6abed41adc62a82,https://data.un.org/_docs/syb/pdfs/syb68_264_202511_patents.pdf,data.un.org,raw/pdfs/data.un.org/syb68-264-202511-patents-d3043854.pdf,uploaded,,2026-04-13T21:23:28.884071+00:00,2026-04-14T13:37:52.225118+00:00
8c3f0f488d30b5707b8e69a20fedfaaf,"https://data.un.org/_docs/syb/pdfs/syb68_263_202511_production,%20trade%20and%20supply%20of%20energy.pdf",data.un.org,raw/pdfs/data.un.org/syb68-263-202511-production-trade-and-supply-of-energy-8c3f0f48.pdf,uploaded,,2026-04-13T21:23:28.884071+00:00,2026-04-14T13:37:51.361024+00:00
239193be8223cd1659e7452a27379cba,"https://data.un.org/_docs/syb/pdfs/syb68_246_202511_population%20growth,%20fertility%20and%20mortality%20indicators.pdf",data.un.org,raw/pdfs/data.un.org/syb68-246-202511-population-growth-fertility-and-mortality-indicators-239193be.pdf,uploaded,,2026-04-13T21:23:28.884071+00:00,2026-04-14T13:37:50.097931+00:00
db4e50ddad1c49bfada756f1a44e4a43,https://data.un.org/_docs/syb/pdfs/syb68_245_202511_public%20expenditure%20on%20education%20and%20access%20to%20computers.pdf,data.un.org,raw/pdfs/data.un.org/syb68-245-202511-public-expenditure-on-education-and-access-to-computers-db4e50dd.pdf,uploaded,,2026-04-13T21:23:28.884071+00:00,2026-04-14T13:37:49.038820+00:00
6728d57e3f0329b5f40355a9b1c34a12,https://data.un.org/_docs/syb/pdfs/syb68_230_202511_gdp%20and%20gdp%20per%20capita.pdf,data.un.org,raw/pdfs/data.un.org/syb68-230-202511-gdp-and-gdp-per-capita-6728d57e.pdf,uploaded,,2026-04-13T21:23:28.884071+00:00,2026-04-14T13:37:47.860882+00:00
392b3c827b4122cbc0587422113644c4,https://data.un.org/_docs/syb/pdfs/syb68_226_202511_net%20disbursements%20from%20official%20oda%20to%20recipients.pdf,data.un.org,raw/pdfs/data.un.org/syb68-226-202511-net-disbursements-from-official-oda-to-recipients-392b3c82.pdf,uploaded,,2026-04-13T21:23:28.884071+00:00,2026-04-14T13:37:46.558562+00:00
4223201622e962947da9eef0256c431d,https://data.un.org/_docs/syb/pdfs/syb68_223_202511_net%20disbursements%20from%20official%20oda%20from%20donors.pdf,data.un.org,raw/pdfs/data.un.org/syb68-223-202511-net-disbursements-from-official-oda-from-donors-42232016.pdf,uploaded,,2026-04-13T21:23:28.884071+00:00,2026-04-14T13:37:44.947803+00:00
d791abf6d875bc7d05301449b15cc566,https://data.un.org/_docs/syb/pdfs/syb68_200_202511_employment.pdf,data.un.org,raw/pdfs/data.un.org/syb68-200-202511-employment-d791abf6.pdf,uploaded,,2026-04-13T21:23:28.884071+00:00,2026-04-14T13:37:43.476129+00:00
d98fb5288f480b865959770fe99dbe05,"https://data.un.org/_docs/syb/pdfs/syb68_1_202511_population,%20surface%20area%20and%20density.pdf",data.un.org,raw/pdfs/data.un.org/syb68-1-202511-population-surface-area-and-density-d98fb528.pdf,uploaded,,2026-04-13T21:23:28.884071+00:00,2026-04-14T13:37:39.737549+00:00
fbd1277194dcaa2b7fba640f13274397,https://data.un.org/_docs/syb/pdfs/syb68_176_202511_tourist-visitors%20arrival%20and%20expenditure.pdf,data.un.org,raw/pdfs/data.un.org/syb68-176-202511-tourist-visitors-arrival-and-expenditure-fbd12771.pdf,uploaded,,2026-04-13T21:23:28.884071+00:00,2026-04-14T13:37:36.784299+00:00
a40366b0849966c8b58b125e7d4d5935,https://data.un.org/_docs/syb/pdfs/syb68_154_202511_health%20personnel.pdf,data.un.org,raw/pdfs/data.un.org/syb68-154-202511-health-personnel-a40366b0.pdf,uploaded,,2026-04-13T21:23:28.884071+00:00,2026-04-14T13:37:34.566118+00:00
afa84e9bd8574f5c9fd31fbacd18478d,https://data.un.org/_docs/syb/pdfs/syb68_153_202511_gross%20value%20added%20by%20economic%20activity.pdf,data.un.org,raw/pdfs/data.un.org/syb68-153-202511-gross-value-added-by-economic-activity-afa84e9b.pdf,uploaded,,2026-04-13T21:23:28.884071+00:00,2026-04-14T13:37:31.185607+00:00
657fd6ffbc8ef548f9089df09b9109b0,https://data.un.org/_docs/syb/pdfs/syb68_145_202511_land.pdf,data.un.org,raw/pdfs/data.un.org/syb68-145-202511-land-657fd6ff.pdf,uploaded,,2026-04-13T21:23:28.884071+00:00,2026-04-14T13:37:28.685877+00:00
eaba0b34916d81b590776099571baa0e,https://data.un.org/_docs/syb/pdfs/syb68_130_202511_exchange%20rates.pdf,data.un.org,raw/pdfs/data.un.org/syb68-130-202511-exchange-rates-eaba0b34.pdf,uploaded,,2026-04-13T21:23:28.884071+00:00,2026-04-14T13:37:23.679629+00:00
4034278cfcd354217cac42588d2025c9,https://data.un.org/_docs/syb/pdfs/syb68_12_202511_agricultural%20index.pdf,data.un.org,raw/pdfs/data.un.org/syb68-12-202511-agricultural-index-4034278c.pdf,uploaded,,2026-04-13T21:23:28.884071+00:00,2026-04-14T13:37:21.297814+00:00
ae169730968e297408a48e998d9b68c6,https://data.un.org/_docs/syb/pdfs/syb68_128_202511_consumer%20price%20index.pdf,data.un.org,raw/pdfs/data.un.org/syb68-128-202511-consumer-price-index-ae169730.pdf,uploaded,,2026-04-13T21:23:28.884071+00:00,2026-04-14T13:37:18.855014+00:00
8a60189e783841f852c667a9a28d7527,https://data.un.org/_docs/syb/pdfs/syb68_125_202511_balance%20of%20payments.pdf,data.un.org,raw/pdfs/data.un.org/syb68-125-202511-balance-of-payments-8a60189e.pdf,uploaded,,2026-04-13T21:23:28.884071+00:00,2026-04-14T13:37:16.326847+00:00
4cae11dc452b91d82042d5c3ef65a9af,https://data.un.org/_docs/syb/pdfs/syb68_123_202511_total%20imports%20exports%20and%20balance%20of%20trade.pdf,data.un.org,raw/pdfs/data.un.org/syb68-123-202511-total-imports-exports-and-balance-of-trade-4cae11dc.pdf,uploaded,,2026-04-13T21:23:28.884071+00:00,2026-04-14T13:37:13.783273+00:00
e3ec09ac6b3533ca4e018623908e58c2,https://data.un.org/_docs/syb/pdfs/syb61_253_population%20growth%20rates%20in%20urban%20areas%20and%20capital%20cities.pdf,data.un.org,raw/pdfs/data.un.org/syb61-253-population-growth-rates-in-urban-areas-and-capital-cities-e3ec09ac.pdf,uploaded,,2026-04-13T21:23:28.884071+00:00,2026-04-14T13:37:10.841574+00:00
81bf980a2ffbf8d2ce2a07293f00afdc,https://custom.cvent.com/3c677ef419d845b5b4bc23d75639a2b1/files/22b73d96ec5342d9b0b7b92fde5e5904.pdf,custom.cvent.com,raw/pdfs/custom.cvent.com/22b73d96ec5342d9b0b7b92fde5e5904-81bf980a.pdf,uploaded,,2026-04-13T21:23:28.884071+00:00,2026-04-14T13:37:08.280804+00:00
f415afebacf18f6bbeca26c0dad0996f,http://www.thenation.com/wp-content/uploads/2015/03/rc990385.pdf,www.thenation.com,raw/pdfs/www.thenation.com/rc990385-f415afeb.pdf,uploaded,,2026-04-13T21:23:28.884071+00:00,2026-04-14T13:36:44.281782+00:00
d3bb4e1009d802b2fb27e8ce5b263c66,http://www.thenation.com/wp-content/uploads/2015/03/rc990384.pdf,www.thenation.com,raw/pdfs/www.thenation.com/rc990384-d3bb4e10.pdf,uploaded,,2026-04-13T21:23:28.884071+00:00,2026-04-14T13:36:42.635536+00:00
deb7ada97a413146d9ec4bb1e70be20c,http://www.fao.org/3/i8838en/i8838en.pdf,www.fao.org,raw/pdfs/www.fao.org/i8838en-deb7ada9.pdf,uploaded,,2026-04-13T21:23:28.884071+00:00,2026-04-14T13:36:27.295261+00:00
a4050796dc3364fd730ce99066ce3a57,http://www.fao.org/3/i2801e/i2801e.pdf,www.fao.org,raw/pdfs/www.fao.org/i2801e-a4050796.pdf,uploaded,,2026-04-13T21:23:28.884071+00:00,2026-04-14T13:35:59.447614+00:00
7c774d4b3b4ae747e2205923c7f319a9,http://www.fao.org/3/cd0487en/cd0487en.pdf,www.fao.org,raw/pdfs/www.fao.org/cd0487en-7c774d4b.pdf,uploaded,,2026-04-13T21:23:28.884071+00:00,2026-04-14T13:35:54.401824+00:00
54bb18649ac32d236ac335ff14c0dfff,http://www.fao.org/3/cd0483en/cd0483en.pdf,www.fao.org,raw/pdfs/www.fao.org/cd0483en-54bb1864.pdf,uploaded,,2026-04-13T21:23:28.884071+00:00,2026-04-14T13:35:49.322353+00:00
618ba848995a117a4afd4d65885d921e,http://www.fao.org/3/cd0478en/cd0478en.pdf,www.fao.org,raw/pdfs/www.fao.org/cd0478en-618ba848.pdf,uploaded,,2026-04-13T21:23:28.884071+00:00,2026-04-14T13:35:43.078636+00:00
36f10965b9ad0cad29d4cb0b780b1459,http://www.fao.org/3/cc9563en/cc9563en.pdf,www.fao.org,raw/pdfs/www.fao.org/cc9563en-36f10965.pdf,uploaded,,2026-04-13T21:23:28.884071+00:00,2026-04-13T21:55:55.943544+00:00
ca421d44810fe2b07264c95430d236a9,http://www.fao.org/3/cc9562en/cc9562en.pdf,www.fao.org,raw/pdfs/www.fao.org/cc9562en-ca421d44.pdf,uploaded,,2026-04-13T21:23:28.884071+00:00,2026-04-13T21:55:38.138321+00:00
e2f5964094f9f17741f8bd58672b283e,http://www.fao.org/3/cc9561en/cc9561en.pdf,www.fao.org,raw/pdfs/www.fao.org/cc9561en-e2f59640.pdf,uploaded,,2026-04-13T21:23:28.884071+00:00,2026-04-13T21:55:16.580768+00:00
e86811cb7d5df98cbb75b05c207fb5a7,http://www.fao.org/3/cc9560en/cc9560en.pdf,www.fao.org,raw/pdfs/www.fao.org/cc9560en-e86811cb.pdf,uploaded,,2026-04-13T21:23:28.884071+00:00,2026-04-13T21:54:49.219392+00:00
7fa09935b1840f2acb06c064ff46a7e8,http://www.fao.org/3/cc9559en/cc9559en.pdf,www.fao.org,raw/pdfs/www.fao.org/cc9559en-7fa09935.pdf,uploaded,,2026-04-13T21:23:28.884071+00:00,2026-04-13T21:54:21.476059+00:00
a48c700f0dd815509237d05d949cb498,http://www.fao.org/3/cc9558en/cc9558en.pdf,www.fao.org,raw/pdfs/www.fao.org/cc9558en-a48c700f.pdf,uploaded,,2026-04-13T21:23:28.884071+00:00,2026-04-13T21:53:52.339327+00:00
ec091c41aa2082baa657f3ed95d126ff,http://www.fao.org/3/cc4138en/cc4138en.pdf,www.fao.org,raw/pdfs/www.fao.org/cc4138en-ec091c41.pdf,uploaded,,2026-04-13T21:23:28.884071+00:00,2026-04-13T21:53:25.660841+00:00
75e30528de4ee9a82afef3db3c3a0988,http://www.fao.org/3/cb8455en/cb8455en.pdf,www.fao.org,raw/pdfs/www.fao.org/cb8455en-75e30528.pdf,uploaded,,2026-04-13T21:23:28.884071+00:00,2026-04-13T21:52:53.517528+00:00
07766979301bd8880ffd455a09c1bf8f,http://www.fao.org/3/cb6358en/cb6358en.pdf,www.fao.org,raw/pdfs/www.fao.org/cb6358en-07766979.pdf,uploaded,,2026-04-13T21:23:28.884071+00:00,2026-04-13T21:52:26.464562+00:00
5dccd7619c485c2b6f8411fe82c049d6,http://www.fao.org/3/cb4820en/cb4820en.pdf,www.fao.org,raw/pdfs/www.fao.org/cb4820en-5dccd761.pdf,uploaded,,2026-04-13T21:23:28.884071+00:00,2026-04-13T21:52:01.593572+00:00
7cbe0efc042bbb8bcbde2993af176716,http://www.fao.org/3/cb3266en/cb3266en.pdf,www.fao.org,raw/pdfs/www.fao.org/cb3266en-7cbe0efc.pdf,uploaded,,2026-04-13T21:23:28.884071+00:00,2026-04-13T21:50:23.957040+00:00
710834dd3c0875e2b29c6221b7b9f184,http://www.fao.org/3/cb2401en/cb2401en.pdf,www.fao.org,raw/pdfs/www.fao.org/cb2401en-710834dd.pdf,uploaded,,2026-04-13T21:23:28.884071+00:00,2026-04-13T21:49:47.490904+00:00
ce0952e4fba39604a6b3d6c24a7f8881,http://www.fao.org/3/cb1638en/cb1638en.pdf,www.fao.org,raw/pdfs/www.fao.org/cb1638en-ce0952e4.pdf,uploaded,,2026-04-13T21:23:28.884071+00:00,2026-04-13T21:47:41.205698+00:00
93e23bd6b2024b9735008042d8297289,http://www.fao.org/3/cb1583en/cb1583en.pdf,www.fao.org,raw/pdfs/www.fao.org/cb1583en-93e23bd6.pdf,uploaded,,2026-04-13T21:23:28.884071+00:00,2026-04-13T21:46:33.221904+00:00
39b38705880472f3921bd4b2df8c0835,http://www.fao.org/3/cb1072en/cb1072en.pdf,www.fao.org,raw/pdfs/www.fao.org/cb1072en-39b38705.pdf,uploaded,,2026-04-13T21:23:28.884071+00:00,2026-04-13T21:44:46.018649+00:00
18b24746901959f1038ca4e260f1367b,http://www.fao.org/3/ca6968en/ca6968en.pdf,www.fao.org,raw/pdfs/www.fao.org/ca6968en-18b24746.pdf,uploaded,,2026-04-13T21:23:28.884071+00:00,2026-04-13T21:42:28.450498+00:00
3bd3993f348b005b4cdd1d0e14753157,http://www.fao.org/3/ca6681en/ca6681en.pdf,www.fao.org,raw/pdfs/www.fao.org/ca6681en-3bd3993f.pdf,uploaded,,2026-04-13T21:23:28.884071+00:00,2026-04-13T21:38:16.173589+00:00
b7b92ccbd5fece3c1730931ebe0f6601,http://www.fao.org/3/ca3984en/ca3984en.pdf,www.fao.org,raw/pdfs/www.fao.org/ca3984en-b7b92ccb.pdf,uploaded,,2026-04-13T21:23:28.884071+00:00,2026-04-13T21:35:43.740637+00:00
fb371b85bf2cf4f0d138285b306a45e7,http://unstats.un.org/unsd/publication/SeriesM/SeriesM_34rev4E.pdf,unstats.un.org,raw/pdfs/unstats.un.org/seriesm-34rev4e-fb371b85.pdf,uploaded,,2026-04-13T21:23:28.884071+00:00,2026-04-13T21:26:56.036800+00:00
cf275e92615229e6d4dd3968e42fb8f1,http://consumerfed.org/wp-content/uploads/2017/11/agricultural-megamergers-report.pdf,consumerfed.org,raw/pdfs/consumerfed.org/agricultural-megamergers-report-cf275e92.pdf,uploaded,,2026-04-13T21:23:28.884071+00:00,2026-04-13T21:25:19.009361+00:00
56d474a19766b3317bc0b5f9451ad79c,https://meteoburkina.bf/documents/591/bulletin_m%c3%a9t%c3%a9orologique_hebdomadaire_du_29_septembre_au_05_octobre_2025_1.pdf,meteoburkina.bf,,error,HTTPError: 404 Client Error: Not Found for url: https://meteoburkina.bf/documents/591/bulletin_m%C3%A9t%C3%A9orologique_hebdomadaire_du_29_septembre_au_05_octobre_2025_1.pdf,2026-04-13T21:23:28.884071+00:00,2026-04-14T20:48:27.224049+00:00
ab5339245e8fd3afcdb5e4ce740717e1,https://meteoburkina.bf/documents/553/bulletin_m%c3%a9t%c3%a9orologique_hebdomadaire_du_15_au_21_septembre_2025.pdf,meteoburkina.bf,,error,HTTPError: 404 Client Error: Not Found for url: https://meteoburkina.bf/documents/553/bulletin_m%C3%A9t%C3%A9orologique_hebdomadaire_du_15_au_21_septembre_2025.pdf,2026-04-13T21:23:28.884071+00:00,2026-04-14T20:48:24.481056+00:00
c84ffec539d16d0d40382fa44555436c,https://meteoburkina.bf/documents/624/bulletin_m%c3%a9t%c3%a9orologique_hebdomadaire_du_20_au_26_octobre_2025.pdf,meteoburkina.bf,,error,HTTPError: 404 Client Error: Not Found for url: https://meteoburkina.bf/documents/624/bulletin_m%C3%A9t%C3%A9orologique_hebdomadaire_du_20_au_26_octobre_2025.pdf,2026-04-13T21:23:28.884071+00:00,2026-04-14T20:48:00.109100+00:00
43541f8d8153b8cf3a12b2654a4c0fce,https://meteoburkina.bf/documents/554/bulletin_m%c3%a9t%c3%a9orologique_hebdomadaire_du_22_au_28_septembre_2025.pdf,meteoburkina.bf,,error,HTTPError: 404 Client Error: Not Found for url: https://meteoburkina.bf/documents/554/bulletin_m%C3%A9t%C3%A9orologique_hebdomadaire_du_22_au_28_septembre_2025.pdf,2026-04-13T21:23:28.884071+00:00,2026-04-14T20:47:36.768829+00:00
dede2b0d071053b3cb9469b6d3b1281a,https://meteoburkina.bf/documents/597/bulletin_m%c3%a9t%c3%a9orologique_hebdomadaire_du_06__au_12_octobre_2025.pdf,meteoburkina.bf,,error,HTTPError: 404 Client Error: Not Found for url: https://meteoburkina.bf/documents/597/bulletin_m%C3%A9t%C3%A9orologique_hebdomadaire_du_06__au_12_octobre_2025.pdf,2026-04-13T21:23:28.884071+00:00,2026-04-14T20:46:33.372721+00:00
d29ef0914560ebd058a4dcc71f286c85,https://www.panna.org/wp-content/uploads/2025/11/lagroecologie_est_une_solution_climatique.pdf,www.panna.org,,error,HTTPError: 404 Client Error: Not Found for url: https://www.panna.org/wp-content/uploads/2025/11/lagroecologie_est_une_solution_climatique.pdf,2026-04-13T21:23:28.884071+00:00,2026-04-14T15:39:51.612543+00:00
70cf81a7a8abffd8be2c98065a280306,https://www.panna.org/wp-content/uploads/2025/11/la_agroecologia_es_una_solucion_climatica.pdf,www.panna.org,,error,HTTPError: 404 Client Error: Not Found for url: https://www.panna.org/wp-content/uploads/2025/11/la_agroecologia_es_una_solucion_climatica.pdf,2026-04-13T21:23:28.884071+00:00,2026-04-14T15:39:48.597545+00:00
5ff5ed57807b950d0cf1f7813b5d7c97,https://www.panna.org/wp-content/uploads/2025/11/kenya_scale_up_agroecology_cejad_pan.pdf,www.panna.org,,error,HTTPError: 404 Client Error: Not Found for url: https://www.panna.org/wp-content/uploads/2025/11/kenya_scale_up_agroecology_cejad_pan.pdf,2026-04-13T21:23:28.884071+00:00,2026-04-14T15:39:45.363893+00:00
f15987411cbdb5fa5ab1db9742281f34,https://www.panna.org/wp-content/uploads/2025/11/kenya_climate_resilience_thru_agroecology_gbiack_pan.pdf,www.panna.org,,error,HTTPError: 404 Client Error: Not Found for url: https://www.panna.org/wp-content/uploads/2025/11/kenya_climate_resilience_thru_agroecology_gbiack_pan.pdf,2026-04-13T21:23:28.884071+00:00,2026-04-14T15:39:41.951774+00:00
1857425bc199dd1f5f1ecbd154f48cf3,https://www.panna.org/wp-content/uploads/2025/11/india_agroecological_farming_practices_kerala_2_case_studies_thanal_pan.pdf,www.panna.org,,error,HTTPError: 404 Client Error: Not Found for url: https://www.panna.org/wp-content/uploads/2025/11/india_agroecological_farming_practices_kerala_2_case_studies_thanal_pan.pdf,2026-04-13T21:23:28.884071+00:00,2026-04-14T15:39:38.655985+00:00
b277e559c0729254a832f5d1d3d819ec,https://www.panna.org/wp-content/uploads/2025/11/form-990-pan-fy24.pdf,www.panna.org,,error,HTTPError: 404 Client Error: Not Found for url: https://www.panna.org/wp-content/uploads/2025/11/form-990-pan-fy24.pdf,2026-04-13T21:23:28.884071+00:00,2026-04-14T15:39:35.518957+00:00
2c2b54597702a9b6499a14b6d49bd474,https://www.panna.org/wp-content/uploads/2025/11/ethiopia_agroecological_pest_management_pan.pdf,www.panna.org,,error,HTTPError: 404 Client Error: Not Found for url: https://www.panna.org/wp-content/uploads/2025/11/ethiopia_agroecological_pest_management_pan.pdf,2026-04-13T21:23:28.884071+00:00,2026-04-14T15:39:32.790009+00:00
0f95aef34ddf3235925f44586f1cb73e,https://www.panna.org/wp-content/uploads/2025/11/costa_rica_alternativas_agroecologicas_iret_pan.pdf,www.panna.org,,error,HTTPError: 404 Client Error: Not Found for url: https://www.panna.org/wp-content/uploads/2025/11/costa_rica_alternativas_agroecologicas_iret_pan.pdf,2026-04-13T21:23:28.884071+00:00,2026-04-14T15:39:29.608760+00:00
8831fbb827e5f803a07acb5e389a8062,https://www.panna.org/wp-content/uploads/2025/11/costa_rica_agroecological_alternatives_iret_pan.pdf,www.panna.org,,error,HTTPError: 404 Client Error: Not Found for url: https://www.panna.org/wp-content/uploads/2025/11/costa_rica_agroecological_alternatives_iret_pan.pdf,2026-04-13T21:23:28.884071+00:00,2026-04-14T15:39:26.714105+00:00
5112f7a6cd1cbc40197e0965bd62a354,https://www.panna.org/wp-content/uploads/2025/11/burkina_faso_mapping_agroecological-practices.pdf,www.panna.org,,error,HTTPError: 404 Client Error: Not Found for url: https://www.panna.org/wp-content/uploads/2025/11/burkina_faso_mapping_agroecological-practices.pdf,2026-04-13T21:23:28.884071+00:00,2026-04-14T15:39:24.038556+00:00
49b76382d8d0098b7844c1a17e499e12,https://www.panna.org/wp-content/uploads/2025/11/burkina_faso_cartographie_pratiques_agroecologiques.pdf,www.panna.org,,error,HTTPError: 404 Client Error: Not Found for url: https://www.panna.org/wp-content/uploads/2025/11/burkina_faso_cartographie_pratiques_agroecologiques.pdf,2026-04-13T21:23:28.884071+00:00,2026-04-14T15:39:21.123252+00:00
ea99475c1af62a39cdf608eab3f93075,https://www.panna.org/wp-content/uploads/2025/11/benin_farmer_field_schools_gaproffa_pan.pdf,www.panna.org,,error,HTTPError: 404 Client Error: Not Found for url: https://www.panna.org/wp-content/uploads/2025/11/benin_farmer_field_schools_gaproffa_pan.pdf,2026-04-13T21:23:28.884071+00:00,2026-04-14T15:39:18.270988+00:00
b1b8886d7e316a60e7158f448c4adf6a,https://www.pesticideresearch.com/site/wp-content/uploads/2016/02/exposure_and_interaction_2016_web_0.pdf,www.pesticideresearch.com,,error,HTTPError: 404 Client Error: Not Found for url: https://pesticideresearch.com/site/wp-content/uploads/2016/02/exposure_and_interaction_2016_web_0.pdf,2026-04-13T21:23:28.884071+00:00,2026-04-14T15:39:16.109895+00:00
013ba501fac31fb268c32d2b566d3fe9,https://www.panna.org/wp-content/uploads/2025/11/benin_champs_ecoles_paysans_gaproffa_pan.pdf,www.panna.org,,error,HTTPError: 404 Client Error: Not Found for url: https://www.panna.org/wp-content/uploads/2025/11/benin_champs_ecoles_paysans_gaproffa_pan.pdf,2026-04-13T21:23:28.884071+00:00,2026-04-14T15:39:15.134315+00:00
f04f7c22046a9c70e4f7780cf6000fd0,https://www.panna.org/wp-content/uploads/2025/11/argentina_agroecology_3_case_studies_rapal_pan.pdf,www.panna.org,,error,HTTPError: 404 Client Error: Not Found for url: https://www.panna.org/wp-content/uploads/2025/11/argentina_agroecology_3_case_studies_rapal_pan.pdf,2026-04-13T21:23:28.884071+00:00,2026-04-14T15:39:11.431472+00:00
af800e34631342dd6b33e065072c9a56,https://www.panna.org/wp-content/uploads/2025/11/argentina_agroecologia_3_estudios_de_caso_rapal_pan.pdf,www.panna.org,,error,HTTPError: 404 Client Error: Not Found for url: https://www.panna.org/wp-content/uploads/2025/11/argentina_agroecologia_3_estudios_de_caso_rapal_pan.pdf,2026-04-13T21:23:28.884071+00:00,2026-04-14T15:39:07.477791+00:00
94152715258d8038e97584091a89dda8,https://www.panna.org/wp-content/uploads/2025/11/agroecology_is_a_climate_solution.pdf,www.panna.org,,error,HTTPError: 404 Client Error: Not Found for url: https://www.panna.org/wp-content/uploads/2025/11/agroecology_is_a_climate_solution.pdf,2026-04-13T21:23:28.884071+00:00,2026-04-14T15:39:04.057514+00:00
c0879c814341bcb17f7732cb96ce45ad,https://www.pesticidereform.org/wp-content/uploads/2026/02/2026.02.02_petition-for-writ-of-mandate.pdf,www.pesticidereform.org,,error,HTTPError: 404 Client Error: Not Found for url: https://www.pesticidereform.org/wp-content/uploads/2026/02/2026.02.02_petition-for-writ-of-mandate.pdf,2026-04-13T21:23:28.884071+00:00,2026-04-14T15:39:02.228471+00:00
429a37d3f404ca384b8e59d14cea54c6,https://www.panna.org/wp-content/uploads/2025/11/2025october_pesticidesclimatechange_final.pdf,www.panna.org,,error,HTTPError: 404 Client Error: Not Found for url: https://www.panna.org/wp-content/uploads/2025/11/2025october_pesticidesclimatechange_final.pdf,2026-04-13T21:23:28.884071+00:00,2026-04-14T15:38:59.572233+00:00
b285ff95bff79bbd39a03b41f5d60dd2,https://www.panna.org/wp-content/uploads/pannews2022n03final.pdf,www.panna.org,,error,HTTPError: 404 Client Error: Not Found for url: https://www.panna.org/wp-content/uploads/pannews2022n03final.pdf,2026-04-13T21:23:28.884071+00:00,2026-04-14T15:38:57.883986+00:00
cd9f454aec8acc8b305c7119170fdd48,https://www.panna.org/wp-content/uploads/2025/10/disenado-para-matar-quien-lucran-paraquat-espanol.pdf,www.panna.org,,error,HTTPError: 404 Client Error: Not Found for url: https://www.panna.org/wp-content/uploads/2025/10/disenado-para-matar-quien-lucran-paraquat-espanol.pdf,2026-04-13T21:23:28.884071+00:00,2026-04-14T15:38:55.821823+00:00
67c174d08f28810944e5702d0ab13943,https://www.panna.org/wp-content/uploads/2026/03/panfy25irs990public.pdf,www.panna.org,,error,HTTPError: 404 Client Error: Not Found for url: https://www.panna.org/wp-content/uploads/2026/03/panfy25irs990public.pdf,2026-04-13T21:23:28.884071+00:00,2026-04-14T15:38:53.824252+00:00
81dca1cdca3e1cdd03f1d13173322f94,https://www.panna.org/wp-content/uploads/2025/10/designed-kill-who-profits-paraquat.pdf,www.panna.org,,error,HTTPError: 404 Client Error: Not Found for url: https://www.panna.org/wp-content/uploads/2025/10/designed-kill-who-profits-paraquat.pdf,2026-04-13T21:23:28.884071+00:00,2026-04-14T15:38:52.005242+00:00
8765f00425b06c8dff8cbd98f021e33c,https://www.panna.org/wp-content/uploads/2026/03/panfy25audit.pdf,www.panna.org,,error,HTTPError: 404 Client Error: Not Found for url: https://www.panna.org/wp-content/uploads/2026/03/panfy25audit.pdf,2026-04-13T21:23:28.884071+00:00,2026-04-14T15:38:50.356001+00:00
d0e459056bd6dfea0919f01fbab42f8a,https://www.panna.org/wp-content/uploads/2025/06/pan-newsletter-spring2025-1.pdf,www.panna.org,,error,HTTPError: 404 Client Error: Not Found for url: https://www.panna.org/wp-content/uploads/2025/06/pan-newsletter-spring2025-1.pdf,2026-04-13T21:23:28.884071+00:00,2026-04-14T15:38:48.803807+00:00
79e1b29cd37db44f4aae3018e87a64d8,https://www.panna.org/wp-content/uploads/2026/01/pannewsfy26n02.pdf,www.panna.org,,error,HTTPError: 404 Client Error: Not Found for url: https://www.panna.org/wp-content/uploads/2026/01/pannewsfy26n02.pdf,2026-04-13T21:23:28.884071+00:00,2026-04-14T15:38:47.285659+00:00
e5a3759010807948b0ca70f76b5154a1,https://www.panna.org/wp-content/uploads/2025/05/202308climatechangeeng-aug23-.pdf,www.panna.org,,error,HTTPError: 404 Client Error: Not Found for url: https://www.panna.org/wp-content/uploads/2025/05/202308climatechangeeng-aug23-.pdf,2026-04-13T21:23:28.884071+00:00,2026-04-14T15:38:45.595410+00:00
991c4eb794540fcddb54c5373ecbbff1,https://www.panna.org/wp-content/uploads/2026/01/1.15.26_f_cdfa-climate-resilience-strategy-comment-letter.pdf,www.panna.org,,error,HTTPError: 404 Client Error: Not Found for url: https://www.panna.org/wp-content/uploads/2026/01/1.15.26_f_cdfa-climate-resilience-strategy-comment-letter.pdf,2026-04-13T21:23:28.884071+00:00,2026-04-14T15:38:43.161923+00:00
9c258cad7dafcecea399a7826f9d7896,https://www.panna.org/wp-content/uploads/2025/04/alternatives-non-chimiques-au-chlorpyrifos_pan-inde_2025-fra.pdf,www.panna.org,,error,HTTPError: 404 Client Error: Not Found for url: https://www.panna.org/wp-content/uploads/2025/04/alternatives-non-chimiques-au-chlorpyrifos_pan-inde_2025-fra.pdf,2026-04-13T21:23:28.884071+00:00,2026-04-14T15:38:41.725506+00:00
0017e2cfc1e9070cd35f695df02eed0b,https://www.panna.org/wp-content/uploads/2023/06/pan-executive-director-23-2.pdf,www.panna.org,,error,HTTPError: 404 Client Error: Not Found for url: https://www.panna.org/wp-content/uploads/2023/06/pan-executive-director-23-2.pdf,2026-04-13T21:23:28.884071+00:00,2026-04-14T15:38:39.387220+00:00
da8b39decda5c94feb20fa11e695858d,https://www.panna.org/wp-content/uploads/2025/04/alternativas-no-quimicas-al-clorpirifos_pan-india_2025-esp.pdf,www.panna.org,,error,HTTPError: 404 Client Error: Not Found for url: https://www.panna.org/wp-content/uploads/2025/04/alternativas-no-quimicas-al-clorpirifos_pan-india_2025-esp.pdf,2026-04-13T21:23:28.884071+00:00,2026-04-14T15:38:38.366474+00:00
23222d61a7cdc088f9343b060ba135bf,https://www.panna.org/wp-content/uploads/2023/05/pannews2023n01sm.pdf,www.panna.org,,error,HTTPError: 404 Client Error: Not Found for url: https://www.panna.org/wp-content/uploads/2023/05/pannews2023n01sm.pdf,2026-04-13T21:23:28.884071+00:00,2026-04-14T15:38:35.236264+00:00
6ee141c5e7bff8920d50621d5c069ea6,https://www.panna.org/wp-content/uploads/2025/04/2025_chlorpyrifos_alternatives_sugarcane_groundnuts_brief_eng.pdf,www.panna.org,,error,HTTPError: 404 Client Error: Not Found for url: https://www.panna.org/wp-content/uploads/2025/04/2025_chlorpyrifos_alternatives_sugarcane_groundnuts_brief_eng.pdf,2026-04-13T21:23:28.884071+00:00,2026-04-14T15:38:34.075473+00:00
48157740ea4aec424cb90724d24fdf19,https://www.panna.org/wp-content/uploads/2023/03/howtosendeft.pdf,www.panna.org,,error,HTTPError: 404 Client Error: Not Found for url: https://www.panna.org/wp-content/uploads/2023/03/howtosendeft.pdf,2026-04-13T21:23:28.884071+00:00,2026-04-14T15:38:31.438268+00:00
c865a7685a57d0ac4ec4b27fea5cd7cd,https://www.panna.org/wp-content/uploads/2025/04/2025_alternatives-non-chimiques-au-chlorpyrifos_fra.pdf,www.panna.org,,error,HTTPError: 404 Client Error: Not Found for url: https://www.panna.org/wp-content/uploads/2025/04/2025_alternatives-non-chimiques-au-chlorpyrifos_fra.pdf,2026-04-13T21:23:28.884071+00:00,2026-04-14T15:38:30.749742+00:00
41f56003191cfc7ad9327ce2a60f974a,https://www.panna.org/wp-content/uploads/2023/02/pannews2022n04.pdf,www.panna.org,,error,HTTPError: 404 Client Error: Not Found for url: https://www.panna.org/wp-content/uploads/2023/02/pannews2022n04.pdf,2026-04-13T21:23:28.884071+00:00,2026-04-14T15:38:26.793266+00:00
53f4b6b86aa85ec3401ab94b6db71041,https://www.panna.org/wp-content/uploads/2025/04/2025_alternativas-no-quimicas-al-uso-de-clorpirifos_esp.pdf,www.panna.org,,error,HTTPError: 404 Client Error: Not Found for url: https://www.panna.org/wp-content/uploads/2025/04/2025_alternativas-no-quimicas-al-uso-de-clorpirifos_esp.pdf,2026-04-13T21:23:28.884071+00:00,2026-04-14T15:38:24.515194+00:00
926004551fb12c729fd2e57ef9888f99,https://www.panna.org/wp-content/uploads/2023/02/panfy22annualreportfinal.pdf,www.panna.org,,error,HTTPError: 404 Client Error: Not Found for url: https://www.panna.org/wp-content/uploads/2023/02/panfy22annualreportfinal.pdf,2026-04-13T21:23:28.884071+00:00,2026-04-14T15:38:22.748494+00:00
67e4a486a312edea5d47bdc6754e7fa9,https://www.panna.org/wp-content/uploads/2025/04/20250_alternativas_a_clorpirifos_cana-de-azucar_cacahuetes_esp.pdf,www.panna.org,,error,HTTPError: 404 Client Error: Not Found for url: https://www.panna.org/wp-content/uploads/2025/04/20250_alternativas_a_clorpirifos_cana-de-azucar_cacahuetes_esp.pdf,2026-04-13T21:23:28.884071+00:00,2026-04-14T15:38:20.532940+00:00
c0a3bd910fb3d9e90f1bca1243d20063,https://www.panna.org/wp-content/uploads/2023/02/climate-pesticides_summary_panna2022_eng.pdf,www.panna.org,,error,HTTPError: 404 Client Error: Not Found for url: https://www.panna.org/wp-content/uploads/2023/02/climate-pesticides_summary_panna2022_eng.pdf,2026-04-13T21:23:28.884071+00:00,2026-04-14T15:38:18.556745+00:00
32a7c6e822d210a5947e66acc98b46c0,https://www.panna.org/wp-content/uploads/2025/04/202503_chlorpyrifosaltsbrief_eng.pdf,www.panna.org,,error,HTTPError: 404 Client Error: Not Found for url: https://www.panna.org/wp-content/uploads/2025/04/202503_chlorpyrifosaltsbrief_eng.pdf,2026-04-13T21:23:28.884071+00:00,2026-04-14T15:38:16.557024+00:00
d426641e4ef51b0b5a99ed76901699e8,https://www.panna.org/wp-content/uploads/2023/02/climat-pesticides_resume_panna2022_fra.pdf,www.panna.org,,error,HTTPError: 404 Client Error: Not Found for url: https://www.panna.org/wp-content/uploads/2023/02/climat-pesticides_resume_panna2022_fra.pdf,2026-04-13T21:23:28.884071+00:00,2026-04-14T15:38:14.740739+00:00
db36c898b4c0333d194a009e9e3f50b2,https://www.panna.org/wp-content/uploads/2025/04/2025-alternatives-ecologiques-au-chlorpyrifos-canne-a-sucre-et-arachides_fra.pdf,www.panna.org,,error,HTTPError: 404 Client Error: Not Found for url: https://www.panna.org/wp-content/uploads/2025/04/2025-alternatives-ecologiques-au-chlorpyrifos-canne-a-sucre-et-arachides_fra.pdf,2026-04-13T21:23:28.884071+00:00,2026-04-14T15:38:12.815562+00:00
62cd70db7e6454983b817995d42df15e,https://www.panna.org/wp-content/uploads/2023/02/clima-plaguicidas_-resumen_panna2022_esp.pdf,www.panna.org,,error,HTTPError: 404 Client Error: Not Found for url: https://www.panna.org/wp-content/uploads/2023/02/clima-plaguicidas_-resumen_panna2022_esp.pdf,2026-04-13T21:23:28.884071+00:00,2026-04-14T15:38:10.133229+00:00
a740e5ba132575c18225479cee2551b4,https://www.panna.org/wp-content/uploads/2025/02/screenshot-2025-02-26-at-12-43-07-pannewsfy25n03.pdf,www.panna.org,,error,HTTPError: 404 Client Error: Not Found for url: https://www.panna.org/wp-content/uploads/2025/02/screenshot-2025-02-26-at-12-43-07-pannewsfy25n03.pdf,2026-04-13T21:23:28.884071+00:00,2026-04-14T15:38:08.836635+00:00
6d4caa59e4d1cae6070d1936bb45ae3b,https://www.panna.org/wp-content/uploads/2023/02/202308climatechangeeng.pdf,www.panna.org,,error,HTTPError: 404 Client Error: Not Found for url: https://www.panna.org/wp-content/uploads/2023/02/202308climatechangeeng.pdf,2026-04-13T21:23:28.884071+00:00,2026-04-14T15:38:06.697282+00:00
f22a69c5210c662008134c2efe7a9584,https://www.panna.org/wp-content/uploads/2025/02/screenshot-2025-02-26-at-12-32-42-panfy24annualreport.pdf,www.panna.org,,error,HTTPError: 404 Client Error: Not Found for url: https://www.panna.org/wp-content/uploads/2025/02/screenshot-2025-02-26-at-12-32-42-panfy24annualreport.pdf,2026-04-13T21:23:28.884071+00:00,2026-04-14T15:38:04.935665+00:00
5460ad115e8cd79361ffc3119777eba9,https://www.panna.org/wp-content/uploads/2023/02/202301climatechangefrafinal.pdf,www.panna.org,,error,HTTPError: 404 Client Error: Not Found for url: https://www.panna.org/wp-content/uploads/2023/02/202301climatechangefrafinal.pdf,2026-04-13T21:23:28.884071+00:00,2026-04-14T15:38:03.892379+00:00
7798f65661e644313a8a41fc9ae05dae,https://www.panna.org/wp-content/uploads/2025/02/pannewsfy25n03.pdf,www.panna.org,,error,HTTPError: 404 Client Error: Not Found for url: https://www.panna.org/wp-content/uploads/2025/02/pannewsfy25n03.pdf,2026-04-13T21:23:28.884071+00:00,2026-04-14T15:38:02.362755+00:00
6c52b3a6c2690bf4c499e7240454a1ce,https://www.panna.org/wp-content/uploads/2023/02/202301climatechangeespfinal.pdf,www.panna.org,,error,HTTPError: 404 Client Error: Not Found for url: https://www.panna.org/wp-content/uploads/2023/02/202301climatechangeespfinal.pdf,2026-04-13T21:23:28.884071+00:00,2026-04-14T15:38:01.402467+00:00
61e82af8b92d830c54d0cc08f823c464,https://www.panna.org/wp-content/uploads/2025/02/panfy24annualreport.pdf,www.panna.org,,error,HTTPError: 404 Client Error: Not Found for url: https://www.panna.org/wp-content/uploads/2025/02/panfy24annualreport.pdf,2026-04-13T21:23:28.884071+00:00,2026-04-14T15:37:59.163214+00:00
8acdf2bea25bb8a1e1e4643cdd3d17ee,https://www.panna.org/wp-content/uploads/2023/02/202301climatechangeengfinal.pdf,www.panna.org,,error,HTTPError: 404 Client Error: Not Found for url: https://www.panna.org/wp-content/uploads/2023/02/202301climatechangeengfinal.pdf,2026-04-13T21:23:28.884071+00:00,2026-04-14T15:37:58.255201+00:00
b946f1325a0a105cd5bfcd04a965eb18,https://www.panna.org/wp-content/uploads/2025/01/rapal_estudio_caso_agroecologia_2021_esp.pdf,www.panna.org,,error,HTTPError: 404 Client Error: Not Found for url: https://www.panna.org/wp-content/uploads/2025/01/rapal_estudio_caso_agroecologia_2021_esp.pdf,2026-04-13T21:23:28.884071+00:00,2026-04-14T15:37:56.286458+00:00
fefa3049e42b13abdf46dee26098ea71,https://www.panna.org/wp-content/uploads/2022/12/ye2020newsletterfinal-1.pdf,www.panna.org,,error,HTTPError: 404 Client Error: Not Found for url: https://www.panna.org/wp-content/uploads/2022/12/ye2020newsletterfinal-1.pdf,2026-04-13T21:23:28.884071+00:00,2026-04-14T15:37:55.482474+00:00
3abe6464ca3bf391b242e020e6293981,https://www.panna.org/wp-content/uploads/2025/01/rapal_agroecology_casestudies_2021_eng.pdf,www.panna.org,,error,HTTPError: 404 Client Error: Not Found for url: https://www.panna.org/wp-content/uploads/2025/01/rapal_agroecology_casestudies_2021_eng.pdf,2026-04-13T21:23:28.884071+00:00,2026-04-14T15:37:52.468485+00:00
8ff231b1f454172872156ab2bcc4473d,https://www.panna.org/wp-content/uploads/2022/12/watsonville-2014-technical-final-web.pdf,www.panna.org,,error,HTTPError: 404 Client Error: Not Found for url: https://www.panna.org/wp-content/uploads/2022/12/watsonville-2014-technical-final-web.pdf,2026-04-13T21:23:28.884071+00:00,2026-04-14T15:37:51.696069+00:00
b4eb71e9cc28e0e1c4e7221f9b22f90b,https://www.panna.org/wp-content/uploads/2024/10/202410pfasbriefengfinal.pdf,www.panna.org,,error,HTTPError: 404 Client Error: Not Found for url: https://www.panna.org/wp-content/uploads/2024/10/202410pfasbriefengfinal.pdf,2026-04-13T21:23:28.884071+00:00,2026-04-14T15:37:49.010452+00:00
238537d2f1b1f8a0d82f8691b7a384f1,https://www.panna.org/wp-content/uploads/2022/12/vietnammalarastudy20071106.pdf,www.panna.org,,error,HTTPError: 404 Client Error: Not Found for url: https://www.panna.org/wp-content/uploads/2022/12/vietnammalarastudy20071106.pdf,2026-04-13T21:23:28.884071+00:00,2026-04-14T15:37:48.287491+00:00
c58a2984de4d632eafd57ab9027ea2f9,https://www.panna.org/wp-content/uploads/2024/09/pannewsfy25n02.pdf,www.panna.org,,error,HTTPError: 404 Client Error: Not Found for url: https://www.panna.org/wp-content/uploads/2024/09/pannewsfy25n02.pdf,2026-04-13T21:23:28.884071+00:00,2026-04-14T15:37:45.495214+00:00
d20e8458c1ef2bfd6309c47006fc490c,https://www.panna.org/wp-content/uploads/2022/12/unctad_corpconcenag-2005.pdf,www.panna.org,,error,HTTPError: 404 Client Error: Not Found for url: https://www.panna.org/wp-content/uploads/2022/12/unctad_corpconcenag-2005.pdf,2026-04-13T21:23:28.884071+00:00,2026-04-14T15:37:44.495957+00:00
e8b92a904977c8f9bc928a8fd199e2dc,https://www.panna.org/wp-content/uploads/2024/09/202408chlorpyrifosbananasbrieffra.pdf,www.panna.org,,error,HTTPError: 404 Client Error: Not Found for url: https://www.panna.org/wp-content/uploads/2024/09/202408chlorpyrifosbananasbrieffra.pdf,2026-04-13T21:23:28.884071+00:00,2026-04-14T15:37:42.717244+00:00
a45186aff8e868c0286a93c5826622cc,https://www.panna.org/wp-content/uploads/2022/12/techreport_mn-drift_may2012.pdf,www.panna.org,,error,HTTPError: 404 Client Error: Not Found for url: https://www.panna.org/wp-content/uploads/2022/12/techreport_mn-drift_may2012.pdf,2026-04-13T21:23:28.884071+00:00,2026-04-14T15:37:41.522207+00:00
368e0d973cd1e049738204039ef0874a,https://www.panna.org/wp-content/uploads/2024/09/202408chlorpyrifosbananasbriefesp.pdf,www.panna.org,,error,HTTPError: 404 Client Error: Not Found for url: https://www.panna.org/wp-content/uploads/2024/09/202408chlorpyrifosbananasbriefesp.pdf,2026-04-13T21:23:28.884071+00:00,2026-04-14T15:37:39.846492+00:00
250734171377db1de6486bca39d921bc,https://www.panna.org/wp-content/uploads/2022/12/techreport_mn-drift_may2012-2.pdf,www.panna.org,,error,HTTPError: 404 Client Error: Not Found for url: https://www.panna.org/wp-content/uploads/2022/12/techreport_mn-drift_may2012-2.pdf,2026-04-13T21:23:28.884071+00:00,2026-04-14T15:37:38.606268+00:00
648ee33ea05831fa837046ea32b89b6f,https://www.panna.org/wp-content/uploads/2024/09/202408chlorpyrifosbananasbriefeng.pdf,www.panna.org,,error,HTTPError: 404 Client Error: Not Found for url: https://www.panna.org/wp-content/uploads/2024/09/202408chlorpyrifosbananasbriefeng.pdf,2026-04-13T21:23:28.884071+00:00,2026-04-14T15:37:37.243827+00:00
30dd77b14b78bd619f20bde41795460f,https://www.panna.org/wp-content/uploads/2022/12/strathmore-ca-poisoning-2007_0.pdf,www.panna.org,,error,HTTPError: 404 Client Error: Not Found for url: https://www.panna.org/wp-content/uploads/2022/12/strathmore-ca-poisoning-2007_0.pdf,2026-04-13T21:23:28.884071+00:00,2026-04-14T15:37:35.467058+00:00
0536c77b26eb6f59f2035e65cd8c0cbf,https://www.panna.org/wp-content/uploads/2024/06/pannewsfy25n01.pdf,www.panna.org,,error,HTTPError: 404 Client Error: Not Found for url: https://www.panna.org/wp-content/uploads/2024/06/pannewsfy25n01.pdf,2026-04-13T21:23:28.884071+00:00,2026-04-14T15:37:34.298737+00:00
0779cfb85a79bc2f1a401e8a0c1e8a3a,https://www.panna.org/wp-content/uploads/2024/06/fr_statement-on-end-of-toxicalliance_061024.pdf,www.panna.org,,error,HTTPError: 404 Client Error: Not Found for url: https://www.panna.org/wp-content/uploads/2024/06/fr_statement-on-end-of-toxicalliance_061024.pdf,2026-04-13T21:23:28.884071+00:00,2026-04-14T15:37:30.597696+00:00
e673f3189ee98476da50166141070042,https://www.panna.org/wp-content/uploads/2024/06/es_statement-on-end-of-toxicalliance_061024.pdf,www.panna.org,,error,HTTPError: 404 Client Error: Not Found for url: https://www.panna.org/wp-content/uploads/2024/06/es_statement-on-end-of-toxicalliance_061024.pdf,2026-04-13T21:23:28.884071+00:00,2026-04-14T15:37:27.487927+00:00
dc77d9f2edd30fa949167e6883b0880e,https://www.panna.org/wp-content/uploads/2022/12/scientistssupportfarmers2010.pdf,www.panna.org,,error,HTTPError: 404 Client Error: Not Found for url: https://www.panna.org/wp-content/uploads/2022/12/scientistssupportfarmers2010.pdf,2026-04-13T21:23:28.884071+00:00,2026-04-14T15:37:25.878947+00:00
c46691c739adc8c8e9bdc9e2012eba87,https://www.panna.org/wp-content/uploads/2024/02/pannews2023n03.pdf,www.panna.org,,error,HTTPError: 404 Client Error: Not Found for url: https://www.panna.org/wp-content/uploads/2024/02/pannews2023n03.pdf,2026-04-13T21:23:28.884071+00:00,2026-04-14T15:37:24.178010+00:00
2a181637f9830ae8a0c687588f8f932e,https://www.panna.org/wp-content/uploads/2022/12/schooling2010.pdf,www.panna.org,,error,HTTPError: 404 Client Error: Not Found for url: https://www.panna.org/wp-content/uploads/2022/12/schooling2010.pdf,2026-04-13T21:23:28.884071+00:00,2026-04-14T15:37:21.896762+00:00
bdedc0fed992e51dfd0759cf41916465,https://www.panna.org/wp-content/uploads/2024/02/panfy23annualreport.pdf,www.panna.org,,error,HTTPError: 404 Client Error: Not Found for url: https://www.panna.org/wp-content/uploads/2024/02/panfy23annualreport.pdf,2026-04-13T21:23:28.884071+00:00,2026-04-14T15:37:20.655751+00:00
8c06a3d5c82511efe5a76026e298b94a,https://www.panna.org/wp-content/uploads/2022/12/phasing-out-hhps-with-agroecology.pdf,www.panna.org,,error,HTTPError: 404 Client Error: Not Found for url: https://www.panna.org/wp-content/uploads/2022/12/phasing-out-hhps-with-agroecology.pdf,2026-04-13T21:23:28.884071+00:00,2026-04-14T15:37:18.511948+00:00
0f11a90603a39279c0c1e7e38a782e28,https://www.panna.org/wp-content/uploads/2024/02/pan-3-31-23-990-public.pdf,www.panna.org,,error,HTTPError: 404 Client Error: Not Found for url: https://www.panna.org/wp-content/uploads/2024/02/pan-3-31-23-990-public.pdf,2026-04-13T21:23:28.884071+00:00,2026-04-14T15:37:17.003173+00:00
9d8e8127c57748e926f29d1506b8a5eb,https://www.panna.org/wp-content/uploads/2022/12/pesticidespollinators_issue-brief_march2014.pdf,www.panna.org,,error,HTTPError: 404 Client Error: Not Found for url: https://www.panna.org/wp-content/uploads/2022/12/pesticidespollinators_issue-brief_march2014.pdf,2026-04-13T21:23:28.884071+00:00,2026-04-14T15:37:14.491217+00:00
15764dfbcd22c3bdf5184403f1cff472,https://www.panna.org/wp-content/uploads/2023/10/en-corporatecaptureofthefao.pdf,www.panna.org,,error,HTTPError: 404 Client Error: Not Found for url: https://www.panna.org/wp-content/uploads/2023/10/en-corporatecaptureofthefao.pdf,2026-04-13T21:23:28.884071+00:00,2026-04-14T15:37:13.511728+00:00
2cfadf70c143aff7005efa8400b27a7f,https://www.panna.org/wp-content/uploads/2022/12/pesticidesplayingfield.pdf,www.panna.org,,error,HTTPError: 404 Client Error: Not Found for url: https://www.panna.org/wp-content/uploads/2022/12/pesticidesplayingfield.pdf,2026-04-13T21:23:28.884071+00:00,2026-04-14T15:37:11.038973+00:00
b18612f8697b33476cb6c9649d454270,https://www.panna.org/wp-content/uploads/2023/09/pannews2023n02.pdf,www.panna.org,,error,HTTPError: 404 Client Error: Not Found for url: https://www.panna.org/wp-content/uploads/2023/09/pannews2023n02.pdf,2026-04-13T21:23:28.884071+00:00,2026-04-14T15:37:10.152973+00:00
0f44c8cc043e163bb83b0b2e7b413c1b,https://www.panna.org/wp-content/uploads/2022/12/pesticideactionnetwork-newsletter-2014-1.pdf,www.panna.org,,error,HTTPError: 404 Client Error: Not Found for url: https://www.panna.org/wp-content/uploads/2022/12/pesticideactionnetwork-newsletter-2014-1.pdf,2026-04-13T21:23:28.884071+00:00,2026-04-14T15:37:07.658226+00:00
9e23674ca94a5bd97919bc7be10d81c1,https://www.panna.org/wp-content/uploads/2023/07/secondhandpesticides2003.pdf,www.panna.org,,error,HTTPError: 404 Client Error: Not Found for url: https://www.panna.org/wp-content/uploads/2023/07/secondhandpesticides2003.pdf,2026-04-13T21:23:28.884071+00:00,2026-04-14T15:37:06.874507+00:00
8be1402adbea8034ede938678c0deb4c,https://www.panna.org/wp-content/uploads/2022/12/healthyschoolstoolkit_final-2016.pdf,www.panna.org,,error,HTTPError: 404 Client Error: Not Found for url: https://www.panna.org/wp-content/uploads/2022/12/healthyschoolstoolkit_final-2016.pdf,2026-04-13T21:23:28.884071+00:00,2026-04-14T15:37:03.365962+00:00
6200ce58cd9f4eae7f6778a5ff01f38a,https://www.panna.org/wp-content/uploads/2022/12/healthykids-toolkit_feb2014_0.pdf,www.panna.org,,error,HTTPError: 404 Client Error: Not Found for url: https://www.panna.org/wp-content/uploads/2022/12/healthykids-toolkit_feb2014_0.pdf,2026-04-13T21:23:28.884071+00:00,2026-04-14T15:36:59.879198+00:00
fa496363bc6f8b666da7b793f600f1ed,https://www.panna.org/wp-content/uploads/2022/12/gmobrieffinal_2.pdf,www.panna.org,,error,HTTPError: 404 Client Error: Not Found for url: https://www.panna.org/wp-content/uploads/2022/12/gmobrieffinal_2.pdf,2026-04-13T21:23:28.884071+00:00,2026-04-14T15:36:56.655687+00:00
3ce5419a550a7bafa390eff9d8aa1bed,https://www.panna.org/wp-content/uploads/2022/12/getting-the-drift-on-chemical-trespass_0.pdf,www.panna.org,,error,HTTPError: 404 Client Error: Not Found for url: https://www.panna.org/wp-content/uploads/2022/12/getting-the-drift-on-chemical-trespass_0.pdf,2026-04-13T21:23:28.884071+00:00,2026-04-14T15:36:53.540715+00:00
cc9009fcf1efed57f665e498aece8bc9,https://www.panna.org/wp-content/uploads/2022/12/fieldsofpoison2002span.pdf,www.panna.org,,error,HTTPError: 404 Client Error: Not Found for url: https://www.panna.org/wp-content/uploads/2022/12/fieldsofpoison2002span.pdf,2026-04-13T21:23:28.884071+00:00,2026-04-14T15:36:51.101567+00:00
79a8b438166d12b010b9f7f37a69b78b,https://www.panna.org/wp-content/uploads/2022/12/fieldsofpoison2002eng.pdf,www.panna.org,,error,HTTPError: 404 Client Error: Not Found for url: https://www.panna.org/wp-content/uploads/2022/12/fieldsofpoison2002eng.pdf,2026-04-13T21:23:28.884071+00:00,2026-04-14T15:36:48.539173+00:00
2d8fa62c80368ea5f89a77dd5dd35e65,https://www.panna.org/wp-content/uploads/2022/12/fall2020newsletter.pdf,www.panna.org,,error,HTTPError: 404 Client Error: Not Found for url: https://www.panna.org/wp-content/uploads/2022/12/fall2020newsletter.pdf,2026-04-13T21:23:28.884071+00:00,2026-04-14T15:36:44.687747+00:00
e4d0f9cad492d2b955c9a0650e0034b6,https://www.panna.org/wp-content/uploads/2022/12/etc_whoownsnature.pdf,www.panna.org,,error,HTTPError: 404 Client Error: Not Found for url: https://www.panna.org/wp-content/uploads/2022/12/etc_whoownsnature.pdf,2026-04-13T21:23:28.884071+00:00,2026-04-14T15:36:42.116513+00:00
513bdaa3d460da62d781a53de7c50016,https://www.panna.org/wp-content/uploads/2022/12/en-corporatecaptureofthefao_0.pdf,www.panna.org,,error,HTTPError: 404 Client Error: Not Found for url: https://www.panna.org/wp-content/uploads/2022/12/en-corporatecaptureofthefao_0.pdf,2026-04-13T21:23:28.884071+00:00,2026-04-14T15:36:39.385361+00:00
532955d2a941df80cc95f3edb743ca10,https://www.panna.org/wp-content/uploads/2022/12/pannews2022n01.pdf,www.panna.org,,error,HTTPError: 404 Client Error: Not Found for url: https://www.panna.org/wp-content/uploads/2022/12/pannews2022n01.pdf,2026-04-13T21:23:28.884071+00:00,2026-04-14T15:36:38.305987+00:00
c83d9857f42902b4d6ad61a7f5e67ed9,https://www.panna.org/wp-content/uploads/2022/12/drift_issue-brief_final_2.pdf,www.panna.org,,error,HTTPError: 404 Client Error: Not Found for url: https://www.panna.org/wp-content/uploads/2022/12/drift_issue-brief_final_2.pdf,2026-04-13T21:23:28.884071+00:00,2026-04-14T15:36:36.561916+00:00
07c72189c88577420e28dbef58b023d7,https://www.panna.org/wp-content/uploads/2022/12/pannews2021n04-1.pdf,www.panna.org,,error,HTTPError: 404 Client Error: Not Found for url: https://www.panna.org/wp-content/uploads/2022/12/pannews2021n04-1.pdf,2026-04-13T21:23:28.884071+00:00,2026-04-14T15:36:35.785218+00:00
d0741d3437703634f47b187fd56fba80,https://www.panna.org/wp-content/uploads/2022/12/dcppsection1technicaleng0512-12_0.pdf,www.panna.org,,error,HTTPError: 404 Client Error: Not Found for url: https://www.panna.org/wp-content/uploads/2022/12/dcppsection1technicaleng0512-12_0.pdf,2026-04-13T21:23:28.884071+00:00,2026-04-14T15:36:34.137497+00:00
2dfef39149b99b649fa5f302ff4ffbf1,https://www.panna.org/wp-content/uploads/2022/12/pannews2021n03.pdf,www.panna.org,,error,HTTPError: 404 Client Error: Not Found for url: https://www.panna.org/wp-content/uploads/2022/12/pannews2021n03.pdf,2026-04-13T21:23:28.884071+00:00,2026-04-14T15:36:33.593056+00:00
985848ec366369f1cc3da4095ecb705a,https://www.panna.org/wp-content/uploads/2022/12/corporatecontrolbriefespsept2014.pdf,www.panna.org,,error,HTTPError: 404 Client Error: Not Found for url: https://www.panna.org/wp-content/uploads/2022/12/corporatecontrolbriefespsept2014.pdf,2026-04-13T21:23:28.884071+00:00,2026-04-14T15:36:31.335678+00:00
df35b7716b2daff0e6feb70ef1e74981,https://www.panna.org/wp-content/uploads/2022/12/pannews2021n02f.pdf,www.panna.org,,error,HTTPError: 404 Client Error: Not Found for url: https://www.panna.org/wp-content/uploads/2022/12/pannews2021n02f.pdf,2026-04-13T21:23:28.884071+00:00,2026-04-14T15:36:30.451459+00:00
054a84ec7a44bb0d1323e8561e4e9986,https://www.panna.org/wp-content/uploads/2022/12/corporatecontrol-iaastd-pannabrief.pdf,www.panna.org,,error,HTTPError: 404 Client Error: Not Found for url: https://www.panna.org/wp-content/uploads/2022/12/corporatecontrol-iaastd-pannabrief.pdf,2026-04-13T21:23:28.884071+00:00,2026-04-14T15:36:28.573428+00:00
d57864f12f470a0a913b06381bba371d,https://www.panna.org/wp-content/uploads/2022/12/pannews2021n01.pdf,www.panna.org,,error,HTTPError: 404 Client Error: Not Found for url: https://www.panna.org/wp-content/uploads/2022/12/pannews2021n01.pdf,2026-04-13T21:23:28.884071+00:00,2026-04-14T15:36:27.325187+00:00
055f533400b02ce84505f75d8e7e5d60,https://www.panna.org/wp-content/uploads/2022/12/consumerreportsfoodlabelingsurveyjune2014.pdf,www.panna.org,,error,HTTPError: 404 Client Error: Not Found for url: https://www.panna.org/wp-content/uploads/2022/12/consumerreportsfoodlabelingsurveyjune2014.pdf,2026-04-13T21:23:28.884071+00:00,2026-04-14T15:36:25.432992+00:00
0319790d7126be825a7472a59765e969,https://www.panna.org/wp-content/uploads/2022/12/pannews2020n02.pdf,www.panna.org,,error,HTTPError: 404 Client Error: Not Found for url: https://www.panna.org/wp-content/uploads/2022/12/pannews2020n02.pdf,2026-04-13T21:23:28.884071+00:00,2026-04-14T15:36:24.293198+00:00
7c67c809c542304f05d587c064eb4a31,https://www.panna.org/wp-content/uploads/2022/12/communitybeehaven_resolution.pdf,www.panna.org,,error,HTTPError: 404 Client Error: Not Found for url: https://www.panna.org/wp-content/uploads/2022/12/communitybeehaven_resolution.pdf,2026-04-13T21:23:28.884071+00:00,2026-04-14T15:36:22.239444+00:00
cfdb2e2c067c1ce16cdeea4479154606,https://www.panna.org/wp-content/uploads/2022/12/pannews2020n01.pdf,www.panna.org,,error,HTTPError: 404 Client Error: Not Found for url: https://www.panna.org/wp-content/uploads/2022/12/pannews2020n01.pdf,2026-04-13T21:23:28.884071+00:00,2026-04-14T15:36:21.510000+00:00
df943e26222c239331827a22d26a847d,https://www.panna.org/wp-content/uploads/2022/12/chemtres2004eng.pdf,www.panna.org,,error,HTTPError: 404 Client Error: Not Found for url: https://www.panna.org/wp-content/uploads/2022/12/chemtres2004eng.pdf,2026-04-13T21:23:28.884071+00:00,2026-04-14T15:36:19.368315+00:00
fa1ddc80d87a5b4bb0744053d8d63644,https://www.panna.org/wp-content/uploads/2022/12/pannews2019n04.pdf,www.panna.org,,error,HTTPError: 404 Client Error: Not Found for url: https://www.panna.org/wp-content/uploads/2022/12/pannews2019n04.pdf,2026-04-13T21:23:28.884071+00:00,2026-04-14T15:36:17.998206+00:00
222c6b1d468de1a53d22b9cc017de79e,https://www.panna.org/wp-content/uploads/2022/12/biodriftprofiles2007span.pdf,www.panna.org,,error,HTTPError: 404 Client Error: Not Found for url: https://www.panna.org/wp-content/uploads/2022/12/biodriftprofiles2007span.pdf,2026-04-13T21:23:28.884071+00:00,2026-04-14T15:36:15.138689+00:00
00c8a710c2a7dd1df854172d73bfaa0d,https://www.panna.org/wp-content/uploads/2022/12/pannews2019n03.pdf,www.panna.org,,error,HTTPError: 404 Client Error: Not Found for url: https://www.panna.org/wp-content/uploads/2022/12/pannews2019n03.pdf,2026-04-13T21:23:28.884071+00:00,2026-04-14T15:36:13.850447+00:00
d390b204b53e19c44ad7905f9ef74fa3,https://www.panna.org/wp-content/uploads/2022/12/biodrift_profiles-1.pdf,www.panna.org,,error,HTTPError: 404 Client Error: Not Found for url: https://www.panna.org/wp-content/uploads/2022/12/biodrift_profiles-1.pdf,2026-04-13T21:23:28.884071+00:00,2026-04-14T15:36:11.587184+00:00
e1451ccccf111dad62ea6bb4327a3eb3,https://www.panna.org/wp-content/uploads/2022/12/pannews2019n02.pdf,www.panna.org,,error,HTTPError: 404 Client Error: Not Found for url: https://www.panna.org/wp-content/uploads/2022/12/pannews2019n02.pdf,2026-04-13T21:23:28.884071+00:00,2026-04-14T15:36:10.650709+00:00
4cb068773706a7531417732463588f2c,https://www.panna.org/wp-content/uploads/2022/12/biodrift-summary-eng-1.pdf,www.panna.org,,error,HTTPError: 404 Client Error: Not Found for url: https://www.panna.org/wp-content/uploads/2022/12/biodrift-summary-eng-1.pdf,2026-04-13T21:23:28.884071+00:00,2026-04-14T15:36:08.305017+00:00
969ed495fce13a4b1b43cee5befa4763,https://www.panna.org/wp-content/uploads/2022/12/pannews2015n02.pdf,www.panna.org,,error,HTTPError: 404 Client Error: Not Found for url: https://www.panna.org/wp-content/uploads/2022/12/pannews2015n02.pdf,2026-04-13T21:23:28.884071+00:00,2026-04-14T15:36:07.383235+00:00
a41c1782f43601232416ef2607934747,https://www.panna.org/wp-content/uploads/2022/12/beetoolkit_reduced_0.pdf,www.panna.org,,error,HTTPError: 404 Client Error: Not Found for url: https://www.panna.org/wp-content/uploads/2022/12/beetoolkit_reduced_0.pdf,2026-04-13T21:23:28.884071+00:00,2026-04-14T15:36:05.055163+00:00
23a263f7713102b863a59050a6717339,https://www.panna.org/wp-content/uploads/2022/12/pannews2015n01.pdf,www.panna.org,,error,HTTPError: 404 Client Error: Not Found for url: https://www.panna.org/wp-content/uploads/2022/12/pannews2015n01.pdf,2026-04-13T21:23:28.884071+00:00,2026-04-14T15:36:03.864693+00:00
25480f40113a1d4116f5ca2561200f51,https://www.panna.org/wp-content/uploads/2022/12/beetoolkit_reduced_0-1.pdf,www.panna.org,,error,HTTPError: 404 Client Error: Not Found for url: https://www.panna.org/wp-content/uploads/2022/12/beetoolkit_reduced_0-1.pdf,2026-04-13T21:23:28.884071+00:00,2026-04-14T15:36:02.062985+00:00
756cc9480bdadede0ce1842501259246,https://www.panna.org/wp-content/uploads/2022/12/pannews-fall2014.pdf,www.panna.org,,error,HTTPError: 404 Client Error: Not Found for url: https://www.panna.org/wp-content/uploads/2022/12/pannews-fall2014.pdf,2026-04-13T21:23:28.884071+00:00,2026-04-14T15:36:00.745533+00:00
3d1c8436f330d368602d76cf06727e08,https://www.panna.org/wp-content/uploads/2022/12/beespesticides_sos_final_may2012.pdf,www.panna.org,,error,HTTPError: 404 Client Error: Not Found for url: https://www.panna.org/wp-content/uploads/2022/12/beespesticides_sos_final_may2012.pdf,2026-04-13T21:23:28.884071+00:00,2026-04-14T15:35:59.181709+00:00
da37c786aac93ba2f6c349200acd0475,https://www.panna.org/wp-content/uploads/2022/12/pannews-fall2014-1.pdf,www.panna.org,,error,HTTPError: 404 Client Error: Not Found for url: https://www.panna.org/wp-content/uploads/2022/12/pannews-fall2014-1.pdf,2026-04-13T21:23:28.884071+00:00,2026-04-14T15:35:57.538241+00:00
ff83c8f842581f43f00bc65bbfaddb01,https://www.panna.org/wp-content/uploads/2022/12/beespesticides_sos_final_may2012-1.pdf,www.panna.org,,error,HTTPError: 404 Client Error: Not Found for url: https://www.panna.org/wp-content/uploads/2022/12/beespesticides_sos_final_may2012-1.pdf,2026-04-13T21:23:28.884071+00:00,2026-04-14T15:35:56.014433+00:00
7317e2942a264ad5fa8bccc25b2d2b93,https://www.panna.org/wp-content/uploads/2022/12/panfy19annualreport_0.pdf,www.panna.org,,error,HTTPError: 404 Client Error: Not Found for url: https://www.panna.org/wp-content/uploads/2022/12/panfy19annualreport_0.pdf,2026-04-13T21:23:28.884071+00:00,2026-04-14T15:35:54.583740+00:00
1c815451b270a4d91c6614b2dda59bdd,https://www.panna.org/wp-content/uploads/2022/12/bee-friendlygardening_trifold_2018.pdf,www.panna.org,,error,HTTPError: 404 Client Error: Not Found for url: https://www.panna.org/wp-content/uploads/2022/12/bee-friendlygardening_trifold_2018.pdf,2026-04-13T21:23:28.884071+00:00,2026-04-14T15:35:53.043948+00:00
686db137216dd40a21a773861c91935b,https://www.panna.org/wp-content/uploads/2022/12/pan_hhp_list-2018.pdf,www.panna.org,,error,HTTPError: 404 Client Error: Not Found for url: https://www.panna.org/wp-content/uploads/2022/12/pan_hhp_list-2018.pdf,2026-04-13T21:23:28.884071+00:00,2026-04-14T15:35:51.627791+00:00
8a6001a6303688fc654c329e18734cc0,https://www.panna.org/wp-content/uploads/2022/12/bee-friendlygardening_trifold_2013.pdf,www.panna.org,,error,HTTPError: 404 Client Error: Not Found for url: https://www.panna.org/wp-content/uploads/2022/12/bee-friendlygardening_trifold_2013.pdf,2026-04-13T21:23:28.884071+00:00,2026-04-14T15:35:49.686213+00:00
b7af8dd9d127f2536c7378019ba1ab9e,https://www.panna.org/wp-content/uploads/2022/12/atrazinereportbig2010.pdf,www.panna.org,,error,HTTPError: 404 Client Error: Not Found for url: https://www.panna.org/wp-content/uploads/2022/12/atrazinereportbig2010.pdf,2026-04-13T21:23:28.884071+00:00,2026-04-14T15:35:45.894230+00:00
078af825a105c1f4de2888aa9175fd41,https://www.panna.org/wp-content/uploads/2022/12/agroecologyinusbriefeng201909_final.pdf,www.panna.org,,error,HTTPError: 404 Client Error: Not Found for url: https://www.panna.org/wp-content/uploads/2022/12/agroecologyinusbriefeng201909_final.pdf,2026-04-13T21:23:28.884071+00:00,2026-04-14T15:35:42.944758+00:00
241053e925b0a4e0b279287834fd883a,https://www.panna.org/wp-content/uploads/2022/12/agroecology-pan-international-position-paper-fr.pdf,www.panna.org,,error,HTTPError: 404 Client Error: Not Found for url: https://www.panna.org/wp-content/uploads/2022/12/agroecology-pan-international-position-paper-fr.pdf,2026-04-13T21:23:28.884071+00:00,2026-04-14T15:35:40.272969+00:00
b25d020acdc54053516606378c4f899d,https://www.panna.org/wp-content/uploads/2022/12/pan-global-report_0.pdf,www.panna.org,,error,HTTPError: 404 Client Error: Not Found for url: https://www.panna.org/wp-content/uploads/2022/12/pan-global-report_0.pdf,2026-04-13T21:23:28.884071+00:00,2026-04-14T15:35:39.150459+00:00
b2be0144406d76186f41e70097e6d9f3,https://www.panna.org/wp-content/uploads/2022/12/agroecology-pan-international-position-paper-es.pdf,www.panna.org,,error,HTTPError: 404 Client Error: Not Found for url: https://www.panna.org/wp-content/uploads/2022/12/agroecology-pan-international-position-paper-es.pdf,2026-04-13T21:23:28.884071+00:00,2026-04-14T15:35:37.204752+00:00
de6d94db553c27b28681c357764e0d81,https://www.panna.org/wp-content/uploads/2022/12/pan-europe-ae-clips_final.pdf,www.panna.org,,error,HTTPError: 404 Client Error: Not Found for url: https://www.panna.org/wp-content/uploads/2022/12/pan-europe-ae-clips_final.pdf,2026-04-13T21:23:28.884071+00:00,2026-04-14T15:35:36.453194+00:00
bfdec4b5c928ce5c863ca81125cd2ea4,https://www.panna.org/wp-content/uploads/2022/12/agroecology-pan-international-position-paper-en.pdf,www.panna.org,,error,HTTPError: 404 Client Error: Not Found for url: https://www.panna.org/wp-content/uploads/2022/12/agroecology-pan-international-position-paper-en.pdf,2026-04-13T21:23:28.884071+00:00,2026-04-14T15:35:34.168263+00:00
6ac0ebeffdc8ab799415869500315f8a,https://www.panna.org/wp-content/uploads/2022/12/kidshealthreportoct2012.pdf,www.panna.org,,error,HTTPError: 404 Client Error: Not Found for url: https://www.panna.org/wp-content/uploads/2022/12/kidshealthreportoct2012.pdf,2026-04-13T21:23:28.884071+00:00,2026-04-14T15:35:33.701224+00:00
9aaf4aee3a2836e4aebcab4570a62493,https://www.panna.org/wp-content/uploads/2022/12/agroecology-pan-international-position-paper-en-1.pdf,www.panna.org,,error,HTTPError: 404 Client Error: Not Found for url: https://www.panna.org/wp-content/uploads/2022/12/agroecology-pan-international-position-paper-en-1.pdf,2026-04-13T21:23:28.884071+00:00,2026-04-14T15:35:31.540618+00:00
75ac929012bacb53e8abd603f033e27c,https://www.panna.org/wp-content/uploads/2022/12/khroct12exsumespfinal.pdf,www.panna.org,,error,HTTPError: 404 Client Error: Not Found for url: https://www.panna.org/wp-content/uploads/2022/12/khroct12exsumespfinal.pdf,2026-04-13T21:23:28.884071+00:00,2026-04-14T15:35:30.839747+00:00
ba4e7f8e4ad6bcfd0b91e83700cca36a,https://www.panna.org/wp-content/uploads/2022/12/agroecology-pan-international-position-paper-de.pdf,www.panna.org,,error,HTTPError: 404 Client Error: Not Found for url: https://www.panna.org/wp-content/uploads/2022/12/agroecology-pan-international-position-paper-de.pdf,2026-04-13T21:23:28.884071+00:00,2026-04-14T15:35:28.590694+00:00
9e4b8c3361df6731b15ff36ddffab552,https://www.panna.org/wp-content/uploads/2022/12/iowadrift-liability-factsheet-1.pdf,www.panna.org,,error,HTTPError: 404 Client Error: Not Found for url: https://www.panna.org/wp-content/uploads/2022/12/iowadrift-liability-factsheet-1.pdf,2026-04-13T21:23:28.884071+00:00,2026-04-14T15:35:27.993485+00:00
f3e9d0eaf9c20b297a8481e7519928cf,https://www.panna.org/wp-content/uploads/2022/12/agroecobriefsept2014small_1.pdf,www.panna.org,,error,HTTPError: 404 Client Error: Not Found for url: https://www.panna.org/wp-content/uploads/2022/12/agroecobriefsept2014small_1.pdf,2026-04-13T21:23:28.884071+00:00,2026-04-14T15:35:25.784196+00:00
2049fa2cd4ed0283296c138e497fce88,https://www.panna.org/wp-content/uploads/2022/12/iowadrift-liability-factsheet-1-1.pdf,www.panna.org,,error,HTTPError: 404 Client Error: Not Found for url: https://www.panna.org/wp-content/uploads/2022/12/iowadrift-liability-factsheet-1-1.pdf,2026-04-13T21:23:28.884071+00:00,2026-04-14T15:35:24.914692+00:00
9c3ea16134d1ec2141e59b934cb6708d,https://www.panna.org/wp-content/uploads/2022/12/agroecobrieffrench2014small.pdf,www.panna.org,,error,HTTPError: 404 Client Error: Not Found for url: https://www.panna.org/wp-content/uploads/2022/12/agroecobrieffrench2014small.pdf,2026-04-13T21:23:28.884071+00:00,2026-04-14T15:35:23.063154+00:00
f3ece247947ea92c601dcfa180e586f1,https://www.panna.org/wp-content/uploads/2020/07/pow12-20-06yakimasum-copy.pdf,www.panna.org,,error,HTTPError: 404 Client Error: Not Found for url: https://www.panna.org/wp-content/uploads/2020/07/pow12-20-06yakimasum-copy.pdf,2026-04-13T21:23:28.884071+00:00,2026-04-14T15:35:21.616184+00:00
90fd6acb78e47764412b01cd9cf67f70,https://www.panna.org/wp-content/uploads/2022/12/agroecobriefespsept2014.pdf,www.panna.org,,error,HTTPError: 404 Client Error: Not Found for url: https://www.panna.org/wp-content/uploads/2022/12/agroecobriefespsept2014.pdf,2026-04-13T21:23:28.884071+00:00,2026-04-14T15:35:19.914417+00:00
1b42997be8e09599a7d2c0868e52ffa3,https://www.panna.org/wp-content/uploads/2020/07/mn-report-pdf-2021.pdf,www.panna.org,,error,HTTPError: 404 Client Error: Not Found for url: https://www.panna.org/wp-content/uploads/2020/07/mn-report-pdf-2021.pdf,2026-04-13T21:23:28.884071+00:00,2026-04-14T15:35:18.573427+00:00
06a110fa6a5a196530c1a69955e43085,https://www.panna.org/wp-content/uploads/2022/12/202107climatepests-final.pdf,www.panna.org,,error,HTTPError: 404 Client Error: Not Found for url: https://www.panna.org/wp-content/uploads/2022/12/202107climatepests-final.pdf,2026-04-13T21:23:28.884071+00:00,2026-04-14T15:35:17.000711+00:00
51c972cfb96d768c44e3678fa1ba712b,https://www.panna.org/wp-content/uploads/2020/07/lindsay-chlorpyrifos7_18_06wc-reduce.pdf,www.panna.org,,error,HTTPError: 404 Client Error: Not Found for url: https://www.panna.org/wp-content/uploads/2020/07/lindsay-chlorpyrifos7_18_06wc-reduce.pdf,2026-04-13T21:23:28.884071+00:00,2026-04-14T15:35:14.851453+00:00
0865e1a2b8ad842734a83367a312ea1b,https://www.panna.org/wp-content/uploads/2022/12/201909agroecologypositionpor-final.pdf,www.panna.org,,error,HTTPError: 404 Client Error: Not Found for url: https://www.panna.org/wp-content/uploads/2022/12/201909agroecologypositionpor-final.pdf,2026-04-13T21:23:28.884071+00:00,2026-04-14T15:35:13.613718+00:00
368183f8837810709611f0b8ab4a55e7,https://www.panna.org/wp-content/uploads/2020/07/hastingsfl04_13_07_0_0.pdf,www.panna.org,,error,HTTPError: 404 Client Error: Not Found for url: https://www.panna.org/wp-content/uploads/2020/07/hastingsfl04_13_07_0_0.pdf,2026-04-13T21:23:28.884071+00:00,2026-04-14T15:35:11.810010+00:00
ebb42260ef0e11f79ca0fa8919f86c9d,https://www.panna.org/wp-content/uploads/2022/12/201909agroecology-positionarabicfinal.pdf,www.panna.org,,error,HTTPError: 404 Client Error: Not Found for url: https://www.panna.org/wp-content/uploads/2022/12/201909agroecology-positionarabicfinal.pdf,2026-04-13T21:23:28.884071+00:00,2026-04-14T15:35:10.955423+00:00
26ed672c64f3d14bdb08b87f7f3d8e9a,https://www.panna.org/wp-content/uploads/2020/07/hastingsfl-short04_16_07.pdf,www.panna.org,,error,HTTPError: 404 Client Error: Not Found for url: https://www.panna.org/wp-content/uploads/2020/07/hastingsfl-short04_16_07.pdf,2026-04-13T21:23:28.884071+00:00,2026-04-14T15:35:07.992754+00:00
1ce69756ca1500d11b18146dd72311f1,https://www.panna.org/wp-content/uploads/2022/12/201909agroecocasestudies_panuk_final.pdf,www.panna.org,,error,HTTPError: 404 Client Error: Not Found for url: https://www.panna.org/wp-content/uploads/2022/12/201909agroecocasestudies_panuk_final.pdf,2026-04-13T21:23:28.884071+00:00,2026-04-14T15:35:06.780956+00:00
9cf5ce2c3beacce763a6e70103ec8833,https://www.panna.org/wp-content/uploads/2020/07/biodrift4pageresp.pdf,www.panna.org,,error,HTTPError: 404 Client Error: Not Found for url: https://www.panna.org/wp-content/uploads/2020/07/biodrift4pageresp.pdf,2026-04-13T21:23:28.884071+00:00,2026-04-14T15:35:04.879198+00:00
4720825d47d935995e5154e79c03cd60,https://www.panna.org/wp-content/uploads/2022/07/pan-agroecology-policy-webinar-resources.pdf,www.panna.org,,error,HTTPError: 404 Client Error: Not Found for url: https://www.panna.org/wp-content/uploads/2022/07/pan-agroecology-policy-webinar-resources.pdf,2026-04-13T21:23:28.884071+00:00,2026-04-14T15:35:03.176921+00:00
6b33dec71470d2c54c6770ce46e03609,https://www.panna.org/wp-content/uploads/2020/07/biodrift4pagereng.pdf,www.panna.org,,error,HTTPError: 404 Client Error: Not Found for url: https://www.panna.org/wp-content/uploads/2020/07/biodrift4pagereng.pdf,2026-04-13T21:23:28.884071+00:00,2026-04-14T15:35:00.989196+00:00
c2d6b690710ffb650fad285d2709fbc0,https://www.panna.org/wp-content/uploads/2022/07/fra_webinaire_politique_ae_resume.pdf,www.panna.org,,error,HTTPError: 404 Client Error: Not Found for url: https://www.panna.org/wp-content/uploads/2022/07/fra_webinaire_politique_ae_resume.pdf,2026-04-13T21:23:28.884071+00:00,2026-04-14T15:34:58.617487+00:00
8d84e2ce2fc38c623d9df59192c177eb,https://www.panna.org/wp-content/uploads/2020/07/4-pgr_mn-2012_update2014_0.pdf,www.panna.org,,error,HTTPError: 404 Client Error: Not Found for url: https://www.panna.org/wp-content/uploads/2020/07/4-pgr_mn-2012_update2014_0.pdf,2026-04-13T21:23:28.884071+00:00,2026-04-14T15:34:57.922918+00:00
814703b92fd6820904054f65306f316c,https://www.panna.org/wp-content/uploads/2022/07/esp_webinar_politica-ae_resumen.pdf,www.panna.org,,error,HTTPError: 404 Client Error: Not Found for url: https://www.panna.org/wp-content/uploads/2022/07/esp_webinar_politica-ae_resumen.pdf,2026-04-13T21:23:28.884071+00:00,2026-04-14T15:34:55.504181+00:00
03ca715069126d00885ed9d8c9fc479c,https://www.panna.org/wp-content/uploads/2020/07/1mn-tech-report_final-copy-small.pdf,www.panna.org,,error,HTTPError: 404 Client Error: Not Found for url: https://www.panna.org/wp-content/uploads/2020/07/1mn-tech-report_final-copy-small.pdf,2026-04-13T21:23:28.884071+00:00,2026-04-14T15:34:54.602338+00:00
3d7d220b85b39e20505abda39c773554,https://www.panna.org/wp-content/uploads/2022/07/eng_pan_ae_policy_webinar_summary.pdf,www.panna.org,,error,HTTPError: 404 Client Error: Not Found for url: https://www.panna.org/wp-content/uploads/2022/07/eng_pan_ae_policy_webinar_summary.pdf,2026-04-13T21:23:28.884071+00:00,2026-04-14T15:34:52.640709+00:00
fb51969981b15c69fa864592ce7c3638,https://www.panna.org/wp-content/uploads/2019/10/la-agroecologia-en-estados-unidos_2020_esp.pdf,www.panna.org,,error,HTTPError: 404 Client Error: Not Found for url: https://www.panna.org/wp-content/uploads/2019/10/la-agroecologia-en-estados-unidos_2020_esp.pdf,2026-04-13T21:23:28.884071+00:00,2026-04-14T15:34:51.127447+00:00
abfb9586627ff330559b188448446081,https://www.panna.org/wp-content/uploads/2022/06/pan-501c3.pdf,www.panna.org,,error,HTTPError: 404 Client Error: Not Found for url: https://www.panna.org/wp-content/uploads/2022/06/pan-501c3.pdf,2026-04-13T21:23:28.884071+00:00,2026-04-14T15:34:49.570454+00:00
6807bd2616d50bc148c458051b26ad18,https://www.panna.org/wp-content/uploads/2018/12/pannews2018n04.pdf,www.panna.org,,error,HTTPError: 404 Client Error: Not Found for url: https://www.panna.org/wp-content/uploads/2018/12/pannews2018n04.pdf,2026-04-13T21:23:28.884071+00:00,2026-04-14T15:34:47.410655+00:00
6b7c212b62802b924b1fd562f369c353,https://www.panna.org/wp-content/uploads/2022/06/howtosendeft-1.pdf,www.panna.org,,error,HTTPError: 404 Client Error: Not Found for url: https://www.panna.org/wp-content/uploads/2022/06/howtosendeft-1.pdf,2026-04-13T21:23:28.884071+00:00,2026-04-14T15:34:45.969948+00:00
dc1d32f35a22e2c307bb8a7be6e2445f,https://www.panna.org/wp-content/uploads/2018/09/pannews2018no03.pdf,www.panna.org,,error,HTTPError: 404 Client Error: Not Found for url: https://www.panna.org/wp-content/uploads/2018/09/pannews2018no03.pdf,2026-04-13T21:23:28.884071+00:00,2026-04-14T15:34:44.597660+00:00
f5b939adbc909ddf80a5b764a9c369bf,https://www.panna.org/wp-content/uploads/2020/07/watsonvillefumigants201503finalcc.pdf,www.panna.org,,error,HTTPError: 404 Client Error: Not Found for url: https://www.panna.org/wp-content/uploads/2020/07/watsonvillefumigants201503finalcc.pdf,2026-04-13T21:23:28.884071+00:00,2026-04-14T15:34:43.099458+00:00
3a70f7077640b7a851c1a9f566ce92b8,https://www.panna.org/wp-content/uploads/2018/09/panfy18annualreport.pdf,www.panna.org,,error,HTTPError: 404 Client Error: Not Found for url: https://www.panna.org/wp-content/uploads/2018/09/panfy18annualreport.pdf,2026-04-13T21:23:28.884071+00:00,2026-04-14T15:34:41.920474+00:00
c63b64b6e1b32780c71efb3ea950f49d,https://www.panna.org/wp-content/uploads/2020/07/watsonville-2014-technical-final-full.pdf,www.panna.org,,error,HTTPError: 404 Client Error: Not Found for url: https://www.panna.org/wp-content/uploads/2020/07/watsonville-2014-technical-final-full.pdf,2026-04-13T21:23:28.884071+00:00,2026-04-14T15:34:40.138228+00:00
2b0cfad0c4b47950468738c2bb9366d1,https://www.panna.org/wp-content/uploads/2018/08/pollinatorfriendlycandidates2018.pdf,www.panna.org,,error,HTTPError: 404 Client Error: Not Found for url: https://www.panna.org/wp-content/uploads/2018/08/pollinatorfriendlycandidates2018.pdf,2026-04-13T21:23:28.884071+00:00,2026-04-14T15:34:39.186180+00:00
5b90b4768580c799cfbaa568e005a0ff,https://www.panna.org/wp-content/uploads/2020/07/tehama-results-htf-4pg_0.pdf,www.panna.org,,error,HTTPError: 404 Client Error: Not Found for url: https://www.panna.org/wp-content/uploads/2020/07/tehama-results-htf-4pg_0.pdf,2026-04-13T21:23:28.884071+00:00,2026-04-14T15:34:37.132417+00:00
ca62e6f129bbfef38886acd75423cd86,https://www.panna.org/wp-content/uploads/2018/08/pannews2018n02.pdf,www.panna.org,,error,HTTPError: 404 Client Error: Not Found for url: https://www.panna.org/wp-content/uploads/2018/08/pannews2018n02.pdf,2026-04-13T21:23:28.884071+00:00,2026-04-14T15:34:35.854257+00:00
45cc8476a7484b0b82dd50b146cef711,https://www.panna.org/wp-content/uploads/2020/07/sisquocfinaltech_0.pdf,www.panna.org,,error,HTTPError: 404 Client Error: Not Found for url: https://www.panna.org/wp-content/uploads/2020/07/sisquocfinaltech_0.pdf,2026-04-13T21:23:28.884071+00:00,2026-04-14T15:34:34.175473+00:00
fa72aed74329eeb5940d51cda255c0e1,https://www.panna.org/wp-content/uploads/2018/03/pan-news-spring-2018.pdf,www.panna.org,,error,HTTPError: 404 Client Error: Not Found for url: https://www.panna.org/wp-content/uploads/2018/03/pan-news-spring-2018.pdf,2026-04-13T21:23:28.884071+00:00,2026-04-14T15:34:32.803209+00:00
6a5ccfbf1664cb31c77212258be3aacb,https://www.panna.org/wp-content/uploads/2020/07/rob-faux-dc-results-final.pdf,www.panna.org,,error,HTTPError: 404 Client Error: Not Found for url: https://www.panna.org/wp-content/uploads/2020/07/rob-faux-dc-results-final.pdf,2026-04-13T21:23:28.884071+00:00,2026-04-14T15:34:31.593222+00:00
132fdb69bbc7b7881b5674148b083b4f,https://www.panna.org/wp-content/uploads/2017/11/pannews2017.pdf,www.panna.org,,error,HTTPError: 404 Client Error: Not Found for url: https://www.panna.org/wp-content/uploads/2017/11/pannews2017.pdf,2026-04-13T21:23:28.884071+00:00,2026-04-14T15:34:30.379975+00:00
6d1a2d3fe36bf9dace2c448b649881a0,https://www.panna.org/wp-content/uploads/2017/09/pannews2017n03fall.pdf,www.panna.org,,error,HTTPError: 404 Client Error: Not Found for url: https://www.panna.org/wp-content/uploads/2017/09/pannews2017n03fall.pdf,2026-04-13T21:23:28.884071+00:00,2026-04-14T15:34:27.084156+00:00
400bff589975b85e585e823b03731ec6,https://www.panna.org/wp-content/uploads/2017/08/in-case-of-drift-toolkit-2023.pdf,www.panna.org,,error,HTTPError: 404 Client Error: Not Found for url: https://www.panna.org/wp-content/uploads/2017/08/in-case-of-drift-toolkit-2023.pdf,2026-04-13T21:23:28.884071+00:00,2026-04-14T15:34:23.897193+00:00
7946b06dc1eca12cfcb1cb4f6bc8e0ba,https://www.panna.org/wp-content/uploads/2017/08/icod-spanish.pdf,www.panna.org,,error,HTTPError: 404 Client Error: Not Found for url: https://www.panna.org/wp-content/uploads/2017/08/icod-spanish.pdf,2026-04-13T21:23:28.884071+00:00,2026-04-14T15:34:20.925080+00:00
82a1875711270dd0e48ddbfb98074516,https://www.panna.org/wp-content/uploads/2017/07/cpf-alternatives-2017-ca.pdf,www.panna.org,,error,HTTPError: 404 Client Error: Not Found for url: https://www.panna.org/wp-content/uploads/2017/07/cpf-alternatives-2017-ca.pdf,2026-04-13T21:23:28.884071+00:00,2026-04-14T15:34:17.787513+00:00
01f9dd67a3db2368a87429e3f9b43dec,https://www.panna.org/wp-content/uploads/2017/06/pannews2017n02.pdf,www.panna.org,,error,HTTPError: 404 Client Error: Not Found for url: https://www.panna.org/wp-content/uploads/2017/06/pannews2017n02.pdf,2026-04-13T21:23:28.884071+00:00,2026-04-14T15:34:14.235942+00:00
7230b4e4dea135e1239a46f6a105f061,https://www.panna.org/wp-content/uploads/2017/03/pannews2017n01.pdf,www.panna.org,,error,HTTPError: 404 Client Error: Not Found for url: https://www.panna.org/wp-content/uploads/2017/03/pannews2017n01.pdf,2026-04-13T21:23:28.884071+00:00,2026-04-14T15:34:10.590712+00:00
7b30614f0d5ac6461eb060fc6ef4c87c,https://www.panna.org/wp-content/uploads/2017/03/2013-pan-ap-poisoning-our-future-children-and-pesticides-book-v8-web-lo-res.pdf,www.panna.org,,error,HTTPError: 404 Client Error: Not Found for url: https://www.panna.org/wp-content/uploads/2017/03/2013-pan-ap-poisoning-our-future-children-and-pesticides-book-v8-web-lo-res.pdf,2026-04-13T21:23:28.884071+00:00,2026-04-14T15:34:07.539880+00:00
05735656978efea0b303bb4d7cd859c4,https://www.panna.org/wp-content/uploads/2017/02/201903beefactsheet-v4.pdf,www.panna.org,,error,HTTPError: 404 Client Error: Not Found for url: https://www.panna.org/wp-content/uploads/2017/02/201903beefactsheet-v4.pdf,2026-04-13T21:23:28.884071+00:00,2026-04-14T15:34:04.907904+00:00
b10190f545cc5879e6cd88d43a8a8251,https://www.panna.org/wp-content/uploads/2016/12/pannews2016n04.pdf,www.panna.org,,error,HTTPError: 404 Client Error: Not Found for url: https://www.panna.org/wp-content/uploads/2016/12/pannews2016n04.pdf,2026-04-13T21:23:28.884071+00:00,2026-04-14T15:34:01.925410+00:00
74bcb63d98bad4f66622149ac644482d,https://www.panna.org/wp-content/uploads/2016/09/pannews2016-fall.pdf,www.panna.org,,error,HTTPError: 404 Client Error: Not Found for url: https://www.panna.org/wp-content/uploads/2016/09/pannews2016-fall.pdf,2026-04-13T21:23:28.884071+00:00,2026-04-14T15:33:59.062638+00:00
1cce27c0b5287f164d9eaae0c01468b7,https://www.panna.org/wp-content/uploads/2016/08/asd-factshet-2016-copy.pdf,www.panna.org,,error,HTTPError: 404 Client Error: Not Found for url: https://www.panna.org/wp-content/uploads/2016/08/asd-factshet-2016-copy.pdf,2026-04-13T21:23:28.884071+00:00,2026-04-14T15:33:56.137412+00:00
afd4ae4c4b93919787c441a1bb4a9a86,https://www.panna.org/wp-content/uploads/2016/07/healthyschoolstoolkit_spanish-2016.pdf,www.panna.org,,error,HTTPError: 404 Client Error: Not Found for url: https://www.panna.org/wp-content/uploads/2016/07/healthyschoolstoolkit_spanish-2016.pdf,2026-04-13T21:23:28.884071+00:00,2026-04-14T15:33:52.844444+00:00
b47215180ac3b597125910e2ba0baa3b,https://www.panna.org/wp-content/uploads/2016/06/pannews2016n02final.pdf,www.panna.org,,error,HTTPError: 404 Client Error: Not Found for url: https://www.panna.org/wp-content/uploads/2016/06/pannews2016n02final.pdf,2026-04-13T21:23:28.884071+00:00,2026-04-14T15:33:49.273976+00:00
3dd86e66405d5a20adedcd7969f24fb9,https://www.panna.org/wp-content/uploads/2016/05/kof-mn-factsheet-final.pdf,www.panna.org,,error,HTTPError: 404 Client Error: Not Found for url: https://www.panna.org/wp-content/uploads/2016/05/kof-mn-factsheet-final.pdf,2026-04-13T21:23:28.884071+00:00,2026-04-14T15:33:45.886673+00:00
9132ce6b7daae9beb8a906cc2f5534e1,https://www.panna.org/wp-content/uploads/2016/05/kof-iowa-factsheet-final.pdf,www.panna.org,,error,HTTPError: 404 Client Error: Not Found for url: https://www.panna.org/wp-content/uploads/2016/05/kof-iowa-factsheet-final.pdf,2026-04-13T21:23:28.884071+00:00,2026-04-14T15:33:43.115181+00:00
7edfd31dba037d80e736bdf0469ceed0,https://www.panna.org/wp-content/uploads/2016/05/kof-ca-factsheet-spanish-final.pdf,www.panna.org,,error,HTTPError: 404 Client Error: Not Found for url: https://www.panna.org/wp-content/uploads/2016/05/kof-ca-factsheet-spanish-final.pdf,2026-04-13T21:23:28.884071+00:00,2026-04-14T15:33:40.318410+00:00
4cf30112dbd33b3c40fb04e440dbc9a4,https://www.fao.org/3/i7606e/i7606e.pdf,www.fao.org,,error,ValueError: Not a PDF response (content-type=text/html; charset=utf-8),2026-04-13T21:23:28.884071+00:00,2026-04-14T15:33:39.041204+00:00
7a618c7c05c9b795e3ca78b92c3b22d5,https://www.panna.org/wp-content/uploads/2016/05/kof-ca-factsheet-final.pdf,www.panna.org,,error,HTTPError: 404 Client Error: Not Found for url: https://www.panna.org/wp-content/uploads/2016/05/kof-ca-factsheet-final.pdf,2026-04-13T21:23:28.884071+00:00,2026-04-14T15:33:37.875165+00:00
3784b2d1a75733d25325c2d4a4abff75,https://www.panna.org/wp-content/uploads/2016/04/kof-report-final.pdf,www.panna.org,,error,HTTPError: 404 Client Error: Not Found for url: https://www.panna.org/wp-content/uploads/2016/04/kof-report-final.pdf,2026-04-13T21:23:28.884071+00:00,2026-04-14T15:33:34.963491+00:00
2995044fbe22608fb69d7ed5080b8f5f,https://www.panna.org/wp-content/uploads/2016/02/pannews2016n01final.pdf,www.panna.org,,error,HTTPError: 404 Client Error: Not Found for url: https://www.panna.org/wp-content/uploads/2016/02/pannews2016n01final.pdf,2026-04-13T21:23:28.884071+00:00,2026-04-14T15:33:32.176415+00:00
11c2a442845c56857911f0bb6e1c966b,https://www.panna.org/wp-content/uploads/2016/02/pannews2015-year-end.pdf,www.panna.org,,error,HTTPError: 404 Client Error: Not Found for url: https://www.panna.org/wp-content/uploads/2016/02/pannews2015-year-end.pdf,2026-04-13T21:23:28.884071+00:00,2026-04-14T15:33:29.190677+00:00
9a9d82b0298ea3685b7c222850404eca,https://www.panna.org/wp-content/uploads/2016/02/final-final-fallando-a-proteger-a-los-ninos-de-edad-escolar.pdf,www.panna.org,,error,HTTPError: 404 Client Error: Not Found for url: https://www.panna.org/wp-content/uploads/2016/02/final-final-fallando-a-proteger-a-los-ninos-de-edad-escolar.pdf,2026-04-13T21:23:28.884071+00:00,2026-04-14T15:33:26.021779+00:00
f8efc346d497bd9eb74ddf6930ae8c56,https://www.panna.org/wp-content/uploads/2016/02/bees-the-science-issuebrief-20160407.pdf,www.panna.org,,error,HTTPError: 404 Client Error: Not Found for url: https://www.panna.org/wp-content/uploads/2016/02/bees-the-science-issuebrief-20160407.pdf,2026-04-13T21:23:28.884071+00:00,2026-04-14T15:33:22.301724+00:00
b4f57942c978748cedbba18d75cc426a,https://www.panna.org/wp-content/uploads/2015/12/pannews2015-year-end.pdf,www.panna.org,,error,HTTPError: 404 Client Error: Not Found for url: https://www.panna.org/wp-content/uploads/2015/12/pannews2015-year-end.pdf,2026-04-13T21:23:28.884071+00:00,2026-04-14T15:33:19.388420+00:00
300b49e1bb889b802d2f1c5bd8328ea8,https://www.panna.org/wp-content/uploads/2015/10/watsonvillefumigants201503finalc.pdf,www.panna.org,,error,HTTPError: 404 Client Error: Not Found for url: https://www.panna.org/wp-content/uploads/2015/10/watsonvillefumigants201503finalc.pdf,2026-04-13T21:23:28.884071+00:00,2026-04-14T15:33:15.975158+00:00
83f86a95c8267bc5e097700b42cfc742,https://www.panna.org/wp-content/uploads/2015/10/pannews2015n03.pdf,www.panna.org,,error,HTTPError: 404 Client Error: Not Found for url: https://www.panna.org/wp-content/uploads/2015/10/pannews2015n03.pdf,2026-04-13T21:23:28.884071+00:00,2026-04-14T15:33:12.759928+00:00
8eadddd8d32dc5a4266801f6c7d641ef,https://www.panna.org/wp-content/uploads/2015/09/ijoeh_july08_smith.pdf,www.panna.org,,error,HTTPError: 404 Client Error: Not Found for url: https://www.panna.org/wp-content/uploads/2015/09/ijoeh_july08_smith.pdf,2026-04-13T21:23:28.884071+00:00,2026-04-14T15:33:09.716809+00:00
c7660207993f0a29668f5c93670f9903,https://www.panna.org/wp-content/uploads/2015/08/cvenglish2-20_0.pdf,www.panna.org,,error,HTTPError: 404 Client Error: Not Found for url: https://www.panna.org/wp-content/uploads/2015/08/cvenglish2-20_0.pdf,2026-04-13T21:23:28.884071+00:00,2026-04-14T15:33:06.464471+00:00
d8efc39b4ca92b8145fa29689a77b54d,https://www.panna.org/wp-content/uploads/2015/08/beetoolkit_reduced_0.pdf,www.panna.org,,error,HTTPError: 404 Client Error: Not Found for url: https://www.panna.org/wp-content/uploads/2015/08/beetoolkit_reduced_0.pdf,2026-04-13T21:23:28.884071+00:00,2026-04-14T15:33:03.064355+00:00
c9fd8bb38fad533a6d40773c568b34b9,https://www.panna.org/wp-content/uploads/2015/06/hawaiipesticidedrift-issuebrief-new.pdf,www.panna.org,,error,HTTPError: 404 Client Error: Not Found for url: https://www.panna.org/wp-content/uploads/2015/06/hawaiipesticidedrift-issuebrief-new.pdf,2026-04-13T21:23:28.884071+00:00,2026-04-14T15:32:59.999934+00:00
349836904921b77e065787a5d77642f4,https://www.pan-uk.org/site/wp-content/uploads/united-nations-report-of-the-special-rapporteur-on-the-right-to-food.pdf,www.pan-uk.org,,error,HTTPError: 404 Client Error: Not Found for url: https://www.pan-uk.org/site/wp-content/uploads/united-nations-report-of-the-special-rapporteur-on-the-right-to-food.pdf,2026-04-13T21:23:28.884071+00:00,2026-04-14T15:32:56.924637+00:00
15eba560f95fb81e7f1b69a11605624b,https://www.nemnba.org/wp-content/uploads/2019/11/symposium-poster-varcomp.pdf,www.nemnba.org,,error,HTTPError: 404 Client Error: Not Found for url: https://www.nemnba.org/wp-content/uploads/2019/11/symposium-poster-varcomp.pdf,2026-04-13T21:23:28.884071+00:00,2026-04-14T15:32:44.340887+00:00
365e87195a2ef5a03aea154c81a3a59b,https://www.merkley.senate.gov/wp-content/uploads/national-chemical-disaster-awareness-day.pdf,www.merkley.senate.gov,,error,HTTPError: 403 Client Error: Forbidden for url: https://www.merkley.senate.gov/wp-content/uploads/national-chemical-disaster-awareness-day.pdf,2026-04-13T21:23:28.884071+00:00,2026-04-14T15:32:40.939725+00:00
9858d3b7ccd11b6394b18210fc9dcb04,https://www.mepartnership.org/wp-content/uploads/2012/03/public_pollinators-polling-results.pdf,www.mepartnership.org,,error,HTTPError: 404 Client Error: Not Found for url: https://www.mepartnership.org/wp-content/uploads/2012/03/public_pollinators-polling-results.pdf,2026-04-13T21:23:28.884071+00:00,2026-04-14T15:32:38.459391+00:00
a991f28e68b656a9852f79d8eb52e634,https://www.ipcinfo.org/fileadmin/user_upload/ipcinfo/docs/ipc_somalia_acute_food_insecurity_malnutrition_jan_jun2026_report.pdf,www.ipcinfo.org,,error,HTTPError: 403 Client Error: Forbidden for url: https://www.ipcinfo.org/fileadmin/user_upload/ipcinfo/docs/ipc_somalia_acute_food_insecurity_malnutrition_jan_jun2026_report.pdf,2026-04-13T21:23:28.884071+00:00,2026-04-14T15:32:36.541662+00:00
1ad1fde3e3c3cc0c7726d3402e00c7cf,https://www.ipcc-nggip.iges.or.jp/support/primer_2006gls.pdf,www.ipcc-nggip.iges.or.jp,,error,HTTPError: 404 Client Error: Not Found for url: https://www.ipcc-nggip.iges.or.jp/support/primer_2006gls.pdf,2026-04-13T21:23:28.884071+00:00,2026-04-14T15:32:23.194365+00:00
3d482575ed81c23ca1077a0cd5f5a994,https://www.imf.org/external/pubs/ft/gfs/manual/2014/gfsfinal.pdf,www.imf.org,,error,HTTPError: 403 Client Error: Forbidden for url: https://www.imf.org/external/pubs/ft/gfs/manual/2014/gfsfinal.pdf,2026-04-13T21:23:28.884071+00:00,2026-04-14T15:32:20.865688+00:00
bfe8a03bbd845150991cdd35826d1312,https://www.iarc.who.int/wp-content/uploads/2018/07/pr236_e.pdf,www.iarc.who.int,,error,HTTPError: 404 Client Error: Not Found for url: https://www.iarc.who.int/wp-content/uploads/2018/07/pr236_e.pdf,2026-04-13T21:23:28.884071+00:00,2026-04-14T15:32:18.684221+00:00
070889a649e6a22b9785f26e89e28ba3,https://www.iarc.who.int/wp-content/uploads/2018/07/monographvolume112-1.pdf,www.iarc.who.int,,error,HTTPError: 404 Client Error: Not Found for url: https://www.iarc.who.int/wp-content/uploads/2018/07/monographvolume112-1.pdf,2026-04-13T21:23:28.884071+00:00,2026-04-14T15:32:16.933919+00:00
d41dafd4ad18c860d2f557d9859edcd8,https://www.g20.org/content/dam/gtwenty/gtwenty_new/document/g20-new-delhi-leaders-declaration.pdf,www.g20.org,,error,HTTPError: 404 Client Error: Not Found for url: https://g20.org/content/dam/gtwenty/gtwenty_new/document/g20-new-delhi-leaders-declaration.pdf,2026-04-13T21:23:28.884071+00:00,2026-04-14T15:32:01.735402+00:00
6ecd87aae306000c96eb7c98bce60938,https://www.foodsystems4people.org/wp-content/uploads/2022/05/unfssanalysisreportmay2022_fs4p.pdf,www.foodsystems4people.org,,error,HTTPError: 404 Client Error: Not Found for url: https://foodsystems4people.org/wp-content/uploads/2022/05/unfssanalysisreportmay2022_fs4p.pdf,2026-04-13T21:23:28.884071+00:00,2026-04-14T15:31:57.876177+00:00
7b12ad7031904c0143d099003a3ba0ee,https://www.fao.org/aud/36713-0a2c33166ab2c1f75860dd81c812be901.pdf,www.fao.org,,error,"ConnectionError: ('Connection aborted.', ConnectionResetError(10054, 'Une connexion existante a dû être fermée par l’hôte distant', None, 10054, None))",2026-04-13T21:23:28.884071+00:00,2026-04-14T15:30:31.675360+00:00
7895bf3eb07f833b68048c39d8c2ce78,https://www.fao.org/3/cb9292en/cb9292en.pdf,www.fao.org,,error,"ConnectionError: ('Connection aborted.', RemoteDisconnected('Remote end closed connection without response'))",2026-04-13T21:23:28.884071+00:00,2026-04-14T15:29:22.394230+00:00
6e83bd066e1bfeff5b9a7197bb4c598f,https://www.fao.org/3/a-i5690e.pdf,www.fao.org,,error,ValueError: Not a PDF response (content-type=text/html; charset=utf-8),2026-04-13T21:23:28.884071+00:00,2026-04-14T15:21:31.542521+00:00
126640e08c22fb919f4d9a6f154f3a3c,https://www.extension.iastate.edu/ffed/wp-content/uploads/2018/04/iowafoodandfarmfacts-2018-1.pdf,www.extension.iastate.edu,,error,HTTPError: 404 Client Error: Not Found for url: https://www.extension.iastate.edu/ffed/wp-content/uploads/2018/04/iowafoodandfarmfacts-2018-1.pdf,2026-04-13T21:23:28.884071+00:00,2026-04-14T15:21:00.168115+00:00
bb8d6d8cb5d5f7e96315b2a2401c390f,https://www.env-health.org/wp-content/uploads/2018/08/august-2018-heal-generations-futures-pan-e-pan-de-chlorpyrifos-factsheet-web.pdf,www.env-health.org,,error,HTTPError: 404 Client Error: Not Found for url: https://www.env-health.org/wp-content/uploads/2018/08/august-2018-heal-generations-futures-pan-e-pan-de-chlorpyrifos-factsheet-web.pdf,2026-04-13T21:23:28.884071+00:00,2026-04-14T15:20:57.633515+00:00
6a93762f3bcdda9ab83cf2c7aa4f984a,https://www.corporateaccountability.org/wp-content/uploads/2017/05/cai_bonn2017_digital_final.pdf,www.corporateaccountability.org,,error,HTTPError: 404 Client Error: Not Found for url: https://corporateaccountability.org/wp-content/uploads/2017/05/cai_bonn2017_digital_final.pdf,2026-04-13T21:23:28.884071+00:00,2026-04-14T15:20:55.788395+00:00
302080df5e0a2afab5cd14fc414c9356,https://www.ciel.org/wp-content/uploads/2022/10/fossils-fertilizers-and-false-solutions.pdf,www.ciel.org,,error,HTTPError: 404 Client Error: Not Found for url: https://www.ciel.org/wp-content/uploads/2022/10/fossils-fertilizers-and-false-solutions.pdf,2026-04-13T21:23:28.884071+00:00,2026-04-14T15:20:51.975293+00:00
88d8d30ccdf43f0cd96365008caebd1f,https://www.fao.org/3/ca7735en/ca7735en.pdf,www.fao.org,,error,"ConnectionError: ('Connection aborted.', ConnectionResetError(10054, 'Une connexion existante a dû être fermée par l’hôte distant', None, 10054, None))",2026-04-13T21:23:28.884071+00:00,2026-04-14T15:20:21.717064+00:00
cd5826ef35929d3e880b462b1f0ae871,https://www.cdpr.ca.gov/wp-content/uploads/2024/10/spm_roadmap.pdf,www.cdpr.ca.gov,,error,"ChunkedEncodingError: (""Connection broken: ConnectionResetError(10054, 'Une connexion existante a dû être fermée par l’hôte distant', None, 10054, None)"", ConnectionResetError(10054, 'Une connexion existante a dû être fermée par l’hôte distant', None, 10054, None))",2026-04-13T21:23:28.884071+00:00,2026-04-14T15:20:20.457173+00:00
0e6d491058cd99100373c1137c6536c7,https://www.fao.org/3/ca7703en/ca7703en.pdf,www.fao.org,,error,"ChunkedEncodingError: (""Connection broken: ConnectionResetError(10054, 'Une connexion existante a dû être fermée par l’hôte distant', None, 10054, None)"", ConnectionResetError(10054, 'Une connexion existante a dû être fermée par l’hôte distant', None, 10054, None))",2026-04-13T21:23:28.884071+00:00,2026-04-14T15:20:20.142593+00:00
51c6e92a42c515269ab1797b501b04e5,https://www.cancerfreeeconomy.org/wp-content/uploads/2020/09/cfe_childhoodcancerprevention_report_f2.pdf,www.cancerfreeeconomy.org,,error,HTTPError: 404 Client Error: Not Found for url: https://www.cancerfreeeconomy.org/wp-content/uploads/2020/09/cfe_childhoodcancerprevention_report_f2.pdf,2026-04-13T21:23:28.884071+00:00,2026-04-14T13:40:39.319869+00:00
8e3156e487a77f47f335c60311bbb790,https://pan-international.org/wp-content/uploads/es-carta-al-da-bechdol-2022-11-nov-28.pdf,pan-international.org,,error,HTTPError: 404 Client Error: Not Found for url: https://pan-international.org/wp-content/uploads/es-carta-al-da-bechdol-2022-11-nov-28.pdf,2026-04-13T21:23:28.884071+00:00,2026-04-14T13:40:38.445260+00:00
84d3e4451cc416ce8f7805e83e65aab7,https://usrtk.org/wp-content/uploads/2021/02/february-2020-ustr-email-about-meeting-with-industry-and-push-to-fold-issue-into-usmca-certification.pdf,usrtk.org,,error,HTTPError: 404 Client Error: Not Found for url: https://usrtk.org/wp-content/uploads/2021/02/february-2020-ustr-email-about-meeting-with-industry-and-push-to-fold-issue-into-usmca-certification.pdf,2026-04-13T21:23:28.884071+00:00,2026-04-14T13:40:36.479034+00:00
ec629ccb8e1ab7dc861f0a550d3d6293,https://pan-international.org/wp-content/uploads/en-letter-to-da-bechdol-2022-11-nov-28.pdf,pan-international.org,,error,HTTPError: 404 Client Error: Not Found for url: https://pan-international.org/wp-content/uploads/en-letter-to-da-bechdol-2022-11-nov-28.pdf,2026-04-13T21:23:28.884071+00:00,2026-04-14T13:40:36.185492+00:00
6b11b31f17b192642c9ca6361cfe2164,https://usrtk.org/wp-content/uploads/2017/08/72-document-details-monsantos-strategy-regarding-iarc.pdf,usrtk.org,,error,HTTPError: 404 Client Error: Not Found for url: https://usrtk.org/wp-content/uploads/2017/08/72-document-details-monsantos-strategy-regarding-iarc.pdf,2026-04-13T21:23:28.884071+00:00,2026-04-14T13:40:34.721921+00:00
aed5102a5ffab51efd33a7e183fca27e,https://pan-international.org/wp-content/uploads/en-cso-letter-to-iccm5-re-hhps.pdf,pan-international.org,,error,HTTPError: 404 Client Error: Not Found for url: https://pan-international.org/wp-content/uploads/en-cso-letter-to-iccm5-re-hhps.pdf,2026-04-13T21:23:28.884071+00:00,2026-04-14T13:40:34.190074+00:00
b725e79a2c5f3ade7d530a0cfb666ab9,https://usrtk.org/wp-content/uploads/2017/06/dr.-aaron-blair-03.20.2017_redacted.pdf,usrtk.org,,error,HTTPError: 404 Client Error: Not Found for url: https://usrtk.org/wp-content/uploads/2017/06/dr.-aaron-blair-03.20.2017_redacted.pdf,2026-04-13T21:23:28.884071+00:00,2026-04-14T13:40:33.037070+00:00
c3b48af027618fa048ba30e756eaddcd,https://pan-international.org/wp-content/uploads/croplife-conflict-of-interest-briefing-to-fao-member-states-pan-and-partners.pdf,pan-international.org,,error,HTTPError: 404 Client Error: Not Found for url: https://pan-international.org/wp-content/uploads/croplife-conflict-of-interest-briefing-to-fao-member-states-pan-and-partners.pdf,2026-04-13T21:23:28.884071+00:00,2026-04-14T13:40:32.296087+00:00
5efb18c1900a0ac100336c55afff5e84,https://pan-india.org/wp-content/uploads/2025/04/non-chemical-alternatives-to-chlorpyrifos_pan-india_march-2025.pdf,pan-india.org,,error,HTTPError: 404 Client Error: Not Found for url: https://pan-india.org/wp-content/uploads/2025/04/non-chemical-alternatives-to-chlorpyrifos_pan-india_march-2025.pdf,2026-04-13T21:23:28.884071+00:00,2026-04-14T13:40:30.047311+00:00
4a05821dbc41ccf953d807d8bb6e029f,https://unfccc.int/sites/default/files/resource/AWARE_Initiative_at_COP27.pdf,unfccc.int,,error,"ConnectionError: ('Connection aborted.', RemoteDisconnected('Remote end closed connection without response'))",2026-04-13T21:23:28.884071+00:00,2026-04-14T13:39:32.115252+00:00
43e2e8ca47aa27bc822595ed9ed606f9,https://storage.googleapis.com/hih-resources/hih%20draft%20procedure%20for%20selection%20of%20countries%20feb%202025.pdf,storage.googleapis.com,,error,HTTPError: 404 Client Error: Not Found for url: https://storage.googleapis.com/hih-resources/hih%20draft%20procedure%20for%20selection%20of%20countries%20feb%202025.pdf,2026-04-13T21:23:28.884071+00:00,2026-04-14T13:39:11.868754+00:00
9a4318b20b3cb3fb8c14ea017042d1bd,https://storage.googleapis.com/hih-resources/communication%20materials/brochures/trifold%20brochure.pdf,storage.googleapis.com,,error,HTTPError: 404 Client Error: Not Found for url: https://storage.googleapis.com/hih-resources/communication%20materials/brochures/trifold%20brochure.pdf,2026-04-13T21:23:28.884071+00:00,2026-04-14T13:39:10.413004+00:00
31557139057b5fdb9399ee85f45752df,https://storage.googleapis.com/hih-resources/communication%20materials/brochures/brochure.pdf,storage.googleapis.com,,error,HTTPError: 404 Client Error: Not Found for url: https://storage.googleapis.com/hih-resources/communication%20materials/brochures/brochure.pdf,2026-04-13T21:23:28.884071+00:00,2026-04-14T13:39:09.026990+00:00
70464eb7e8d70e049e4c40a82119da5f,https://storage.googleapis.com/amis-9189b-strapi/amis_market_monitor_issue_137_a7ebc7f001/amis_market_monitor_issue_137_a7ebc7f001.pdf,storage.googleapis.com,,error,HTTPError: 404 Client Error: Not Found for url: https://storage.googleapis.com/amis-9189b-strapi/amis_market_monitor_issue_137_a7ebc7f001/amis_market_monitor_issue_137_a7ebc7f001.pdf,2026-04-13T21:23:28.884071+00:00,2026-04-14T13:39:07.659841+00:00
fe4f6b2b4e210784c1de47a6b7c4739b,https://storage.googleapis.com/amis-9189b-strapi/amis_market_monitor_issue_136_ee9446fb36/amis_market_monitor_issue_136_ee9446fb36.pdf,storage.googleapis.com,,error,HTTPError: 404 Client Error: Not Found for url: https://storage.googleapis.com/amis-9189b-strapi/amis_market_monitor_issue_136_ee9446fb36/amis_market_monitor_issue_136_ee9446fb36.pdf,2026-04-13T21:23:28.884071+00:00,2026-04-14T13:39:06.465253+00:00
aeb2c787940b2e086f95051872ba5d75,https://social.un.org/publications/un-flagship-report-disability-final.pdf,social.un.org,,error,HTTPError: 405 Client Error: Not Allowed for url: https://social.un.org/publications/un-flagship-report-disability-final.pdf,2026-04-13T21:23:28.884071+00:00,2026-04-14T13:39:05.168017+00:00
3d27c6b3790919bcffe4eb32f40f1638,https://practicalfarmers.org/wp-content/uploads/2018/10/labs022317.pdf,practicalfarmers.org,,error,HTTPError: 404 Client Error: Not Found for url: https://practicalfarmers.org/wp-content/uploads/2018/10/labs022317.pdf,2026-04-13T21:23:28.884071+00:00,2026-04-14T13:38:58.681796+00:00
7b353f68f154735b1748cf54ac51e2dc,https://practicalfarmers.b-cdn.net/wp-content/uploads/2018/10/idalssummary_1-14-14nn3.pdf,practicalfarmers.b-cdn.net,,error,HTTPError: 404 Client Error: Not Found for url: https://practicalfarmers.b-cdn.net/wp-content/uploads/2018/10/idalssummary_1-14-14nn3.pdf,2026-04-13T21:23:28.884071+00:00,2026-04-14T13:38:55.784052+00:00
80e37061057af7c7e440bda9eb5521c6,https://pesticidestorymap.com/wp-content/uploads/2025/10/designed-to-kill-who-profits-from-paraquat-october-2025-.pdf,pesticidestorymap.com,,error,HTTPError: 404 Client Error: Not Found for url: https://pesticidestorymap.com/wp-content/uploads/2025/10/designed-to-kill-who-profits-from-paraquat-october-2025-.pdf,2026-04-13T21:23:28.884071+00:00,2026-04-14T13:38:53.413479+00:00
7c16d8b812bc56dda3db1b2699fcfb6d,https://pan.neonrain.tv/wp-content/uploads/2018/09/nlc_narc_farm_bill_letter_august_2018.pdf,pan.neonrain.tv,,error,"ConnectionError: HTTPSConnectionPool(host='pan.neonrain.tv', port=443): Max retries exceeded with url: /wp-content/uploads/2018/09/nlc_narc_farm_bill_letter_august_2018.pdf (Caused by NameResolutionError(""HTTPSConnection(host='pan.neonrain.tv', port=443): Failed to resolve 'pan.neonrain.tv' ([Errno 11001] getaddrinfo failed)""))",2026-04-13T21:23:28.884071+00:00,2026-04-14T13:38:49.644540+00:00
2d116a554ef60e09be3405443df15eec,https://pan.neonrain.tv/wp-content/uploads/2018/09/2018-farm-bill-conference-committee-letter.pdf,pan.neonrain.tv,,error,"ConnectionError: HTTPSConnectionPool(host='pan.neonrain.tv', port=443): Max retries exceeded with url: /wp-content/uploads/2018/09/2018-farm-bill-conference-committee-letter.pdf (Caused by NameResolutionError(""HTTPSConnection(host='pan.neonrain.tv', port=443): Failed to resolve 'pan.neonrain.tv' ([Errno 11001] getaddrinfo failed)""))",2026-04-13T21:23:28.884071+00:00,2026-04-14T13:38:49.345565+00:00
3ec427b211321f07dafd87146e005d94,https://pan.neonrain.tv/wp-content/uploads/2017/04/motion-for-further-relief-4-5-17.pdf,pan.neonrain.tv,,error,"ConnectionError: HTTPSConnectionPool(host='pan.neonrain.tv', port=443): Max retries exceeded with url: /wp-content/uploads/2017/04/motion-for-further-relief-4-5-17.pdf (Caused by NameResolutionError(""HTTPSConnection(host='pan.neonrain.tv', port=443): Failed to resolve 'pan.neonrain.tv' ([Errno 11001] getaddrinfo failed)""))",2026-04-13T21:23:28.884071+00:00,2026-04-14T13:38:49.113528+00:00
e765563856de95ec0b2a77b1d4cdfb8a,https://pan.neonrain.tv/wp-content/uploads/2017/01/petition-for-review_filed.pdf,pan.neonrain.tv,,error,"ConnectionError: HTTPSConnectionPool(host='pan.neonrain.tv', port=443): Max retries exceeded with url: /wp-content/uploads/2017/01/petition-for-review_filed.pdf (Caused by NameResolutionError(""HTTPSConnection(host='pan.neonrain.tv', port=443): Failed to resolve 'pan.neonrain.tv' ([Errno 11001] getaddrinfo failed)""))",2026-04-13T21:23:28.884071+00:00,2026-04-14T13:38:48.881557+00:00
a11b7e975d81d55e592678de1948b761,https://pan.neonrain.tv/wp-content/uploads/2015/05/stoeckel-et-al-2012.pdf,pan.neonrain.tv,,error,"ConnectionError: HTTPSConnectionPool(host='pan.neonrain.tv', port=443): Max retries exceeded with url: /wp-content/uploads/2015/05/stoeckel-et-al-2012.pdf (Caused by NameResolutionError(""HTTPSConnection(host='pan.neonrain.tv', port=443): Failed to resolve 'pan.neonrain.tv' ([Errno 11001] getaddrinfo failed)""))",2026-04-13T21:23:28.884071+00:00,2026-04-14T13:38:48.643027+00:00
6ae88a3c3a686d730ee1db9b4df46639,https://pan.neonrain.tv/wp-content/uploads/2015/04/unep-pops-cop.7-5.english.pdf,pan.neonrain.tv,,error,"ConnectionError: HTTPSConnectionPool(host='pan.neonrain.tv', port=443): Max retries exceeded with url: /wp-content/uploads/2015/04/unep-pops-cop.7-5.english.pdf (Caused by NameResolutionError(""HTTPSConnection(host='pan.neonrain.tv', port=443): Failed to resolve 'pan.neonrain.tv' ([Errno 11001] getaddrinfo failed)""))",2026-04-13T21:23:28.884071+00:00,2026-04-14T13:38:47.947527+00:00
59d29eb00c8eedaab2a2495f4fadbc4d,https://pan.neonrain.tv/wp-content/uploads/2014/06/ld02a001.pdf,pan.neonrain.tv,,error,"ConnectionError: HTTPSConnectionPool(host='pan.neonrain.tv', port=443): Max retries exceeded with url: /wp-content/uploads/2014/06/ld02a001.pdf (Caused by NameResolutionError(""HTTPSConnection(host='pan.neonrain.tv', port=443): Failed to resolve 'pan.neonrain.tv' ([Errno 11001] getaddrinfo failed)""))",2026-04-13T21:23:28.884071+00:00,2026-04-14T13:38:47.726538+00:00
dd71c41721569b6e6bcd64499c7e6125,https://pan.neonrain.tv/wp-content/uploads/2012/05/badgley.pdf,pan.neonrain.tv,,error,"ConnectionError: HTTPSConnectionPool(host='pan.neonrain.tv', port=443): Max retries exceeded with url: /wp-content/uploads/2012/05/badgley.pdf (Caused by NameResolutionError(""HTTPSConnection(host='pan.neonrain.tv', port=443): Failed to resolve 'pan.neonrain.tv' ([Errno 11001] getaddrinfo failed)""))",2026-04-13T21:23:28.884071+00:00,2026-04-14T13:38:47.454811+00:00
dfea0f4f26e17764e40a683b1596e23c,https://pan.neonrain.tv/wp-content/uploads/2012/04/usda-acreage-2011.pdf,pan.neonrain.tv,,error,"ConnectionError: HTTPSConnectionPool(host='pan.neonrain.tv', port=443): Max retries exceeded with url: /wp-content/uploads/2012/04/usda-acreage-2011.pdf (Caused by NameResolutionError(""HTTPSConnection(host='pan.neonrain.tv', port=443): Failed to resolve 'pan.neonrain.tv' ([Errno 11001] getaddrinfo failed)""))",2026-04-13T21:23:28.884071+00:00,2026-04-14T13:38:47.198264+00:00
418736ba303766bfc0f5731dfbc34b9f,https://pan.neonrain.tv/wp-content/uploads/2012/04/ppt-executive-summary.pdf,pan.neonrain.tv,,error,"ConnectionError: HTTPSConnectionPool(host='pan.neonrain.tv', port=443): Max retries exceeded with url: /wp-content/uploads/2012/04/ppt-executive-summary.pdf (Caused by NameResolutionError(""HTTPSConnection(host='pan.neonrain.tv', port=443): Failed to resolve 'pan.neonrain.tv' ([Errno 11001] getaddrinfo failed)""))",2026-04-13T21:23:28.884071+00:00,2026-04-14T13:38:46.981769+00:00
246597c791a4ce0703ba3092bff25954,https://pan.neonrain.tv/wp-content/uploads/2012/04/iwasa_mechanism-for-the-differential-toxicity-of-neonicotinoid-insecticides-in-the-honey-bee_0.pdf,pan.neonrain.tv,,error,"ConnectionError: HTTPSConnectionPool(host='pan.neonrain.tv', port=443): Max retries exceeded with url: /wp-content/uploads/2012/04/iwasa_mechanism-for-the-differential-toxicity-of-neonicotinoid-insecticides-in-the-honey-bee_0.pdf (Caused by NameResolutionError(""HTTPSConnection(host='pan.neonrain.tv', port=443): Failed to resolve 'pan.neonrain.tv' ([Errno 11001] getaddrinfo failed)""))",2026-04-13T21:23:28.884071+00:00,2026-04-14T13:38:46.753301+00:00
64e6760af871b1eee8c82fdadd9cbe56,https://pan.neonrain.tv/wp-content/uploads/2012/04/ddttruthsheetapr2012final.pdf,pan.neonrain.tv,,error,"ConnectionError: HTTPSConnectionPool(host='pan.neonrain.tv', port=443): Max retries exceeded with url: /wp-content/uploads/2012/04/ddttruthsheetapr2012final.pdf (Caused by NameResolutionError(""HTTPSConnection(host='pan.neonrain.tv', port=443): Failed to resolve 'pan.neonrain.tv' ([Errno 11001] getaddrinfo failed)""))",2026-04-13T21:23:28.884071+00:00,2026-04-14T13:38:46.520788+00:00
32d277c5e26f41a5f3f502057c6c4fde,https://pan.neonrain.tv/wp-content/uploads/2012/04/benbrooklecture_systemics_0.pdf,pan.neonrain.tv,,error,"ConnectionError: HTTPSConnectionPool(host='pan.neonrain.tv', port=443): Max retries exceeded with url: /wp-content/uploads/2012/04/benbrooklecture_systemics_0.pdf (Caused by NameResolutionError(""HTTPSConnection(host='pan.neonrain.tv', port=443): Failed to resolve 'pan.neonrain.tv' ([Errno 11001] getaddrinfo failed)""))",2026-04-13T21:23:28.884071+00:00,2026-04-14T13:38:46.285263+00:00
d5695eb8ceacc549d04d9b63056685ce,https://pan.neonrain.tv/wp-content/uploads/2012/03/krupke_journal.pone_.0029268_0.pdf,pan.neonrain.tv,,error,"ConnectionError: HTTPSConnectionPool(host='pan.neonrain.tv', port=443): Max retries exceeded with url: /wp-content/uploads/2012/03/krupke_journal.pone_.0029268_0.pdf (Caused by NameResolutionError(""HTTPSConnection(host='pan.neonrain.tv', port=443): Failed to resolve 'pan.neonrain.tv' ([Errno 11001] getaddrinfo failed)""))",2026-04-13T21:23:28.884071+00:00,2026-04-14T13:38:45.926294+00:00
2b0ff9c582af527477cbb6a8be81650c,https://pan.neonrain.tv/wp-content/uploads/2012/03/iwasa-et-al-cp-23-2004-371-neonic-tox-in-bee.pdf,pan.neonrain.tv,,error,"ConnectionError: HTTPSConnectionPool(host='pan.neonrain.tv', port=443): Max retries exceeded with url: /wp-content/uploads/2012/03/iwasa-et-al-cp-23-2004-371-neonic-tox-in-bee.pdf (Caused by NameResolutionError(""HTTPSConnection(host='pan.neonrain.tv', port=443): Failed to resolve 'pan.neonrain.tv' ([Errno 11001] getaddrinfo failed)""))",2026-04-13T21:23:28.884071+00:00,2026-04-14T13:38:45.533317+00:00
60ddc5b1327fd21ccdeb0cd4f5fddb21,https://pan.neonrain.tv/wp-content/uploads/2012/03/fj-letter-re-budget-cuts-to-agricultural-programs.pdf,pan.neonrain.tv,,error,"ConnectionError: HTTPSConnectionPool(host='pan.neonrain.tv', port=443): Max retries exceeded with url: /wp-content/uploads/2012/03/fj-letter-re-budget-cuts-to-agricultural-programs.pdf (Caused by NameResolutionError(""HTTPSConnection(host='pan.neonrain.tv', port=443): Failed to resolve 'pan.neonrain.tv' ([Errno 11001] getaddrinfo failed)""))",2026-04-13T21:23:28.884071+00:00,2026-04-14T13:38:45.040361+00:00
4d1dc2d3d3bca61c100380099d836c4e,https://pan.neonrain.tv/wp-content/uploads/2012/03/cfs-clothianidin-petition-3-20-12.pdf,pan.neonrain.tv,,error,"ConnectionError: HTTPSConnectionPool(host='pan.neonrain.tv', port=443): Max retries exceeded with url: /wp-content/uploads/2012/03/cfs-clothianidin-petition-3-20-12.pdf (Caused by NameResolutionError(""HTTPSConnection(host='pan.neonrain.tv', port=443): Failed to resolve 'pan.neonrain.tv' ([Errno 11001] getaddrinfo failed)""))",2026-04-13T21:23:28.884071+00:00,2026-04-14T13:38:44.801482+00:00
8929891905c0294470ad01bba443285a,https://pan.neonrain.tv/wp-content/uploads/2012/03/beespesticides_sos_final_may2012.pdf,pan.neonrain.tv,,error,"ConnectionError: HTTPSConnectionPool(host='pan.neonrain.tv', port=443): Max retries exceeded with url: /wp-content/uploads/2012/03/beespesticides_sos_final_may2012.pdf (Caused by NameResolutionError(""HTTPSConnection(host='pan.neonrain.tv', port=443): Failed to resolve 'pan.neonrain.tv' ([Errno 11001] getaddrinfo failed)""))",2026-04-13T21:23:28.884071+00:00,2026-04-14T13:38:44.570065+00:00
983b57bb403c81e6ec288e6559651660,https://pan.neonrain.tv/wp-content/uploads/2012/03/alaux_nosema-and-neonic-interactions_0.pdf,pan.neonrain.tv,,error,"ConnectionError: HTTPSConnectionPool(host='pan.neonrain.tv', port=443): Max retries exceeded with url: /wp-content/uploads/2012/03/alaux_nosema-and-neonic-interactions_0.pdf (Caused by NameResolutionError(""HTTPSConnection(host='pan.neonrain.tv', port=443): Failed to resolve 'pan.neonrain.tv' ([Errno 11001] getaddrinfo failed)""))",2026-04-13T21:23:28.884071+00:00,2026-04-14T13:38:44.333771+00:00
baf727821bfa6fa97e1769ccd2280aa6,https://pan.neonrain.tv/wp-content/uploads/2012/02/ejcomments_epa-hq-opp-2010-0541_0.pdf,pan.neonrain.tv,,error,"ConnectionError: HTTPSConnectionPool(host='pan.neonrain.tv', port=443): Max retries exceeded with url: /wp-content/uploads/2012/02/ejcomments_epa-hq-opp-2010-0541_0.pdf (Caused by NameResolutionError(""HTTPSConnection(host='pan.neonrain.tv', port=443): Failed to resolve 'pan.neonrain.tv' ([Errno 11001] getaddrinfo failed)""))",2026-04-13T21:23:28.884071+00:00,2026-04-14T13:38:44.102253+00:00
cdf577083821f617308e1f6a1b61521d,https://pan.neonrain.tv/wp-content/uploads/2012/02/atrazinehealth_0.pdf,pan.neonrain.tv,,error,"ConnectionError: HTTPSConnectionPool(host='pan.neonrain.tv', port=443): Max retries exceeded with url: /wp-content/uploads/2012/02/atrazinehealth_0.pdf (Caused by NameResolutionError(""HTTPSConnection(host='pan.neonrain.tv', port=443): Failed to resolve 'pan.neonrain.tv' ([Errno 11001] getaddrinfo failed)""))",2026-04-13T21:23:28.884071+00:00,2026-04-14T13:38:43.853280+00:00
445f66b32bfaba71b1f799278f99bc54,https://pan.neonrain.tv/wp-content/uploads/2012/01/mei-lawsuit-factsheetfinal.pdf,pan.neonrain.tv,,error,"ConnectionError: HTTPSConnectionPool(host='pan.neonrain.tv', port=443): Max retries exceeded with url: /wp-content/uploads/2012/01/mei-lawsuit-factsheetfinal.pdf (Caused by NameResolutionError(""HTTPSConnection(host='pan.neonrain.tv', port=443): Failed to resolve 'pan.neonrain.tv' ([Errno 11001] getaddrinfo failed)""))",2026-04-13T21:23:28.884071+00:00,2026-04-14T13:38:43.137294+00:00
4b72e755010721a45966ea2f099e4d89,https://pan.neonrain.tv/wp-content/uploads/2012/01/krupke_journal.pone_.0029268.pdf,pan.neonrain.tv,,error,"ConnectionError: HTTPSConnectionPool(host='pan.neonrain.tv', port=443): Max retries exceeded with url: /wp-content/uploads/2012/01/krupke_journal.pone_.0029268.pdf (Caused by NameResolutionError(""HTTPSConnection(host='pan.neonrain.tv', port=443): Failed to resolve 'pan.neonrain.tv' ([Errno 11001] getaddrinfo failed)""))",2026-04-13T21:23:28.884071+00:00,2026-04-14T13:38:42.905300+00:00
68a32b0cf915a63d816421d9f5fa1ae6,https://pan.neonrain.tv/wp-content/uploads/2012/01/24d_0804.pdf,pan.neonrain.tv,,error,"ConnectionError: HTTPSConnectionPool(host='pan.neonrain.tv', port=443): Max retries exceeded with url: /wp-content/uploads/2012/01/24d_0804.pdf (Caused by NameResolutionError(""HTTPSConnection(host='pan.neonrain.tv', port=443): Failed to resolve 'pan.neonrain.tv' ([Errno 11001] getaddrinfo failed)""))",2026-04-13T21:23:28.884071+00:00,2026-04-14T13:38:42.670281+00:00
8412d77d9156174bb72bb5869f4cab88,https://pan.neonrain.tv/wp-content/uploads/2012/01/24d-factsheet.pdf,pan.neonrain.tv,,error,"ConnectionError: HTTPSConnectionPool(host='pan.neonrain.tv', port=443): Max retries exceeded with url: /wp-content/uploads/2012/01/24d-factsheet.pdf (Caused by NameResolutionError(""HTTPSConnection(host='pan.neonrain.tv', port=443): Failed to resolve 'pan.neonrain.tv' ([Errno 11001] getaddrinfo failed)""))",2026-04-13T21:23:28.884071+00:00,2026-04-14T13:38:42.426285+00:00
4d4bfcf2d1ee045d6ee07771d35b01df,https://pan.neonrain.tv/wp-content/uploads/2011/11/november15becerraletterfinal.pdf,pan.neonrain.tv,,error,"ConnectionError: HTTPSConnectionPool(host='pan.neonrain.tv', port=443): Max retries exceeded with url: /wp-content/uploads/2011/11/november15becerraletterfinal.pdf (Caused by NameResolutionError(""HTTPSConnection(host='pan.neonrain.tv', port=443): Failed to resolve 'pan.neonrain.tv' ([Errno 11001] getaddrinfo failed)""))",2026-04-13T21:23:28.884071+00:00,2026-04-14T13:38:42.189524+00:00
0a95aa3be7ed3e8017a44a892450a189,https://pan.neonrain.tv/wp-content/uploads/2011/11/california-state-grange-resolution.pdf,pan.neonrain.tv,,error,"ConnectionError: HTTPSConnectionPool(host='pan.neonrain.tv', port=443): Max retries exceeded with url: /wp-content/uploads/2011/11/california-state-grange-resolution.pdf (Caused by NameResolutionError(""HTTPSConnection(host='pan.neonrain.tv', port=443): Failed to resolve 'pan.neonrain.tv' ([Errno 11001] getaddrinfo failed)""))",2026-04-13T21:23:28.884071+00:00,2026-04-14T13:38:41.952091+00:00
93ef54eb73aa48fe19156d5301c632ff,https://pan.neonrain.tv/wp-content/uploads/2011/10/gmoemperorhasnoclothes.pdf,pan.neonrain.tv,,error,"ConnectionError: HTTPSConnectionPool(host='pan.neonrain.tv', port=443): Max retries exceeded with url: /wp-content/uploads/2011/10/gmoemperorhasnoclothes.pdf (Caused by NameResolutionError(""HTTPSConnection(host='pan.neonrain.tv', port=443): Failed to resolve 'pan.neonrain.tv' ([Errno 11001] getaddrinfo failed)""))",2026-04-13T21:23:28.884071+00:00,2026-04-14T13:38:41.705710+00:00
aceca973b1ac292e8773000c01d89647,https://pan.neonrain.tv/wp-content/uploads/2011/10/chlorpyrifos_hcp_oct-6-2011.pdf,pan.neonrain.tv,,error,"ConnectionError: HTTPSConnectionPool(host='pan.neonrain.tv', port=443): Max retries exceeded with url: /wp-content/uploads/2011/10/chlorpyrifos_hcp_oct-6-2011.pdf (Caused by NameResolutionError(""HTTPSConnection(host='pan.neonrain.tv', port=443): Failed to resolve 'pan.neonrain.tv' ([Errno 11001] getaddrinfo failed)""))",2026-04-13T21:23:28.884071+00:00,2026-04-14T13:38:41.469559+00:00
410c43b07c1e13d2b4a122cacbffee0b,https://pan.neonrain.tv/wp-content/uploads/2011/10/070810sisquocsummary.pdf,pan.neonrain.tv,,error,"ConnectionError: HTTPSConnectionPool(host='pan.neonrain.tv', port=443): Max retries exceeded with url: /wp-content/uploads/2011/10/070810sisquocsummary.pdf (Caused by NameResolutionError(""HTTPSConnection(host='pan.neonrain.tv', port=443): Failed to resolve 'pan.neonrain.tv' ([Errno 11001] getaddrinfo failed)""))",2026-04-13T21:23:28.884071+00:00,2026-04-14T13:38:41.035088+00:00
ae868927e8e5ee24ea00332131bedd59,https://kirkwoodpubliclibrary.org/wp-content/uploads/2020/10/blackout-poetry-instructions.pdf,kirkwoodpubliclibrary.org,,error,"ConnectTimeout: HTTPSConnectionPool(host='kirkwoodpubliclibrary.org', port=443): Max retries exceeded with url: /wp-content/uploads/2020/10/blackout-poetry-instructions.pdf (Caused by ConnectTimeoutError(<HTTPSConnection(host='kirkwoodpubliclibrary.org', port=443) at 0x28f556ca990>, 'Connection to kirkwoodpubliclibrary.org timed out. (connect timeout=30)'))",2026-04-13T21:23:28.884071+00:00,2026-04-14T13:38:40.856024+00:00
578472454f930ac694a9f858bbf14c22,https://pan.neonrain.tv/wp-content/uploads/2011/09/glyph-rev-plan-dec09.pdf,pan.neonrain.tv,,error,"ConnectionError: HTTPSConnectionPool(host='pan.neonrain.tv', port=443): Max retries exceeded with url: /wp-content/uploads/2011/09/glyph-rev-plan-dec09.pdf (Caused by NameResolutionError(""HTTPSConnection(host='pan.neonrain.tv', port=443): Failed to resolve 'pan.neonrain.tv' ([Errno 11001] getaddrinfo failed)""))",2026-04-13T21:23:28.884071+00:00,2026-04-14T13:38:40.736995+00:00
12bfefda1035563d609392a2a24fcbe6,https://pan.neonrain.tv/wp-content/uploads/2011/09/ejcomments_epa-hq-opp-2010-0541.pdf,pan.neonrain.tv,,error,"ConnectionError: HTTPSConnectionPool(host='pan.neonrain.tv', port=443): Max retries exceeded with url: /wp-content/uploads/2011/09/ejcomments_epa-hq-opp-2010-0541.pdf (Caused by NameResolutionError(""HTTPSConnection(host='pan.neonrain.tv', port=443): Failed to resolve 'pan.neonrain.tv' ([Errno 11001] getaddrinfo failed)""))",2026-04-13T21:23:28.884071+00:00,2026-04-14T13:38:40.308534+00:00
b2e293c826972dd12751fccbdf66471e,https://pan.neonrain.tv/wp-content/uploads/2011/09/angelita-settlement-agreement-signed.pdf,pan.neonrain.tv,,error,"ConnectionError: HTTPSConnectionPool(host='pan.neonrain.tv', port=443): Max retries exceeded with url: /wp-content/uploads/2011/09/angelita-settlement-agreement-signed.pdf (Caused by NameResolutionError(""HTTPSConnection(host='pan.neonrain.tv', port=443): Failed to resolve 'pan.neonrain.tv' ([Errno 11001] getaddrinfo failed)""))",2026-04-13T21:23:28.884071+00:00,2026-04-14T13:38:40.060201+00:00
4bd7b8543542307a813ba75ca5d208ed,https://pan.neonrain.tv/wp-content/uploads/2011/08/pcp_report_08-09_508.pdf,pan.neonrain.tv,,error,"ConnectionError: HTTPSConnectionPool(host='pan.neonrain.tv', port=443): Max retries exceeded with url: /wp-content/uploads/2011/08/pcp_report_08-09_508.pdf (Caused by NameResolutionError(""HTTPSConnection(host='pan.neonrain.tv', port=443): Failed to resolve 'pan.neonrain.tv' ([Errno 11001] getaddrinfo failed)""))",2026-04-13T21:23:28.884071+00:00,2026-04-14T13:38:39.819585+00:00
d48d9cdf30a214818537f1485facbf5c,https://pan.neonrain.tv/wp-content/uploads/2011/08/farmersletternopfinal08.12.11.pdf,pan.neonrain.tv,,error,"ConnectionError: HTTPSConnectionPool(host='pan.neonrain.tv', port=443): Max retries exceeded with url: /wp-content/uploads/2011/08/farmersletternopfinal08.12.11.pdf (Caused by NameResolutionError(""HTTPSConnection(host='pan.neonrain.tv', port=443): Failed to resolve 'pan.neonrain.tv' ([Errno 11001] getaddrinfo failed)""))",2026-04-13T21:23:28.884071+00:00,2026-04-14T13:38:39.575237+00:00
1f132e9afcb1182fb7d12529e1e805d6,https://pan.neonrain.tv/wp-content/uploads/2011/07/methylodide-letter-to-gov-with-signatures.pdf,pan.neonrain.tv,,error,"ConnectionError: HTTPSConnectionPool(host='pan.neonrain.tv', port=443): Max retries exceeded with url: /wp-content/uploads/2011/07/methylodide-letter-to-gov-with-signatures.pdf (Caused by NameResolutionError(""HTTPSConnection(host='pan.neonrain.tv', port=443): Failed to resolve 'pan.neonrain.tv' ([Errno 11001] getaddrinfo failed)""))",2026-04-13T21:23:28.884071+00:00,2026-04-14T13:38:39.304268+00:00
026e4610df615d002d194d28e2332d18,https://pan.neonrain.tv/wp-content/uploads/2011/06/pesticides-sign-on-letterfinal.pdf,pan.neonrain.tv,,error,"ConnectionError: HTTPSConnectionPool(host='pan.neonrain.tv', port=443): Max retries exceeded with url: /wp-content/uploads/2011/06/pesticides-sign-on-letterfinal.pdf (Caused by NameResolutionError(""HTTPSConnection(host='pan.neonrain.tv', port=443): Failed to resolve 'pan.neonrain.tv' ([Errno 11001] getaddrinfo failed)""))",2026-04-13T21:23:28.884071+00:00,2026-04-14T13:38:39.072961+00:00
f0476b923311c0262dfada8d1a4b757a,https://pan.neonrain.tv/wp-content/uploads/2011/06/calvert.ag-wrkrpoisoning2008.pdf,pan.neonrain.tv,,error,"ConnectionError: HTTPSConnectionPool(host='pan.neonrain.tv', port=443): Max retries exceeded with url: /wp-content/uploads/2011/06/calvert.ag-wrkrpoisoning2008.pdf (Caused by NameResolutionError(""HTTPSConnection(host='pan.neonrain.tv', port=443): Failed to resolve 'pan.neonrain.tv' ([Errno 11001] getaddrinfo failed)""))",2026-04-13T21:23:28.884071+00:00,2026-04-14T13:38:27.757036+00:00
a02c0fde9010f4251bbfebc2068e22fa,https://pan.neonrain.tv/wp-content/uploads/2011/05/presidentscancerpanel.pdf,pan.neonrain.tv,,error,"ConnectionError: HTTPSConnectionPool(host='pan.neonrain.tv', port=443): Max retries exceeded with url: /wp-content/uploads/2011/05/presidentscancerpanel.pdf (Caused by NameResolutionError(""HTTPSConnection(host='pan.neonrain.tv', port=443): Failed to resolve 'pan.neonrain.tv' ([Errno 11001] getaddrinfo failed)""))",2026-04-13T21:23:28.884071+00:00,2026-04-14T13:38:27.512483+00:00
8cbd65cac49a7d2dcf7117812b1d0b12,https://pan.neonrain.tv/wp-content/uploads/2011/04/monning-letter-to-usepa-re_-registration-of-methyl-iodide.pdf,pan.neonrain.tv,,error,"ConnectionError: HTTPSConnectionPool(host='pan.neonrain.tv', port=443): Max retries exceeded with url: /wp-content/uploads/2011/04/monning-letter-to-usepa-re_-registration-of-methyl-iodide.pdf (Caused by NameResolutionError(""HTTPSConnection(host='pan.neonrain.tv', port=443): Failed to resolve 'pan.neonrain.tv' ([Errno 11001] getaddrinfo failed)""))",2026-04-13T21:23:28.884071+00:00,2026-04-14T13:38:27.286023+00:00
8a5764da211f424e5b7360eab47b687c,https://pan.neonrain.tv/wp-content/uploads/2011/03/methyliodidepetition.pdf,pan.neonrain.tv,,error,"ConnectionError: HTTPSConnectionPool(host='pan.neonrain.tv', port=443): Max retries exceeded with url: /wp-content/uploads/2011/03/methyliodidepetition.pdf (Caused by NameResolutionError(""HTTPSConnection(host='pan.neonrain.tv', port=443): Failed to resolve 'pan.neonrain.tv' ([Errno 11001] getaddrinfo failed)""))",2026-04-13T21:23:28.884071+00:00,2026-04-14T13:38:27.060034+00:00
011251317741efc469eb2560cb73b700,https://pan.neonrain.tv/wp-content/uploads/2011/02/peer_review_reportfeb2010.pdf,pan.neonrain.tv,,error,"ConnectionError: HTTPSConnectionPool(host='pan.neonrain.tv', port=443): Max retries exceeded with url: /wp-content/uploads/2011/02/peer_review_reportfeb2010.pdf (Caused by NameResolutionError(""HTTPSConnection(host='pan.neonrain.tv', port=443): Failed to resolve 'pan.neonrain.tv' ([Errno 11001] getaddrinfo failed)""))",2026-04-13T21:23:28.884071+00:00,2026-04-14T13:38:26.183325+00:00
9d53a345001ce7f7836212877073f1c8,https://pan.neonrain.tv/wp-content/uploads/2011/02/epa_clothianidinresponse.pdf,pan.neonrain.tv,,error,"ConnectionError: HTTPSConnectionPool(host='pan.neonrain.tv', port=443): Max retries exceeded with url: /wp-content/uploads/2011/02/epa_clothianidinresponse.pdf (Caused by NameResolutionError(""HTTPSConnection(host='pan.neonrain.tv', port=443): Failed to resolve 'pan.neonrain.tv' ([Errno 11001] getaddrinfo failed)""))",2026-04-13T21:23:28.884071+00:00,2026-04-14T13:38:25.961272+00:00
07d8373cf0ba08e80dfd08cf7e241aa0,https://pan.neonrain.tv/wp-content/uploads/2011/02/calvert.agwrkrpoisoning2008.pdf,pan.neonrain.tv,,error,"ConnectionError: HTTPSConnectionPool(host='pan.neonrain.tv', port=443): Max retries exceeded with url: /wp-content/uploads/2011/02/calvert.agwrkrpoisoning2008.pdf (Caused by NameResolutionError(""HTTPSConnection(host='pan.neonrain.tv', port=443): Failed to resolve 'pan.neonrain.tv' ([Errno 11001] getaddrinfo failed)""))",2026-04-13T21:23:28.884071+00:00,2026-04-14T13:38:25.722225+00:00
730ea1f9a0c61421d6bef25b08e13aa5,https://pan.neonrain.tv/wp-content/uploads/2011/01/mei-lawsuit-factsheet.pdf,pan.neonrain.tv,,error,"ConnectionError: HTTPSConnectionPool(host='pan.neonrain.tv', port=443): Max retries exceeded with url: /wp-content/uploads/2011/01/mei-lawsuit-factsheet.pdf (Caused by NameResolutionError(""HTTPSConnection(host='pan.neonrain.tv', port=443): Failed to resolve 'pan.neonrain.tv' ([Errno 11001] getaddrinfo failed)""))",2026-04-13T21:23:28.884071+00:00,2026-04-14T13:38:25.479291+00:00
bd0919b55ebb768c2d1a927abfa31cca,https://pan.neonrain.tv/wp-content/uploads/2011/01/living-in-the-shadow-of-the-worlds-next-bhopal.pdf,pan.neonrain.tv,,error,"ConnectionError: HTTPSConnectionPool(host='pan.neonrain.tv', port=443): Max retries exceeded with url: /wp-content/uploads/2011/01/living-in-the-shadow-of-the-worlds-next-bhopal.pdf (Caused by NameResolutionError(""HTTPSConnection(host='pan.neonrain.tv', port=443): Failed to resolve 'pan.neonrain.tv' ([Errno 11001] getaddrinfo failed)""))",2026-04-13T21:23:28.884071+00:00,2026-04-14T13:38:25.254313+00:00
00a52f5200dd921cea604f71f81fc942,https://pan.neonrain.tv/wp-content/uploads/2011/01/gmobrieffinal_2.pdf,pan.neonrain.tv,,error,"ConnectionError: HTTPSConnectionPool(host='pan.neonrain.tv', port=443): Max retries exceeded with url: /wp-content/uploads/2011/01/gmobrieffinal_2.pdf (Caused by NameResolutionError(""HTTPSConnection(host='pan.neonrain.tv', port=443): Failed to resolve 'pan.neonrain.tv' ([Errno 11001] getaddrinfo failed)""))",2026-04-13T21:23:28.884071+00:00,2026-04-14T13:38:25.031278+00:00
17a721b122c089e4e4d769cd916c69ed,https://pan.neonrain.tv/wp-content/uploads/2011/01/agroecobrieffinalsmall.pdf,pan.neonrain.tv,,error,"ConnectionError: HTTPSConnectionPool(host='pan.neonrain.tv', port=443): Max retries exceeded with url: /wp-content/uploads/2011/01/agroecobrieffinalsmall.pdf (Caused by NameResolutionError(""HTTPSConnection(host='pan.neonrain.tv', port=443): Failed to resolve 'pan.neonrain.tv' ([Errno 11001] getaddrinfo failed)""))",2026-04-13T21:23:28.884071+00:00,2026-04-14T13:38:24.803813+00:00
d02bc3d475c999b851d385a64803e9ad,https://pan.neonrain.tv/wp-content/uploads/2010/12/sowingpoisongrowinghunger_2ndedition.pdf,pan.neonrain.tv,,error,"ConnectionError: HTTPSConnectionPool(host='pan.neonrain.tv', port=443): Max retries exceeded with url: /wp-content/uploads/2010/12/sowingpoisongrowinghunger_2ndedition.pdf (Caused by NameResolutionError(""HTTPSConnection(host='pan.neonrain.tv', port=443): Failed to resolve 'pan.neonrain.tv' ([Errno 11001] getaddrinfo failed)""))",2026-04-13T21:23:28.884071+00:00,2026-04-14T13:38:24.564436+00:00
6732b58a37b76843d6b87c8a516832ae,https://pan.neonrain.tv/wp-content/uploads/2010/12/memo_nov2010_clothianidin_0.pdf,pan.neonrain.tv,,error,"ConnectionError: HTTPSConnectionPool(host='pan.neonrain.tv', port=443): Max retries exceeded with url: /wp-content/uploads/2010/12/memo_nov2010_clothianidin_0.pdf (Caused by NameResolutionError(""HTTPSConnection(host='pan.neonrain.tv', port=443): Failed to resolve 'pan.neonrain.tv' ([Errno 11001] getaddrinfo failed)""))",2026-04-13T21:23:28.884071+00:00,2026-04-14T13:38:24.333005+00:00
ca65853e31afc36f9791dc7771b1c47f,https://pan.neonrain.tv/wp-content/uploads/2010/12/clothianidinccd_backgrounder.pdf,pan.neonrain.tv,,error,"ConnectionError: HTTPSConnectionPool(host='pan.neonrain.tv', port=443): Max retries exceeded with url: /wp-content/uploads/2010/12/clothianidinccd_backgrounder.pdf (Caused by NameResolutionError(""HTTPSConnection(host='pan.neonrain.tv', port=443): Failed to resolve 'pan.neonrain.tv' ([Errno 11001] getaddrinfo failed)""))",2026-04-13T21:23:28.884071+00:00,2026-04-14T13:38:24.100078+00:00
a34f84e1a80ef340f820c871e7964902,https://pan.neonrain.tv/wp-content/uploads/2010/11/whos-promoting-ddt.pdf,pan.neonrain.tv,,error,"ConnectionError: HTTPSConnectionPool(host='pan.neonrain.tv', port=443): Max retries exceeded with url: /wp-content/uploads/2010/11/whos-promoting-ddt.pdf (Caused by NameResolutionError(""HTTPSConnection(host='pan.neonrain.tv', port=443): Failed to resolve 'pan.neonrain.tv' ([Errno 11001] getaddrinfo failed)""))",2026-04-13T21:23:28.884071+00:00,2026-04-14T13:38:23.866350+00:00
08e04cee329a9574bcc5bfe356fc5ac9,https://pan.neonrain.tv/wp-content/uploads/2010/10/stockholmreport-popsinthearctic.pdf,pan.neonrain.tv,,error,"ConnectionError: HTTPSConnectionPool(host='pan.neonrain.tv', port=443): Max retries exceeded with url: /wp-content/uploads/2010/10/stockholmreport-popsinthearctic.pdf (Caused by NameResolutionError(""HTTPSConnection(host='pan.neonrain.tv', port=443): Failed to resolve 'pan.neonrain.tv' ([Errno 11001] getaddrinfo failed)""))",2026-04-13T21:23:28.884071+00:00,2026-04-14T13:38:23.625819+00:00
1492907c2dd8f92426ad90e1c67df857,https://pan.neonrain.tv/wp-content/uploads/2010/10/epa-ltr-24may06.pdf,pan.neonrain.tv,,error,"ConnectionError: HTTPSConnectionPool(host='pan.neonrain.tv', port=443): Max retries exceeded with url: /wp-content/uploads/2010/10/epa-ltr-24may06.pdf (Caused by NameResolutionError(""HTTPSConnection(host='pan.neonrain.tv', port=443): Failed to resolve 'pan.neonrain.tv' ([Errno 11001] getaddrinfo failed)""))",2026-04-13T21:23:28.884071+00:00,2026-04-14T13:38:23.405259+00:00
5ff7f0660f52074433f07e2daf03be02,https://pan.neonrain.tv/wp-content/uploads/2010/10/cbd_10spring.pdf,pan.neonrain.tv,,error,"ConnectionError: HTTPSConnectionPool(host='pan.neonrain.tv', port=443): Max retries exceeded with url: /wp-content/uploads/2010/10/cbd_10spring.pdf (Caused by NameResolutionError(""HTTPSConnection(host='pan.neonrain.tv', port=443): Failed to resolve 'pan.neonrain.tv' ([Errno 11001] getaddrinfo failed)""))",2026-04-13T21:23:28.884071+00:00,2026-04-14T13:38:23.171332+00:00
9d68f4a1206d5530931bbff6ed16dd39,https://pan.neonrain.tv/wp-content/uploads/2010/09/roundupbirthdefects.pdf,pan.neonrain.tv,,error,"ConnectionError: HTTPSConnectionPool(host='pan.neonrain.tv', port=443): Max retries exceeded with url: /wp-content/uploads/2010/09/roundupbirthdefects.pdf (Caused by NameResolutionError(""HTTPSConnection(host='pan.neonrain.tv', port=443): Failed to resolve 'pan.neonrain.tv' ([Errno 11001] getaddrinfo failed)""))",2026-04-13T21:23:28.884071+00:00,2026-04-14T13:38:22.900770+00:00
7b7ee3ee585e9da7d0e5ab82edd7b286,https://pan.neonrain.tv/wp-content/uploads/2010/09/gmobrieffinal_1.pdf,pan.neonrain.tv,,error,"ConnectionError: HTTPSConnectionPool(host='pan.neonrain.tv', port=443): Max retries exceeded with url: /wp-content/uploads/2010/09/gmobrieffinal_1.pdf (Caused by NameResolutionError(""HTTPSConnection(host='pan.neonrain.tv', port=443): Failed to resolve 'pan.neonrain.tv' ([Errno 11001] getaddrinfo failed)""))",2026-04-13T21:23:28.884071+00:00,2026-04-14T13:38:22.685348+00:00
2054e31bb3d66b398237c20bd0cc33d9,https://pan.neonrain.tv/wp-content/uploads/2010/09/bpbedbugs.pdf,pan.neonrain.tv,,error,"ConnectionError: HTTPSConnectionPool(host='pan.neonrain.tv', port=443): Max retries exceeded with url: /wp-content/uploads/2010/09/bpbedbugs.pdf (Caused by NameResolutionError(""HTTPSConnection(host='pan.neonrain.tv', port=443): Failed to resolve 'pan.neonrain.tv' ([Errno 11001] getaddrinfo failed)""))",2026-04-13T21:23:28.884071+00:00,2026-04-14T13:38:22.404288+00:00
9d365a8b1cbe0ce4ecfe9b4dbaf2a89a,https://pan.neonrain.tv/wp-content/uploads/2010/06/iaastd-brief-panna.pdf,pan.neonrain.tv,,error,"ConnectionError: HTTPSConnectionPool(host='pan.neonrain.tv', port=443): Max retries exceeded with url: /wp-content/uploads/2010/06/iaastd-brief-panna.pdf (Caused by NameResolutionError(""HTTPSConnection(host='pan.neonrain.tv', port=443): Failed to resolve 'pan.neonrain.tv' ([Errno 11001] getaddrinfo failed)""))",2026-04-13T21:23:28.884071+00:00,2026-04-14T13:38:22.156406+00:00
6df014c57e69649e6db508638466f753,https://pan-international.org/wp-content/uploads/pan_hhp_list.pdf,pan-international.org,,error,HTTPError: 404 Client Error: Not Found for url: https://pan-international.org/wp-content/uploads/pan_hhp_list.pdf,2026-04-13T21:23:28.884071+00:00,2026-04-14T13:38:21.335563+00:00
9515b282b0440e4dc437342a3ca83ab5,https://pan-international.org/wp-content/uploads/pan-international-briefing-paper-iccm5.pdf,pan-international.org,,error,HTTPError: 404 Client Error: Not Found for url: https://pan-international.org/wp-content/uploads/pan-international-briefing-paper-iccm5.pdf,2026-04-13T21:23:28.884071+00:00,2026-04-14T13:38:19.401055+00:00
0d84fa99e907ec8bb0df1ba207cad12c,https://gistimpact.com/wp-content/uploads/natural-farming-through-a-wide-angle-lens_july-2023_final-1.pdf,gistimpact.com,,error,HTTPError: 404 Client Error: Not Found for url: https://www.gistimpact.com/wp-content/uploads/natural-farming-through-a-wide-angle-lens_july-2023_final-1.pdf,2026-04-13T21:23:28.884071+00:00,2026-04-14T13:38:19.274118+00:00
e10134b7eeed9a052ade78de56f0359a,https://pan-international.org/wp-content/uploads/pan-int-brs-cops2025_advisory_final.pdf,pan-international.org,,error,HTTPError: 404 Client Error: Not Found for url: https://pan-international.org/wp-content/uploads/pan-int-brs-cops2025_advisory_final.pdf,2026-04-13T21:23:28.884071+00:00,2026-04-14T13:38:17.657767+00:00
3d5981922bc9563de613485dfd48b33e,https://foodfirst.org/wp-content/uploads/2016/11/dr6_final-3.pdf,foodfirst.org,,error,HTTPError: 429 Client Error: Too Many Requests for url: https://foodfirst.org/wp-content/uploads/2016/11/dr6_final-3.pdf,2026-04-13T21:23:28.884071+00:00,2026-04-14T13:38:16.819306+00:00
cd07d5cb0ba10b7e4cdae4d383ee1310,https://pan-international.org/wp-content/uploads/fr-lettre-a-da-bechdol-2022-11-nov-28.pdf,pan-international.org,,error,HTTPError: 404 Client Error: Not Found for url: https://pan-international.org/wp-content/uploads/fr-lettre-a-da-bechdol-2022-11-nov-28.pdf,2026-04-13T21:23:28.884071+00:00,2026-04-14T13:38:15.704073+00:00
c3fade79c3ffaa6c6557540718699d2f,https://food.berkeley.edu/wp-content/uploads/2021/07/maywa-agroecol-ya03wr.pdf,food.berkeley.edu,,error,HTTPError: 404 Client Error: Not Found for url: https://food.berkeley.edu/wp-content/uploads/2021/07/maywa-agroecol-ya03wr.pdf,2026-04-13T21:23:28.884071+00:00,2026-04-14T13:38:15.476087+00:00
41bf6770ae7c3f119ee2f21ae7f47da4,https://pan-international.org/wp-content/uploads/food-systems-transformation-at-cop28.pdf,pan-international.org,,error,HTTPError: 404 Client Error: Not Found for url: https://pan-international.org/wp-content/uploads/food-systems-transformation-at-cop28.pdf,2026-04-13T21:23:28.884071+00:00,2026-04-14T13:38:13.564550+00:00
f3d0834011ed995d959e1e149c1c33c6,https://foe.org/wp-content/uploads/2018/09/city-official-farm-bill-preemption-letter-final-9.12.pdf,foe.org,,error,HTTPError: 403 Client Error: Forbidden for url: https://foe.org/wp-content/uploads/2018/09/city-official-farm-bill-preemption-letter-final-9.12.pdf,2026-04-13T21:23:28.884071+00:00,2026-04-14T13:38:13.243997+00:00
06617fe77e4f3ecbe6fd693453bed339,https://doi.org/articles/sdata2018227.pdf,doi.org,,error,HTTPError: 404 Client Error: Not Found for url: https://www.doi.org/articles/sdata2018227.pdf,2026-04-13T21:23:28.884071+00:00,2026-04-14T13:38:12.206176+00:00
715e295a3b48124d4872b9c84d890209,https://croplife.org/wp-content/uploads/2021/09/coalition_-call-to-action-sept17.pdf,croplife.org,,error,HTTPError: 404 Client Error: Not Found for url: https://croplife.org/wp-content/uploads/2021/09/coalition_-call-to-action-sept17.pdf,2026-04-13T21:23:28.884071+00:00,2026-04-14T13:37:03.306593+00:00
05233166ff0d813b10c4a9f5e2fc8e36,https://croplife.org/wp-content/uploads/2020/10/cli-fao-partnership-announcement.pdf,croplife.org,,error,HTTPError: 404 Client Error: Not Found for url: https://croplife.org/wp-content/uploads/2020/10/cli-fao-partnership-announcement.pdf,2026-04-13T21:23:28.884071+00:00,2026-04-14T13:37:01.447586+00:00
b19d4d1bc18c95f7c44ec446122ff242,https://consumersunion.org/wp-content/uploads/2014/09/gmo_labeling_cost_findings_exe_summ.pdf,consumersunion.org,,error,HTTPError: 403 Client Error: Forbidden for url: https://advocacy.consumerreports.org/wp-content/uploads/,2026-04-13T21:23:28.884071+00:00,2026-04-14T13:36:59.614830+00:00
5f93f35dbfe8a80a740a23375bd35a76,https://caleja.org/wp-content/uploads/2018/05/ceja_agencyassessment_2017_finalweb.pdf,caleja.org,,error,HTTPError: 403 Client Error: Forbidden for url: https://ceja.org/wp-content/uploads/2018/05/ceja_agencyassessment_2017_finalweb.pdf,2026-04-13T21:23:28.884071+00:00,2026-04-14T13:36:55.871148+00:00
b2475c37f1415652e9379cd819c52386,https://caleja.org/wp-content/uploads/2018/02/ceja_scorecard_2017_spreads-1.pdf,caleja.org,,error,HTTPError: 403 Client Error: Forbidden for url: https://ceja.org/wp-content/uploads/2018/02/ceja_scorecard_2017_spreads-1.pdf,2026-04-13T21:23:28.884071+00:00,2026-04-14T13:36:54.280086+00:00
d679988a1405448c33143dc28a687e18,https://blog.humanesociety.org/wp-content/uploads/2019/03/investigation-report-updated-2019.03.13.pdf,blog.humanesociety.org,,error,ValueError: Not a PDF response (content-type=text/html; charset=utf-8),2026-04-13T21:23:28.884071+00:00,2026-04-14T13:36:51.266304+00:00
b498edb24bafda5a12e9ba1a3909512d,https://1bps6437gg8c169i0y1drtgz-wpengine.netdna-ssl.com/wp-content/uploads/2022/03/ge_mosquitoes_designed_doc_3.11.2022.pdf,1bps6437gg8c169i0y1drtgz-wpengine.netdna-ssl.com,,error,ValueError: Not a PDF response (content-type=text/html; charset=utf-8),2026-04-13T21:23:28.884071+00:00,2026-04-14T13:36:47.236780+00:00
65fd45665031fd3a6f765449d4295e1d,https://1bps6437gg8c169i0y1drtgz-wpengine.netdna-ssl.com/wp-content/uploads/2017/11/bayer-monsanto-merger-report-nov-2017.pdf,1bps6437gg8c169i0y1drtgz-wpengine.netdna-ssl.com,,error,ValueError: Not a PDF response (content-type=text/html; charset=utf-8),2026-04-13T21:23:28.884071+00:00,2026-04-14T13:36:46.602731+00:00
8603de06c2654e714c35dd35e754d796,http://www.rootsofchange.org/wp-content/uploads/score-card-2017.pdf,www.rootsofchange.org,,error,HTTPError: 404 Client Error: Not Found for url: https://www.rootsofchange.org/wp-content/uploads/score-card-2017.pdf,2026-04-13T21:23:28.884071+00:00,2026-04-14T13:36:38.821331+00:00
d91d02cf4447134ba4903134715085c4,http://www.rootsofchange.org/wp-content/uploads/cafpc-annual-report-2017-web.pdf,www.rootsofchange.org,,error,HTTPError: 404 Client Error: Not Found for url: https://www.rootsofchange.org/wp-content/uploads/cafpc-annual-report-2017-web.pdf,2026-04-13T21:23:28.884071+00:00,2026-04-14T13:36:34.210122+00:00
20927733f6d1aca5a044fef8aff5b9cc,http://www.pan-uk.org/site/wp-content/uploads/hazard-versus-risk-based-approaches-to-protecting-health-and-environment-from-pesticides.pdf,www.pan-uk.org,,error,HTTPError: 404 Client Error: Not Found for url: https://www.pan-uk.org/site/wp-content/uploads/hazard-versus-risk-based-approaches-to-protecting-health-and-environment-from-pesticides.pdf,2026-04-13T21:23:28.884071+00:00,2026-04-14T13:36:29.530109+00:00
c31dd4d02f5409f539b7bf8e6567d41b,http://www.fao.org/3/i4476e/i4476e.pdf,www.fao.org,,error,ValueError: Not a PDF response (content-type=text/html; charset=utf-8),2026-04-13T21:23:28.884071+00:00,2026-04-14T13:36:00.212359+00:00
0b3e202f53fc513ac33fcf834b2b7a9b,http://www.ecos.org/wp-content/uploads/2017/03/passback-letter-from-ecos-3_1_17-final.pdf,www.ecos.org,,error,HTTPError: 404 Client Error: Not Found for url: https://www.ecos.org/wp-content/uploads/2017/03/passback-letter-from-ecos-3_1_17-final.pdf,2026-04-13T21:23:28.884071+00:00,2026-04-13T21:31:05.525273+00:00
70bf3aa9c366b41e9733b1302d02c690,http://www.centerforfoodsafety.org/wp-content/uploads/2013/02/seed-giants_final.pdf,www.centerforfoodsafety.org,,error,HTTPError: 404 Client Error: Not Found for url: https://www.centerforfoodsafety.org/wp-content/uploads/2013/02/seed-giants_final.pdf,2026-04-13T21:23:28.884071+00:00,2026-04-13T21:31:02.622275+00:00
d89aa78f2c93ff8e6b4154e96fb4c123,http://www.centerforfoodsafety.org/wp-content/uploads/2012/02/mortensen-paper-summary-final.pdf,www.centerforfoodsafety.org,,error,HTTPError: 404 Client Error: Not Found for url: https://www.centerforfoodsafety.org/wp-content/uploads/2012/02/mortensen-paper-summary-final.pdf,2026-04-13T21:23:28.884071+00:00,2026-04-13T21:30:59.410527+00:00
2c015ff4877bb9b21d6c3e0dad4aaf12,http://www.aspenwsi.org/wordpress/wp-content/uploads/profiles-of-the-restaurant-workforce-and-restaurant-opportunities-centers-united.pdf,www.aspenwsi.org,,error,HTTPError: 403 Client Error: Forbidden for url: https://www.aspeninstitute.org/programs/workforce-strategies-initiative/,2026-04-13T21:23:28.884071+00:00,2026-04-13T21:30:55.570108+00:00
a2f79acf5cfd5cc81ff39c1f3bca4cbe,http://www.agriculture.gov.lb/getattachment/ministry/ministry-strategy/strategy-2020-2025/nas-web-eng-7sep2020.pdf,www.agriculture.gov.lb,,error,"ConnectionError: HTTPConnectionPool(host='www.agriculture.gov.lb', port=80): Read timed out.",2026-04-13T21:23:28.884071+00:00,2026-04-13T21:30:52.699662+00:00
08b18da5c70ff0e80e40653ed6de67c4,http://sustainableagriculture.net/wp-content/uploads/2014/10/covercropssoilhealthstatement.pdf,sustainableagriculture.net,,error,HTTPError: 403 Client Error: Forbidden for url: http://sustainableagriculture.net/wp-content/uploads/2014/10/covercropssoilhealthstatement.pdf,2026-04-13T21:23:28.884071+00:00,2026-04-13T21:26:23.774851+00:00
8149f86e358b8dea27192e9da6e9bf80,http://sblog.s3.amazonaws.com/wp-content/uploads/2012/04/11-796-bowman-v.-monsanto-petition.pdf,sblog.s3.amazonaws.com,,error,HTTPError: 403 Client Error: Forbidden for url: http://sblog.s3.amazonaws.com/wp-content/uploads/2012/04/11-796-bowman-v.-monsanto-petition.pdf,2026-04-13T21:23:28.884071+00:00,2026-04-13T21:26:23.008055+00:00
132bbcb0b2030761b9ca923691fc8f0b,http://research.sustainablefoodtrust.org/wp-content/uploads/2012/09/final-paper.pdf,research.sustainablefoodtrust.org,,error,HTTPError: 404 Client Error: Not Found for url: http://research.sustainablefoodtrust.org/wp-content/uploads/2012/09/final-paper.pdf,2026-04-13T21:23:28.884071+00:00,2026-04-13T21:26:22.473064+00:00
af03bfeedd36a1bd00ddf84885f2ced6,http://pollinatorstewardship.org/wp-content/uploads/2017/05/may-26-2017-newsltr-mites-down-but-bee-losses-remain-unsustainable.pdf,pollinatorstewardship.org,,error,HTTPError: 404 Client Error: Not Found for url: https://www.pollinatorstewardship.org/wp-content/uploads/2017/05/may-26-2017-newsltr-mites-down-but-bee-losses-remain-unsustainable.pdf,2026-04-13T21:23:28.884071+00:00,2026-04-13T21:26:21.848997+00:00
23d9d2b88f803938248023c73ef0fab6,http://paninternational.org/wp-content/uploads/2013/12/pan-global-report-communities-peril.pdf,paninternational.org,,error,HTTPError: 404 Client Error: Not Found for url: https://pan-international.org/wp-content/uploads/2013/12/pan-global-report-communities-peril.pdf,2026-04-13T21:23:28.884071+00:00,2026-04-13T21:26:18.833710+00:00
dae44b75051d12943174c18207fe8daa,http://pan-international.org/wp-content/uploads/peoples_tribunal_on_agrochemical_tncs_-_indictment_and_verdict.pdf,pan-international.org,,error,HTTPError: 404 Client Error: Not Found for url: https://pan-international.org/wp-content/uploads/peoples_tribunal_on_agrochemical_tncs_-_indictment_and_verdict.pdf,2026-04-13T21:23:28.884071+00:00,2026-04-13T21:26:15.116407+00:00
bcb5054261041d57fa359dabfc681f88,http://pan-international.org/wp-content/uploads/pan_hhp_list.pdf,pan-international.org,,error,HTTPError: 404 Client Error: Not Found for url: https://pan-international.org/wp-content/uploads/pan_hhp_list.pdf,2026-04-13T21:23:28.884071+00:00,2026-04-13T21:26:12.618405+00:00
a8bf7ee2edc0d27ad238b3fd788dc804,http://pan-international.org/wp-content/uploads/letter-from-academics-scientists-and-researchers-on-fao-and-croplife-international.pdf,pan-international.org,,error,HTTPError: 404 Client Error: Not Found for url: https://pan-international.org/wp-content/uploads/letter-from-academics-scientists-and-researchers-on-fao-and-croplife-international.pdf,2026-04-13T21:23:28.884071+00:00,2026-04-13T21:26:05.312580+00:00
5844ca43e692377364dafe8841a16118,http://pan-international.org/wp-content/uploads/hhp-appeal-with-signatures-en.pdf,pan-international.org,,error,HTTPError: 404 Client Error: Not Found for url: https://pan-international.org/wp-content/uploads/hhp-appeal-with-signatures-en.pdf,2026-04-13T21:23:28.884071+00:00,2026-04-13T21:26:02.461125+00:00
dc06aa9a489c7eb17659a369df407e02,http://pan-international.org/wp-content/uploads/glyphosate-monograph.pdf,pan-international.org,,error,HTTPError: 404 Client Error: Not Found for url: https://pan-international.org/wp-content/uploads/glyphosate-monograph.pdf,2026-04-13T21:23:28.884071+00:00,2026-04-13T21:25:59.558467+00:00
93b4c27e7bd3c37fb99a33c8ea0d7750,http://oversight.house.gov/wp-content/uploads/2012/01/20100728roush.pdf,oversight.house.gov,,error,HTTPError: 404 Client Error: Not Found for url: https://oversight.house.gov/wp-content/uploads/2012/01/20100728roush.pdf,2026-04-13T21:23:28.884071+00:00,2026-04-13T21:25:56.486144+00:00
0e16e4a22ceef429ef7b1c92c06fa824,http://nationalaglawcenter.org/wp-content/uploads/assets/crs/rs20430.pdf,nationalaglawcenter.org,,error,HTTPError: 404 Client Error: Not Found for url: http://nationalaglawcenter.org/wp-content/uploads/assets/crs/rs20430.pdf,2026-04-13T21:23:28.884071+00:00,2026-04-13T21:25:53.269334+00:00
6f4ddff9c8343bd9bd458c95ea8b7ed9,http://intranet.fao.org/fileadmin/user_upload/legal/docs/annex_ac2021_13.pdf,intranet.fao.org,,error,ValueError: Not a PDF response (content-type=text/html; charset=utf-8),2026-04-13T21:23:28.884071+00:00,2026-04-13T21:25:50.815574+00:00
66a4d471dc0b2a671b30732583c1d5ea,http://intranet.fao.org/fileadmin/user_upload/fao_communications/ac/ac%202021-13_en_v2.pdf,intranet.fao.org,,error,ValueError: Not a PDF response (content-type=text/html; charset=utf-8),2026-04-13T21:23:28.884071+00:00,2026-04-13T21:25:38.059564+00:00
3f3907ea64c2cee6ecf015ddc841f989,http://gsars.org/wp-content/uploads/2017/07/minutes-_2nd-iaeg_-mar-2016.pdf,gsars.org,,error,ValueError: Not a PDF response (content-type=text/html),2026-04-13T21:23:28.884071+00:00,2026-04-13T21:25:34.106842+00:00
921e624f2ff005e6de6f322a3a59b75e,http://gsars.org/wp-content/uploads/2017/07/minutes-1st-iaeg_feb-2015.pdf,gsars.org,,error,ValueError: Not a PDF response (content-type=text/html),2026-04-13T21:23:28.884071+00:00,2026-04-13T21:25:32.589936+00:00
d571738a6eeffd352d8406b125b78fab,http://gsars.org/wp-content/uploads/2017/04/3-iaeg-final-minutes-2017.pdf,gsars.org,,error,ValueError: Not a PDF response (content-type=text/html),2026-04-13T21:23:28.884071+00:00,2026-04-13T21:25:29.437089+00:00
229def0fb8fb68653f4bc87740eee12f,http://foodchainworkers.org/wp-content/uploads/2011/05/fcwa_nopieceofthepie_exec-summary_final.pdf,foodchainworkers.org,,error,HTTPError: 404 Client Error: Not Found for url: http://foodchainworkers.org/wp-content/uploads/2011/05/fcwa_nopieceofthepie_exec-summary_final.pdf,2026-04-13T21:23:28.884071+00:00,2026-04-13T21:25:28.057118+00:00
6704907049724617a5e3e680e17e22fb,http://foe.org/wp-content/uploads/2018/09/city-official-farm-bill-preemption-letter-final-9.12.pdf,foe.org,,error,HTTPError: 403 Client Error: Forbidden for url: https://foe.org/wp-content/uploads/2018/09/city-official-farm-bill-preemption-letter-final-9.12.pdf,2026-04-13T21:23:28.884071+00:00,2026-04-13T21:25:27.350322+00:00
e0d661629bd6f3e6405054224c38ac19,http://foe.org/wp-content/uploads/2018/03/2018-final-white-paper-with-pan-3-7-2018.pdf,foe.org,,error,HTTPError: 403 Client Error: Forbidden for url: https://foe.org/wp-content/uploads/2018/03/2018-final-white-paper-with-pan-3-7-2018.pdf,2026-04-13T21:23:28.884071+00:00,2026-04-13T21:25:26.337307+00:00
e69d09be725aab005e9d5486fd8d72b0,http://ehp.niehs.nih.gov/wp-content/uploads/advpub/2016/7/ehp504.acco.pdf,ehp.niehs.nih.gov,,error,"ConnectionError: HTTPConnectionPool(host='ehp.niehs.nih.gov', port=80): Max retries exceeded with url: /wp-content/uploads/advpub/2016/7/ehp504.acco.pdf (Caused by NameResolutionError(""HTTPConnection(host='ehp.niehs.nih.gov', port=80): Failed to resolve 'ehp.niehs.nih.gov' ([Errno 11001] getaddrinfo failed)""))",2026-04-13T21:23:28.884071+00:00,2026-04-13T21:25:24.706554+00:00
8993ca5756e4a1ddf2a7025e6fc65e24,http://ehp.niehs.nih.gov/wp-content/uploads/121/10/ehp.1206397.pdf,ehp.niehs.nih.gov,,error,"ConnectionError: HTTPConnectionPool(host='ehp.niehs.nih.gov', port=80): Max retries exceeded with url: /wp-content/uploads/121/10/ehp.1206397.pdf (Caused by NameResolutionError(""HTTPConnection(host='ehp.niehs.nih.gov', port=80): Failed to resolve 'ehp.niehs.nih.gov' ([Errno 11001] getaddrinfo failed)""))",2026-04-13T21:23:28.884071+00:00,2026-04-13T21:25:21.448074+00:00
5c686f5f359435ac150673613dfb6da5,http://ehp.niehs.nih.gov/wp-content/uploads/119/8/ehp.1002843.pdf,ehp.niehs.nih.gov,,error,"ConnectionError: HTTPConnectionPool(host='ehp.niehs.nih.gov', port=80): Max retries exceeded with url: /wp-content/uploads/119/8/ehp.1002843.pdf (Caused by NameResolutionError(""HTTPConnection(host='ehp.niehs.nih.gov', port=80): Failed to resolve 'ehp.niehs.nih.gov' ([Errno 11001] getaddrinfo failed)""))",2026-04-13T21:23:28.884071+00:00,2026-04-13T21:25:20.442608+00:00
5105db5c65d4b29b111541079935cf26,http://agroeco.org/wp-content/uploads/2010/11/giahsbooklet.pdf,agroeco.org,,error,HTTPError: 404 Client Error: Not Found for url: http://agroeco.org/wp-content/uploads/2010/11/giahsbooklet.pdf,2026-04-13T21:23:28.884071+00:00,2026-04-13T21:24:25.187301+00:00
b71a39138c67900d09d7e1362fd82486,http://191hmt1pr08amfq62276etw2.wpengine.netdna-cdn.com/wp-content/uploads/2016/01/cla-comments-on-sap-disqualification-10-12-16.pdf,191hmt1pr08amfq62276etw2.wpengine.netdna-cdn.com,,error,"ConnectionError: HTTPConnectionPool(host='191hmt1pr08amfq62276etw2.wpengine.netdna-cdn.com', port=80): Max retries exceeded with url: /wp-content/uploads/2016/01/cla-comments-on-sap-disqualification-10-12-16.pdf (Caused by NameResolutionError(""HTTPConnection(host='191hmt1pr08amfq62276etw2.wpengine.netdna-cdn.com', port=80): Failed to resolve '191hmt1pr08amfq62276etw2.wpengine.netdna-cdn.com' ([Errno 11001] getaddrinfo failed)""))",2026-04-13T21:23:28.884071+00:00,2026-04-13T21:24:22.522329+00:00
