url,source_page,reason,domain,url_hash
https://meteoburkina.bf/documents/10/BAD23023.pdf,https://meteoburkina.bf/produits/bulletin-agrometeologique-decadaire/bulletin-agrometeorologique-decadaire-n6-21-au-28-fevrier-2023/,path:.pdf,meteoburkina.bf,208b91eb64b4e833b0b15fa37028122e
https://meteoburkina.bf/documents/110/BAD24013.pdf,https://meteoburkina.bf/produits/bulletin-agrometeologique-decadaire/bulletin-agrometeorologique-decadaire-n3-21-au-31-janvier-2024/,path:.pdf,meteoburkina.bf,5cc005602ab1451b072e9e2c7b05fef3
https://meteoburkina.bf/documents/111/BAD24021.pdf,https://meteoburkina.bf/produits/bulletin-agrometeologique-decadaire/bulletin-agrometeorologique-decadaire-n4-01-au-10-fevrier-2024/,path:.pdf,meteoburkina.bf,338bbd35901a8123337babe3265d180d
https://meteoburkina.bf/documents/112/BAD24022.pdf,https://meteoburkina.bf/produits/bulletin-agrometeologique-decadaire/bulletin-agrometeorologique-decadaire-n5-11-au-20-fevrier-2024/,path:.pdf,meteoburkina.bf,e83690da85b92fe48877913971219e4c
https://meteoburkina.bf/documents/113/BAD24023.pdf,https://meteoburkina.bf/produits/bulletin-agrometeologique-decadaire/bulletin-agrometeorologique-decadaire-n6-21-au-30-fevrier-2024/,path:.pdf,meteoburkina.bf,93e4e66386db398d254adef665ab6396
https://meteoburkina.bf/documents/114/BAD24031.pdf,https://meteoburkina.bf/produits/bulletin-agrometeologique-decadaire/bulletin-agrometeorologique-decadaire-n7-01-au-10-mars-2024/,path:.pdf,meteoburkina.bf,b623a50884d13f3462eb524f37cae292
https://meteoburkina.bf/documents/115/BAD24032.pdf,https://meteoburkina.bf/produits/bulletin-agrometeologique-decadaire/bulletin-agrometeorologique-decadaire-n8-11-au-20-mars-2024/,path:.pdf,meteoburkina.bf,ddd4856cebf13ce929158d87c307bac3
https://meteoburkina.bf/documents/117/BAD24033_GK8SPTE.pdf,https://meteoburkina.bf/produits/bulletin-agrometeologique-decadaire/bulletin-agrometeorologique-decadaire-n9-21-au-31-mars-2024/,path:.pdf,meteoburkina.bf,ae30e4b70cf0d21e61ff5e3d7c5a158b
https://meteoburkina.bf/documents/118/BAD24041.pdf,https://meteoburkina.bf/produits/bulletin-agrometeologique-decadaire/bulletin-agrometeorologique-decadaire-n10-01-au-10-avril-2024/,path:.pdf,meteoburkina.bf,ccf972dfe5fff1136e01748cdb542b75
https://meteoburkina.bf/documents/14/BAD23031_WyzRSlq.pdf,https://meteoburkina.bf/produits/bulletin-agrometeologique-decadaire/bulletin-agrometeorologique-decadaire-n1-01-au-10-mars-2023/,path:.pdf,meteoburkina.bf,9e460b6639f06d1ef9a456cd2d330f81
https://meteoburkina.bf/documents/144/BAD24042_qAOEjhr.pdf,https://meteoburkina.bf/produits/bulletin-agrometeologique-decadaire/bulletin-agrometeorologique-decadaire-n11-11-au-20-avril-2024/,path:.pdf,meteoburkina.bf,0fb96dec505c73f9dcd6fd642d69090e
https://meteoburkina.bf/documents/145/BAD24043.pdf,https://meteoburkina.bf/produits/bulletin-agrometeologique-decadaire/bulletin-agrometeorologique-decadaire-n12-21-au-30-avril-2024/,path:.pdf,meteoburkina.bf,0f10659c4378d70977ade5e1e3b2cd69
https://meteoburkina.bf/documents/146/BAD24051.pdf,https://meteoburkina.bf/produits/bulletin-agrometeologique-decadaire/bulletin-agrometeorologique-decadaire-n13-01-au-10-mai-2024/,path:.pdf,meteoburkina.bf,c5fd39d787559d755131a83271c74707
https://meteoburkina.bf/documents/147/BAD24052.pdf,https://meteoburkina.bf/produits/bulletin-agrometeologique-decadaire/bulletin-agrometeorologique-decadaire-n14-11-au-20-mai-2024/,path:.pdf,meteoburkina.bf,23f032a5969f9e3af6c2c8187661344a
https://meteoburkina.bf/documents/148/BAD24053.pdf,https://meteoburkina.bf/produits/bulletin-agrometeologique-decadaire/bulletin-agrometeorologique-decadaire-n15-21-au-31-mai-2024/,path:.pdf,meteoburkina.bf,bcb279dec8fafcb0794b1c7632256c7c
https://meteoburkina.bf/documents/15/Bad23041.pdf,https://meteoburkina.bf/produits/bulletin-agrometeologique-decadaire/bulletin-agrometeorologique-decadaire-n10-01-au-10-avril-2023/,path:.pdf,meteoburkina.bf,3a10cf11966a4bfbcd8cd57fe95ef1af
https://meteoburkina.bf/documents/153/BAD24061_p0LYx1K.pdf,https://meteoburkina.bf/produits/bulletin-agrometeologique-decadaire/bulletin-agrometeorologique-decadaire-n16-01-au-10-juin-2024/,path:.pdf,meteoburkina.bf,47248097c3bdb2e165553677a0cc3630
https://meteoburkina.bf/documents/155/BAD24062_7Bq9aPQ.pdf,https://meteoburkina.bf/produits/bulletin-agrometeologique-decadaire/bulletin-agrometeorologique-decadaire-n17-11-au-20-juin-2024/,path:.pdf,meteoburkina.bf,94f5ed1477a8db929ebff6b9a9fbe83a
https://meteoburkina.bf/documents/157/BAD24063.pdf,https://meteoburkina.bf/produits/bulletin-agrometeologique-decadaire/bulletin-agrometeorologique-decadaire-n18-21-au-30-juin-2024/,path:.pdf,meteoburkina.bf,233181cf739f8e0c7f4fb752025ec6a6
https://meteoburkina.bf/documents/158/BAD24071.pdf,https://meteoburkina.bf/produits/bulletin-agrometeologique-decadaire/bulletin-agrometeorologique-decadaire-n19-01-au-10-juillet-2024/,path:.pdf,meteoburkina.bf,874926a256d1df04e7897f8ebcc3f4b3
https://meteoburkina.bf/documents/16/BAD23032.pdf,https://meteoburkina.bf/produits/bulletin-agrometeologique-decadaire/bulletin-agrometeorologique-decadaire-n8-11-au-20-mars-2023/,path:.pdf,meteoburkina.bf,e46328ed89fc5bc3e304f67f8be65828
https://meteoburkina.bf/documents/160/BAD24072_kPij62k.pdf,https://meteoburkina.bf/produits/bulletin-agrometeologique-decadaire/bulletin-agrometeorologique-decadaire-n20-11-au-20-juillet-2024/,path:.pdf,meteoburkina.bf,17688f34e6962f30970a9bea27e265bd
https://meteoburkina.bf/documents/161/BAD24073.pdf,https://meteoburkina.bf/produits/bulletin-agrometeologique-decadaire/bulletin-agrometeorologique-decadaire-n21-21-au-31-juillet-2024/,path:.pdf,meteoburkina.bf,0657a1ab6f4b3b00eda2bbe6d3fad078
https://meteoburkina.bf/documents/162/BAD24081.pdf,https://meteoburkina.bf/produits/bulletin-agrometeologique-decadaire/bulletin-agrometeorologique-decadaire-n22-01-au-10-aout-2024/,path:.pdf,meteoburkina.bf,a4236f14ba18af3232803adf5310452e
https://meteoburkina.bf/documents/163/BAD24082.pdf,https://meteoburkina.bf/produits/bulletin-agrometeologique-decadaire/bulletin-agrometeorologique-decadaire-n23-11-au-20-aout-2024/,path:.pdf,meteoburkina.bf,4a4c31caf9210440bf0afc5630fa271a
https://meteoburkina.bf/documents/164/BAD24083.pdf,https://meteoburkina.bf/produits/bulletin-agrometeologique-decadaire/bulletin-agrometeorologique-decadaire-n24-21-au-31-aout-2024/,path:.pdf,meteoburkina.bf,9caa1dec559d8dd7cb1d040b6a41b6ca
https://meteoburkina.bf/documents/165/BAD24091.pdf,https://meteoburkina.bf/produits/bulletin-agrometeologique-decadaire/bulletin-agrometeorologique-decadaire-n25-01-au-10-septembre-2024/,path:.pdf,meteoburkina.bf,e3c9e18fe8bc6a0bd717b98ce3b07c20
https://meteoburkina.bf/documents/166/BAD24093.pdf,https://meteoburkina.bf/produits/bulletin-agrometeologique-decadaire/bulletin-agrometeorologique-decadaire-n27-21-au-30-septembre-2024/,path:.pdf,meteoburkina.bf,f5ad6415b7a39aacfb6073fc19022891
https://meteoburkina.bf/documents/167/BAD24101.pdf,https://meteoburkina.bf/produits/bulletin-agrometeologique-decadaire/bulletin-agrometeorologique-decadaire-n28-01-au-10-octobre-2024/,path:.pdf,meteoburkina.bf,370663c3c5077b9c2411c18b043333c2
https://meteoburkina.bf/documents/168/BAD24102.pdf,https://meteoburkina.bf/produits/bulletin-agrometeologique-decadaire/bulletin-agrometeorologique-decadaire-n29-11-au-20-octobre-2024/,path:.pdf,meteoburkina.bf,c598c2535b735e1e3ef1366e2cef9ff5
https://meteoburkina.bf/documents/169/BAD25021.pdf,https://meteoburkina.bf/produits/bulletin-agrometeologique-decadaire/bulletin-agrometeorologique-decadaire-n04-01-au-10-fevrier-2025/,path:.pdf,meteoburkina.bf,ee77efd14ed75d213a9b6939b9ee94b9
https://meteoburkina.bf/documents/17/Bad23042.pdf,https://meteoburkina.bf/produits/bulletin-agrometeologique-decadaire/bulletin-agrometeorologique-decadaire-n11-11-au-20-avril-2023/,path:.pdf,meteoburkina.bf,9e52ede8f66f55b80fecee92ce0a8f0d
https://meteoburkina.bf/documents/170/pr%C3%A9vision_saisonni%C3%A8re_Mai_2024.pdf,https://meteoburkina.bf/produits/bulletin-de-previsions-saisonnieres/bulletin-de-previsions-saisonnieres-2024/,path:.pdf,meteoburkina.bf,be54966a0289754cc6ca96a811bf0173
https://meteoburkina.bf/documents/171/pr%C3%A9vision_saisonni%C3%A8re_Avril_2021.pdf,https://meteoburkina.bf/produits/bulletin-de-previsions-saisonnieres/bulletin-de-previsions-saisonnieres-2021/,path:.pdf,meteoburkina.bf,2a6b07a54272cbddb0bfdaf785e8a5bc
https://meteoburkina.bf/documents/18/Bad23043.pdf,https://meteoburkina.bf/produits/bulletin-agrometeologique-decadaire/bulletin-agrometeorologique-decadaire-n12-21-au-30-avril-2023/,path:.pdf,meteoburkina.bf,28df53521f24d8d49a03bd14bad776ad
https://meteoburkina.bf/documents/180/pr%C3%A9vision_saisonni%C3%A8re_Mai_2022_3gkLarH.pdf,https://meteoburkina.bf/produits/bulletin-de-previsions-saisonnieres/bulletin-de-previsions-saisonnieres-2022/,path:.pdf,meteoburkina.bf,5ff9f74ddc8b43ac71b64fd0aedcecb2
https://meteoburkina.bf/documents/184/Bulletin_m%C3%A9t%C3%A9orologique_hebdomadaire_du_17_au_23_Juin_2024_k64jv6v.pdf,https://meteoburkina.bf/produits/bulletin-hebdomadaire/bulletin-meteorologique-hebdomadaire-du-17-au-23-juin-2024/,path:.pdf,meteoburkina.bf,90cac3b3f1c0935fdbd9d33505c2178d
https://meteoburkina.bf/documents/186/Bulletin_m%C3%A9t%C3%A9orologique_hebdomadaire_du_24_au_30_Juin_2024_MBrDlTW.pdf,https://meteoburkina.bf/produits/bulletin-hebdomadaire/bulletin-meteorologique-hebdomadaire-du-24-au-30-juin-2024/,path:.pdf,meteoburkina.bf,e6764be10cc85af4d92a5dfa09fb6163
https://meteoburkina.bf/documents/188/Bulletin_m%C3%A9t%C3%A9orologique_hebdomadaire_du_01_au_07_Juillet_2024_rATRKg6.pdf,https://meteoburkina.bf/produits/bulletin-hebdomadaire/bulletin-meteorologique-hebdomadaire-du-01-au-07-juillet-2024/,path:.pdf,meteoburkina.bf,157309a621d55697fcb4c594e4e64df4
https://meteoburkina.bf/documents/189/Bulletin_m%C3%A9t%C3%A9orologique_hebdomadaire_du_08_au_14_Juillet_2024.pdf,https://meteoburkina.bf/produits/bulletin-hebdomadaire/bulletin-meteorologique-hebdomadaire-du-08-au-14-juillet-2024/,path:.pdf,meteoburkina.bf,885e2fc18e3ab37bc7a4bf326a2c3909
https://meteoburkina.bf/documents/190/Bulletin_m%C3%A9t%C3%A9orologique_hebdomadaire_du_15_au_21_Juillet_2024.pdf,https://meteoburkina.bf/produits/bulletin-hebdomadaire/bulletin-meteorologique-hebdomadaire-du-15-au-21-juillet-2024/,path:.pdf,meteoburkina.bf,91c0f4abf1bc6629b2bc15abc14d26f1
https://meteoburkina.bf/documents/191/Bulletin_m%C3%A9t%C3%A9orologique_hebdomadaire_du_22_au_28_Juillet_2024.pdf,https://meteoburkina.bf/produits/bulletin-hebdomadaire/bulletin-meteorologique-hebdomadaire-du-22-au-28-juillet-2024/,path:.pdf,meteoburkina.bf,4958da728f247c95c101c85e56939923
https://meteoburkina.bf/documents/192/Bulletin_m%C3%A9t%C3%A9orologique_hebdomadaire_du_12_au_18_Ao%C3%BBt_2024.pdf,https://meteoburkina.bf/produits/bulletin-hebdomadaire/bulletin-meteorologique-hebdomadaire-du-12-au-18-aout-2024/,path:.pdf,meteoburkina.bf,9c7b53a57a8804b3ab85fbdb4a5aa038
https://meteoburkina.bf/documents/195/Bulletin_m%C3%A9t%C3%A9orologique_hebdomadaire_du_29_Juillet_au_04_Ao%C3%BBt_2024_x355B6h.pdf,https://meteoburkina.bf/produits/bulletin-hebdomadaire/bulletin-meteorologique-hebdomadaire-du-29-juillet-au-04-aout-2024/,path:.pdf,meteoburkina.bf,83ed6c71c5e56d333bdc931321973f64
https://meteoburkina.bf/documents/196/Bulletin_m%C3%A9t%C3%A9orologique_hebdomadaire_du_19_au_25_Ao%C3%BBt_2024.pdf,https://meteoburkina.bf/produits/bulletin-hebdomadaire/bulletin-meteorologique-hebdomadaire-du-19-au-25-aout-2024/,path:.pdf,meteoburkina.bf,45cc6a39fcf656dd34cabf78a9af6aa4
https://meteoburkina.bf/documents/199/Bulletin_m%C3%A9t%C3%A9orologique_hebdomadaire_du_02_au_08_septembre_2024_kcpBpd8.pdf,https://meteoburkina.bf/produits/bulletin-hebdomadaire/bulletin-meteorologique-hebdomadaire-du-02-au-08-septembre-2024/,path:.pdf,meteoburkina.bf,db2548ade04b7e0df55d0cfb4e354dfc
https://meteoburkina.bf/documents/20/BAD23033_liSAoPX.pdf,https://meteoburkina.bf/produits/bulletin-agrometeologique-decadaire/bulletin-agrometeorologique-decadaire-n9-21-au-31-mars-2023/,path:.pdf,meteoburkina.bf,3de377575c8710d0639271d2c2e53c20
https://meteoburkina.bf/documents/201/Bulletin_m%C3%A9t%C3%A9orologique_hebdomadaire_du_30_septembre_au_06_octobre_2024_HngcGe3.pdf,https://meteoburkina.bf/produits/bulletin-hebdomadaire/bulletin-meteorologique-hebdomadaire-du-30-septembre-au-06-octobre-2024/,path:.pdf,meteoburkina.bf,062d988c6680ef55d06473ab63198d2d
https://meteoburkina.bf/documents/202/Bulletin_m%C3%A9t%C3%A9orologique_hebdomadaire_du_07_au_13_octobre_2024.pdf,https://meteoburkina.bf/produits/bulletin-hebdomadaire/bulletin-meteorologique-hebdomadaire-du-07-au-13-octobre-2024/,path:.pdf,meteoburkina.bf,cf1a4bc073f733a66b800d459609f2d0
https://meteoburkina.bf/documents/204/Bulletin_m%C3%A9t%C3%A9orologique_hebdomadaire_du_16_au_22_Septembre_2024_yW9Q0Lt.pdf,https://meteoburkina.bf/produits/bulletin-hebdomadaire/bulletin-meteorologique-hebdomadaire-du-16-au-22-septembre-2024/,path:.pdf,meteoburkina.bf,860775521810ae880366f2d143eefe4c
https://meteoburkina.bf/documents/207/Bulletin_m%C3%A9t%C3%A9orologique_hebdomadaire_du_21_au_27_octobre_2024_JmocSZp.pdf,https://meteoburkina.bf/produits/bulletin-hebdomadaire/bulletin-meteorologique-hebdomadaire-du-21-au-27-octobre-2024pdf/,path:.pdf,meteoburkina.bf,1bb8419e9e299ab11a166caba0ab4c93
https://meteoburkina.bf/documents/208/Bulletin_Mensuel_du_01102024.pdf,https://meteoburkina.bf/produits/bulletin-mensuel/bulletin-meteorologique-mensuel-du-01-octobre-2024/,path:.pdf,meteoburkina.bf,514963ed9dfb76ee99e817f05f07ca8e
https://meteoburkina.bf/documents/210/BAD25021_m%C3%A9dia.pdf,https://meteoburkina.bf/produits/bulletin-agrometeo-pour-les-medias/bulletin-agrometeorologique-decadaire-medias-agriculteurs-n4-1er-au-10-fevrier-2025/,path:.pdf,meteoburkina.bf,59af9f1a03007e24a32b853586c28961
https://meteoburkina.bf/documents/211/Bulletin_m%C3%A9t%C3%A9orologique_hebdomadaire_du_28_octobre_au_03_novembre_2024_AEkc5Eb.pdf,https://meteoburkina.bf/produits/bulletin-hebdomadaire/bulletin-meteorologique-hebdomadaire-du-28-octobre-au-03-novembre-2024/,path:.pdf,meteoburkina.bf,22bd35f4a1529a90ad77d128fd4256e0
https://meteoburkina.bf/documents/214/Bulletin_climat_sante_30_avril_2024.pdf,https://meteoburkina.bf/produits/bulletin-clima-sante/bulletin-vague-de-chaleur-et-sante-15-au-21-juin-2021/,path:.pdf,meteoburkina.bf,07c99f6340f08d64c149725326652eb2
https://meteoburkina.bf/documents/215/BAD_Media24102.pdf,https://meteoburkina.bf/produits/bulletin-agrometeo-pour-les-medias/bulletin-agrometeorologique-decadaire-medias-agriculteurs-n29-11-au-20-octobre-2024/,path:.pdf,meteoburkina.bf,37efb90715059d10e70ffb92aa1ff724
https://meteoburkina.bf/documents/216/Bulletin_climat_sante_07_mai_2024.pdf,https://meteoburkina.bf/produits/bulletin-clima-sante/bulletin-vague-de-chaleur-et-sante-08-au-15-mai-2024/,path:.pdf,meteoburkina.bf,1287b2d501e0df0516be91b32fac1d86
https://meteoburkina.bf/documents/218/BAD_Media24101_OS16aMo.pdf,https://meteoburkina.bf/produits/bulletin-agrometeo-pour-les-medias/bulletin-agrometeorologique-decadaire-medias-agriculteurs-n28-1er-au-10-octobre-2024/,path:.pdf,meteoburkina.bf,88b05d7e35fe58d0480a7c736375c288
https://meteoburkina.bf/documents/22/Bad23051_npjkZqU.pdf,https://meteoburkina.bf/produits/bulletin-agrometeologique-decadaire/bulletin-agrometeorologique-decadaire-n13-01-au-10-mai-2023/,path:.pdf,meteoburkina.bf,4c444c193b50a8e972d34ce133658dcd
https://meteoburkina.bf/documents/221/Bulletin_climat_sante_14_mai_2024.pdf,https://meteoburkina.bf/produits/bulletin-clima-sante/bulletin-vague-de-chaleur-et-sante-15-au-21-mai-2024/,path:.pdf,meteoburkina.bf,bc1e82527149efc892b10ec2261e3013
https://meteoburkina.bf/documents/222/Bulletin_vagues_de_chaleur_21052024.pdf,https://meteoburkina.bf/produits/bulletin-clima-sante/bulletin-vague-de-chaleur-et-sante-21-au-28-mai-2024/,path:.pdf,meteoburkina.bf,c82e93097bff81ff92f58c0ab0647e01
https://meteoburkina.bf/documents/226/BAD25022_m%C3%A9dia.pdf,https://meteoburkina.bf/produits/bulletin-agrometeo-pour-les-medias/bulletin-agrom%C3%A9t%C3%A9orologique-d%C3%A9cadaire-m%C3%A9dias-agriculteurs-n5-valable-du-21-au-28-f%C3%A9vrier-2025/,path:.pdf,meteoburkina.bf,156eac92826d1f25e58b8240653a0b0e
https://meteoburkina.bf/documents/227/BAD25022.pdf,https://meteoburkina.bf/produits/bulletin-agrometeologique-decadaire/bulletin-agrom%C3%A9t%C3%A9orologique-d%C3%A9cadaire-n5-valable-du-21-au-28-f%C3%A9vrier-2025/,path:.pdf,meteoburkina.bf,3576d84f6a0e6ce2fd5670bc6c70b950
https://meteoburkina.bf/documents/23/Bad23061.pdf,https://meteoburkina.bf/produits/bulletin-agrometeologique-decadaire/bulletin-agrometeorologique-decadaire-n16-01-au-10-mai-2023/,path:.pdf,meteoburkina.bf,030c498df94b16c1db4fcd6239e49cf0
https://meteoburkina.bf/documents/231/BAD25023.pdf,https://meteoburkina.bf/produits/bulletin-agrometeologique-decadaire/bulletin-agrom%C3%A9t%C3%A9orologique-d%C3%A9cadaire-n6-valable-du-01-au-10-mars-2025/,path:.pdf,meteoburkina.bf,7653451e36f3274d305d7796d73c0ed4
https://meteoburkina.bf/documents/232/BAD25023_m%C3%A9dia.pdf,https://meteoburkina.bf/produits/bulletin-agrometeo-pour-les-medias/bulletin-agrom%C3%A9t%C3%A9orologique-d%C3%A9cadaire-m%C3%A9dias-agriculteurs-n6-valable-du-1er-au-10-mars-2025/,path:.pdf,meteoburkina.bf,785d585f5e69d88677d3334ab03f8d92
https://meteoburkina.bf/documents/24/Bad23052.pdf,https://meteoburkina.bf/produits/bulletin-agrometeologique-decadaire/bulletin-agrometeorologique-decadaire-n14-11-au-20-mai-2023/,path:.pdf,meteoburkina.bf,10e8524e240e68f401177192a6829147
https://meteoburkina.bf/documents/247/BAD25031.pdf,https://meteoburkina.bf/produits/bulletin-agrometeologique-decadaire/bulletin-agrom%C3%A9t%C3%A9orologique-d%C3%A9cadaire-n7-valable-du-11-au-20-mars-2025/,path:.pdf,meteoburkina.bf,bc0f169fdb912906d4c96e96df95e966
https://meteoburkina.bf/documents/248/BAD25031_m%C3%A9dia.pdf,https://meteoburkina.bf/produits/bulletin-agrometeo-pour-les-medias/bulletin-agrom%C3%A9t%C3%A9orologique-d%C3%A9cadaire-m%C3%A9dias-agriculteurs-n7-valable-du-11-au-20-mars-2025/,path:.pdf,meteoburkina.bf,1b296094661cef7299fc59c4c598d8cb
https://meteoburkina.bf/documents/25/Bad23053.pdf,https://meteoburkina.bf/produits/bulletin-agrometeologique-decadaire/bulletin-agrometeorologique-decadaire-n15-21-au-31-mai-2023/,path:.pdf,meteoburkina.bf,794748daca8160a40d29089a44b60647
https://meteoburkina.bf/documents/252/Bulletin_climat_sante_19_Mars_2025.pdf,https://meteoburkina.bf/produits/bulletin-clima-sante/bulletin-vague-de-chaleur-et-sante-19-au-25-mars-2025/,path:.pdf,meteoburkina.bf,4462f38939ef45ddef9e4a432c4c8add
https://meteoburkina.bf/documents/253/BAD25032.pdf,https://meteoburkina.bf/produits/bulletin-agrometeologique-decadaire/bulletin-agrom%C3%A9t%C3%A9orologique-d%C3%A9cadaire-n8-valable-du-21-au-31-mars-2025/,path:.pdf,meteoburkina.bf,cccbd76680e945756b18b9aa493d0e25
https://meteoburkina.bf/documents/254/BAD25032_m%C3%A9dia.pdf,https://meteoburkina.bf/produits/bulletin-agrometeo-pour-les-medias/bulletin-agrom%C3%A9t%C3%A9orologique-d%C3%A9cadaire-m%C3%A9dias-agriculteurs-n8-valable-du-21-au-31-mars-2025/,path:.pdf,meteoburkina.bf,f21a814b7eab03cc8eff673f74e6b269
https://meteoburkina.bf/documents/26/Bad23062.pdf,https://meteoburkina.bf/produits/bulletin-agrometeologique-decadaire/bulletin-agrometeorologique-decadaire-n17-11-au-20-juin-2023/,path:.pdf,meteoburkina.bf,aace435cbf237dca2f5471322a16f012
https://meteoburkina.bf/documents/263/Bulletin_climat_sante_02_au_08_Avril_2025.pdf,https://meteoburkina.bf/produits/bulletin-clima-sante/bulletin-vague-de-chaleur-et-sante-25-au-31-mars-2025/,path:.pdf,meteoburkina.bf,6123b898956a99c00b084ba0b974a4ff
https://meteoburkina.bf/documents/265/BAD25033.pdf,https://meteoburkina.bf/produits/bulletin-agrometeologique-decadaire/bulletin-agrom%C3%A9t%C3%A9orologique-d%C3%A9cadaire-n9-valable-du-01-au-10-avril-2025/,path:.pdf,meteoburkina.bf,e59142d517574db7f9c4c5c13c2d4748
https://meteoburkina.bf/documents/266/BAD25033_m%C3%A9dia.pdf,https://meteoburkina.bf/produits/bulletin-agrometeo-pour-les-medias/bulletin-agrom%C3%A9t%C3%A9orologique-d%C3%A9cadaire-m%C3%A9dias-agriculteurs-n9-valable-du-01-au-10-avril-2025/,path:.pdf,meteoburkina.bf,cdfa6646aa1f6b8958f39de5bade7baa
https://meteoburkina.bf/documents/27/Bad23063.pdf,https://meteoburkina.bf/produits/bulletin-agrometeologique-decadaire/bulletin-agrometeorologique-decadaire-n18-21-au-30-juin-2023/,path:.pdf,meteoburkina.bf,5af8675b608ea2665ff4309de5980ca5
https://meteoburkina.bf/documents/276/Bulletin_climat_sante_09_au_15_Avril_2025_XFj8wDg.pdf,https://meteoburkina.bf/produits/bulletin-clima-sante/bulletin-vague-de-chaleur-et-sante-09-au-15-avril-2025/,path:.pdf,meteoburkina.bf,b6dd44a51fb45bd125e4c423cb1d14c8
https://meteoburkina.bf/documents/280/BAD25041.pdf,https://meteoburkina.bf/produits/bulletin-agrometeologique-decadaire/bulletin-agrom%C3%A9t%C3%A9orologique-d%C3%A9cadaire-valable-du-11-au-20-avril-2025/,path:.pdf,meteoburkina.bf,d839497d7452ecd168abb48b12f09d1e
https://meteoburkina.bf/documents/281/BAD25041_m%C3%A9dia.pdf,https://meteoburkina.bf/produits/bulletin-agrometeo-pour-les-medias/bulletin-agrom%C3%A9t%C3%A9orologique-d%C3%A9cadaire-m%C3%A9dias-agriculteurs-n10-valable-du-11-au-20-avril-2025/,path:.pdf,meteoburkina.bf,6caa6a182394cb745404d404c9087542
https://meteoburkina.bf/documents/283/Bulletin_du_14_avril__2025_%C3%A0_18h00.pdf,https://meteoburkina.bf/produits/bulletin-quotidien/bulletin-meteo-du-14-avril-2025-a-18-heures/,path:.pdf,meteoburkina.bf,56ede78687bf7e3d024580735360ad50
https://meteoburkina.bf/documents/284/Bulletin_du_15_Avril__2025_%C3%A0_12h00.pdf,https://meteoburkina.bf/produits/bulletin-quotidien/bulletin-meteo-du-14-avril-2025/,path:.pdf,meteoburkina.bf,7db111d6235b6e8ec5f50aec93a09bba
https://meteoburkina.bf/documents/286/Bulletin_du_18_Avril__2025_%C3%A0_12h00.pdf,https://meteoburkina.bf/produits/bulletin-quotidien/bulletin-meteo-du-17-avril-2025/,path:.pdf,meteoburkina.bf,591b65557e918e61dbba0f5ce03ab351
https://meteoburkina.bf/documents/287/Bulletin_du_19_Avril__2025_%C3%A0_12h00.pdf,https://meteoburkina.bf/produits/bulletin-quotidien/bulletin-meteo-du-19-avril-2025/,path:.pdf,meteoburkina.bf,8b5971c4bfd3926df24243a5bf58ca6d
https://meteoburkina.bf/documents/288/Bulletin_du_21_Avril__2025_%C3%A0_12h00.pdf,https://meteoburkina.bf/produits/bulletin-quotidien/bulletin-meteo-du-21-avril-2025/,path:.pdf,meteoburkina.bf,a85c0cadedefe29c52e4ee7b58dc1173
https://meteoburkina.bf/documents/289/Bulletin_du_22_Avril__2025_%C3%A0_12h00.pdf,https://meteoburkina.bf/produits/bulletin-quotidien/bulletin-meteo-du-22-avril-2025/,path:.pdf,meteoburkina.bf,fc5914ddad82a3097fdcebb62ea6ac02
https://meteoburkina.bf/documents/290/BAD25042_m%C3%A9dia.pdf,https://meteoburkina.bf/produits/bulletin-agrometeo-pour-les-medias/bulletin-agrom%C3%A9t%C3%A9orologique-d%C3%A9cadaire-m%C3%A9dias-agriculteurs-n11-valable-du-21-au-30-avril-2025/,path:.pdf,meteoburkina.bf,02b9a0ae146c84dc1c6d78dccff7feea
https://meteoburkina.bf/documents/291/BAD25042.pdf,https://meteoburkina.bf/produits/bulletin-agrometeologique-decadaire/bulletin-agrom%C3%A9t%C3%A9orologique-d%C3%A9cadaire-n11-valable-du-21-au-30-avril-2025/,path:.pdf,meteoburkina.bf,7b194497a7e50048ef104b62c5ae3d4b
https://meteoburkina.bf/documents/292/Bulletin_du_24_Avril__2025_%C3%A0_12h00.pdf,https://meteoburkina.bf/produits/bulletin-quotidien/bulletin-meteo-du-24-avril-2025/,path:.pdf,meteoburkina.bf,f37d227d2853540abb591bc86e02a4be
https://meteoburkina.bf/documents/299/Bulletin_du_02_Mai__2025_%C3%A0_12h00.pdf,https://meteoburkina.bf/produits/bulletin-quotidien/bulletin-meteo-du-27-avril-2025/,path:.pdf,meteoburkina.bf,bfb5af59063e4d4fbc31a66e7da0398f
https://meteoburkina.bf/documents/30/Bad23081_U6hXnMX.pdf,https://meteoburkina.bf/produits/bulletin-agrometeologique-decadaire/bulletin-agrometeorologique-decadaire-n22-21-au-30-juin-2023/,path:.pdf,meteoburkina.bf,bb45b6602c99c38cb3bdb6e438b5a834
https://meteoburkina.bf/documents/300/Bulletin_du_03_Mai__2025_%C3%A0_12h00.pdf,https://meteoburkina.bf/produits/bulletin-quotidien/bulletin-meteo-du-03-mai-2025/,path:.pdf,meteoburkina.bf,cd5941f06ea3dcbb26c4e7c75567bc0d
https://meteoburkina.bf/documents/301/Bulletin_du_04_Mai__2025_%C3%A0_12h00.pdf,https://meteoburkina.bf/produits/bulletin-quotidien/bulletin-meteo-du-04-mai-2025/,path:.pdf,meteoburkina.bf,072f5b35373cbd161a8a0f0d791bca9f
https://meteoburkina.bf/documents/302/BAD25043.pdf,https://meteoburkina.bf/produits/bulletin-agrometeologique-decadaire/bulletin-agrom%C3%A9t%C3%A9orologique-d%C3%A9cadaire-n12-valable-du-01-au-10-mai-2025/,path:.pdf,meteoburkina.bf,a50fd6508dfbf2ed767f41f35b22c087
https://meteoburkina.bf/documents/303/BAD25043_m%C3%A9dia.pdf,https://meteoburkina.bf/produits/bulletin-agrometeo-pour-les-medias/bulletin-agrom%C3%A9t%C3%A9orologique-d%C3%A9cadaire-m%C3%A9dias-agriculteurs-n12-valable-du-01-au-10-mai-2025/,path:.pdf,meteoburkina.bf,331da58d98c14d11199d22911501bfda
https://meteoburkina.bf/documents/306/Bulletin_du_06_Mai__2025_%C3%A0_12h00_b4kz5oT.pdf,https://meteoburkina.bf/produits/bulletin-quotidien/bulletin-meteo-du-06-mai-2025/,path:.pdf,meteoburkina.bf,2acf0df88d62d52827ed8a2b24710ebe
https://meteoburkina.bf/documents/307/Pr%C3%A9vision_saisonni%C3%A8re_ANAM_2025.pdf,https://meteoburkina.bf/produits/bulletin-de-previsions-saisonnieres/communiqu%C3%A9-national-sur-la-pr%C3%A9vision-saisonni%C3%A8re-2025/,path:.pdf,meteoburkina.bf,9f694b3946b0f15a0e326ba29ba364d0
https://meteoburkina.bf/documents/309/Bulletin_prevision_saisonni%C3%A8re_2025_HBDSWNJ.pdf,https://meteoburkina.bf/produits/bulletin-de-previsions-saisonnieres/bulletin-de-pr%C3%A9vision-saisonni%C3%A8re-2025/,path:.pdf,meteoburkina.bf,f6c5976c142d316464146a8c76c65c1c
https://meteoburkina.bf/documents/31/Bad23082.pdf,https://meteoburkina.bf/produits/bulletin-agrometeologique-decadaire/bulletin-agrometeorologique-decadaire-n23-11-au-20-aout-2023/,path:.pdf,meteoburkina.bf,46319631eace302ef22df3ffc5184d28
https://meteoburkina.bf/documents/311/Bulletin_du_05_Mai__2025_%C3%A0_12h00_s8bRhpD.pdf,https://meteoburkina.bf/produits/bulletin-quotidien/bulletin-meteo-du-05-mai-2025/,path:.pdf,meteoburkina.bf,da5d88f3080e2982e8ad1ff78d5e9974
https://meteoburkina.bf/documents/312/BAD25051.pdf,https://meteoburkina.bf/produits/bulletin-agrometeologique-decadaire/bulletin-agrom%C3%A9t%C3%A9orologique-d%C3%A9cadaire-n13-valable-du-11-au-20-mai-2025/,path:.pdf,meteoburkina.bf,acf6959f3c85dab5a0e978dac566f19b
https://meteoburkina.bf/documents/316/Bulletin_du_16_Mai__2025_%C3%A0_12h00_6CePLvK.pdf,https://meteoburkina.bf/produits/bulletin-quotidien/bulletin-meteo-du-12-mai-2025/,path:.pdf,meteoburkina.bf,6f08b4761d9790817a9a9e3ba2abe483
https://meteoburkina.bf/documents/317/Bulletin_du_17_Mai__2025_%C3%A0_12h00.pdf,https://meteoburkina.bf/produits/bulletin-quotidien/bulletin-meteo-du-17-mai-2025/,path:.pdf,meteoburkina.bf,f3157e35fb55363d79aea68609f9ef80
https://meteoburkina.bf/documents/320/BAD25051_m%C3%A9dia.pdf,https://meteoburkina.bf/produits/bulletin-agrometeo-pour-les-medias/bulletin-agrom%C3%A9t%C3%A9orologique-d%C3%A9cadaire-m%C3%A9dias-agriculteurs-n13-valable-du-11-au-20-mai-2025/,path:.pdf,meteoburkina.bf,8cfff25b4c23c56186d9113aa2a2eebe
https://meteoburkina.bf/documents/321/Bulletin_du_20_Mai__2025_%C3%A0_12h00.pdf,https://meteoburkina.bf/produits/bulletin-quotidien/bulletin-meteo-du-18-mai-2025/,path:.pdf,meteoburkina.bf,8e86a41ea677e0e29b49bc77ca8842f8
https://meteoburkina.bf/documents/322/Bulletin_du_21_Mai__2025_%C3%A0_12h00.pdf,https://meteoburkina.bf/produits/bulletin-quotidien/bulletin-meteo-du-11-mai-2025/,path:.pdf,meteoburkina.bf,b54fff3aa8757b03bf1b2b08d7740535
https://meteoburkina.bf/documents/324/Bulletin_du_23_Mai__2025_%C3%A0_12h00.pdf,https://meteoburkina.bf/produits/bulletin-quotidien/bulletin-meteo-du-22-mai-2025/,path:.pdf,meteoburkina.bf,3863b2c8e1ec161a898f352b733ffd0d
https://meteoburkina.bf/documents/325/BAD25052.pdf,https://meteoburkina.bf/produits/bulletin-agrometeologique-decadaire/bulletin-agrom%C3%A9t%C3%A9orologique-d%C3%A9cadaire-n14-valable-du-21-au-31-mai-2025/,path:.pdf,meteoburkina.bf,27512e0de7e022fffde46a50497bd472
https://meteoburkina.bf/documents/326/BAD25052_m%C3%A9dia.pdf,https://meteoburkina.bf/produits/bulletin-agrometeo-pour-les-medias/bulletin-agrom%C3%A9t%C3%A9orologique-d%C3%A9cadaire-m%C3%A9dias-agriculteurs-n14-valable-du-21-au-31-mai-2025/,path:.pdf,meteoburkina.bf,5eacaa46ca8dc23cef5c0e530e58b373
https://meteoburkina.bf/documents/328/Bulletin_du_26_Mai__2025_%C3%A0_12h00.pdf,https://meteoburkina.bf/produits/bulletin-quotidien/bulletin-meteo-du-25-mai-2025/,path:.pdf,meteoburkina.bf,4aa1c0079704351202facb61bfd801c3
https://meteoburkina.bf/documents/329/Bulletin_du_27_Mai__2025_%C3%A0_12h00.pdf,https://meteoburkina.bf/produits/bulletin-quotidien/bulletin-meteo-du-27-mai-2025/,path:.pdf,meteoburkina.bf,5950a2c818ed887a5370b1f7b7bf573c
https://meteoburkina.bf/documents/33/Bad23083_RWvLGdd.pdf,https://meteoburkina.bf/produits/bulletin-agrometeologique-decadaire/bulletin-agrometeorologique-decadaire-n24-21-au-31-aout-2023/,path:.pdf,meteoburkina.bf,2904951457eb8f66df27e71c70fe6e1f
https://meteoburkina.bf/documents/330/Bulletin_du_31_Mai__2025_%C3%A0_12h00.pdf,https://meteoburkina.bf/produits/bulletin-quotidien/bulletin-meteo-du-31-mai-2025/,path:.pdf,meteoburkina.bf,cd7bb1b3754294dc9eee91fecfaa42ca
https://meteoburkina.bf/documents/331/BAD25053_m%C3%A9dia.pdf,https://meteoburkina.bf/produits/bulletin-agrometeo-pour-les-medias/bulletin-agrom%C3%A9t%C3%A9orologique-d%C3%A9cadaire-m%C3%A9dias-agriculteurs-n15-valable-du-01-au-10-juin-2025/,path:.pdf,meteoburkina.bf,54db0b1a1e12cf4dae16e0c80f0352f6
https://meteoburkina.bf/documents/332/BAD25053.pdf,https://meteoburkina.bf/produits/bulletin-agrometeologique-decadaire/bulletin-agrom%C3%A9t%C3%A9orologique-d%C3%A9cadaire-n15-valable-du-01-au-10-juin-2025/,path:.pdf,meteoburkina.bf,225e2624dfbc1089a7e43d0265c16f1c
https://meteoburkina.bf/documents/334/Bulletin_du_05_Juin__2025_%C3%A0_12h00.pdf,https://meteoburkina.bf/produits/bulletin-quotidien/bulletin-meteo-du-04-juin-2025/,path:.pdf,meteoburkina.bf,25e08f720add18e8cd821225d2eb24e9
https://meteoburkina.bf/documents/335/Bulletin_du_07_Juin__2025_%C3%A0_12h00.pdf,https://meteoburkina.bf/produits/bulletin-quotidien/bulletin-meteo-du-07-juin-2025/,path:.pdf,meteoburkina.bf,dffb3568a0b78337792071b1693ac9cd
https://meteoburkina.bf/documents/338/Bulletin_du_12_Juin__2025_%C3%A0_12h00.pdf,https://meteoburkina.bf/produits/bulletin-quotidien/bulletin-meteo-du-08-juin-2025/,path:.pdf,meteoburkina.bf,6689389837f7ff34d3511775d5abbd34
https://meteoburkina.bf/documents/339/Bulletin_du_12_Juin__2025_%C3%A0_12h00_COjy2cf.pdf,https://meteoburkina.bf/produits/bulletin-quotidien/bulletin-meteo-du-08-juin-2025/,path:.pdf,meteoburkina.bf,573965fea5896a6c3f5a651d41b40a1b
https://meteoburkina.bf/documents/34/pr%C3%A9vision_saisonni%C3%A8re_Juin_2023.pdf,https://meteoburkina.bf/produits/bulletin-de-previsions-saisonnieres/bulletin-de-previsions-saisonnieres-2023/,path:.pdf,meteoburkina.bf,d292c0917f3ea39263c1e1ed2e073a44
https://meteoburkina.bf/documents/340/BAD25061_m%C3%A9dia.pdf,https://meteoburkina.bf/produits/bulletin-agrometeo-pour-les-medias/bulletin-agrom%C3%A9t%C3%A9orologique-d%C3%A9cadaire-m%C3%A9dias-agriculteurs-n16-valable-du-11-au-20-juin-2025/,path:.pdf,meteoburkina.bf,1368139c492b61722eec72fe11acaf6b
https://meteoburkina.bf/documents/342/BAD25061_GIHNzwQ.pdf,https://meteoburkina.bf/produits/bulletin-agrometeologique-decadaire/bulletin-agrom%C3%A9t%C3%A9orologique-d%C3%A9cadaire-n16-valable-du-11-au-20-juin-2025/,path:.pdf,meteoburkina.bf,02c0b223b3203b273f9a128941933b84
https://meteoburkina.bf/documents/343/Bulletin_du_22_Juin__2025_%C3%A0_12h00.pdf,https://meteoburkina.bf/produits/bulletin-quotidien/bulletin-meteo-du-22-juin-2025/,path:.pdf,meteoburkina.bf,7c5fc0a741875cd3bc475673d2fbb376
https://meteoburkina.bf/documents/344/Bulletin_du_23_Juin__2025_%C3%A0_12h00.pdf,https://meteoburkina.bf/produits/bulletin-quotidien/bulletin-meteo-du-23-juin-2025/,path:.pdf,meteoburkina.bf,89cab5072fb669b44cf8c74b5a317884
https://meteoburkina.bf/documents/345/Bulletin_du_23_Juin__2025_%C3%A0_12h00_rs1w8pE.pdf,https://meteoburkina.bf/produits/bulletin-quotidien/bulletin-meteo-du-23-juin-2025/,path:.pdf,meteoburkina.bf,7a8d91f086ba857913c1c66648cc9221
https://meteoburkina.bf/documents/346/BAD25062_m%C3%A9dia.pdf,https://meteoburkina.bf/produits/bulletin-agrometeo-pour-les-medias/bulletin-agrom%C3%A9t%C3%A9orologique-d%C3%A9cadaire-m%C3%A9dias-agriculteurs-n17-valable-du-21-au-30-juin-2025/,path:.pdf,meteoburkina.bf,0fff553d21f807f0d8ac331a4f2da99d
https://meteoburkina.bf/documents/347/BAD25062.pdf,https://meteoburkina.bf/produits/bulletin-agrometeologique-decadaire/bulletin-agrom%C3%A9t%C3%A9orologique-d%C3%A9cadaire-n17-valable-du-21-au-30-juin-2025/,path:.pdf,meteoburkina.bf,e6be0ccc69130db0ee142c04e4ccdbeb
https://meteoburkina.bf/documents/348/Bulletin_du_24_Juin__2025_%C3%A0_12h00.pdf,https://meteoburkina.bf/produits/bulletin-quotidien/bulletin-meteo-du-24-juin-2025/,path:.pdf,meteoburkina.bf,4f5e093eba9d3858df22ade8c8e8c3db
https://meteoburkina.bf/documents/349/Bulletin_du_25_Juin__2025_%C3%A0_12h00.pdf,https://meteoburkina.bf/produits/bulletin-quotidien/bulletin-meteo-du-25-juin-2025/,path:.pdf,meteoburkina.bf,53eedec40d2113a8039b5af7b29e0f3f
https://meteoburkina.bf/documents/350/Bulletin_du_25_Juin__2025_%C3%A0_12h00_s8mjS0N.pdf,https://meteoburkina.bf/produits/bulletin-quotidien/bulletin-meteo-du-25-juin-2025/,path:.pdf,meteoburkina.bf,2356875fc044b7218c6eb60394f25acb
https://meteoburkina.bf/documents/351/Bulletin_du_26_Juin__2025_%C3%A0_12h00.pdf,https://meteoburkina.bf/produits/bulletin-quotidien/bulletin-meteo-du-26-juin-2025/,path:.pdf,meteoburkina.bf,250583e866aae4223bd56b9a16a6bea1
https://meteoburkina.bf/documents/352/Bulletin_du_27_Juin__2025_%C3%A0_12h00.pdf,https://meteoburkina.bf/produits/bulletin-quotidien/bulletin-meteo-du-27-juin-2025/,path:.pdf,meteoburkina.bf,906e59bf9b8e99f1aeef21a7c62e35bd
https://meteoburkina.bf/documents/353/Bulletin_du_27_Juin__2025_%C3%A0_12h00_dbzbCZ4.pdf,https://meteoburkina.bf/produits/bulletin-quotidien/bulletin-meteo-du-27-juin-2025/,path:.pdf,meteoburkina.bf,a52c7c588892e3be9b8a98798c123b1a
https://meteoburkina.bf/documents/354/Bulletin_du_28_Juin__2025_%C3%A0_12h00.pdf,https://meteoburkina.bf/produits/bulletin-quotidien/bulletin-meteo-du-28-juin-2025/,path:.pdf,meteoburkina.bf,32bc26cfe2cb7d4d34ad6bbdd80b538e
https://meteoburkina.bf/documents/355/Bulletin_du_29_Juin__2025_%C3%A0_12h00.pdf,https://meteoburkina.bf/produits/bulletin-quotidien/bulletin-meteo-du-29-juin-2025/,path:.pdf,meteoburkina.bf,f0844bb83dbf76bfb3c7f41d9d1abb6a
https://meteoburkina.bf/documents/356/Bulletin_du_29_Juin__2025_%C3%A0_12h00_KVBRjBb.pdf,https://meteoburkina.bf/produits/bulletin-quotidien/bulletin-meteo-du-29-juin-2025/,path:.pdf,meteoburkina.bf,39158e949546d43fa4ae82e967fda408
https://meteoburkina.bf/documents/357/Bulletin_du_30_Juin__2025_%C3%A0_12h00.pdf,https://meteoburkina.bf/produits/bulletin-quotidien/bulletin-meteo-du-30-juin-2025/,path:.pdf,meteoburkina.bf,a85d41181fe4d100ffcca9da7e160f26
https://meteoburkina.bf/documents/358/Bulletin_Mensuel_du_1er_Juillet_2025.pdf,https://meteoburkina.bf/produits/bulletin-mensuel/bulletin-mensuel-du-1er-juillet-2025-valable-du-02-au-29-juillet-2025/,path:.pdf,meteoburkina.bf,7eff5979678fe20602d3e42a1509e84e
https://meteoburkina.bf/documents/360/BAD25063.pdf,https://meteoburkina.bf/produits/bulletin-agrometeologique-decadaire/bulletin-agrom%C3%A9t%C3%A9orologique-d%C3%A9cadaire-n18-valable-du-01-au-10-juillet-2025/,path:.pdf,meteoburkina.bf,b07a3e7636cd8451ea998793abbf2f9b
https://meteoburkina.bf/documents/361/BAD25063_m%C3%A9dia.pdf,https://meteoburkina.bf/produits/bulletin-agrometeo-pour-les-medias/bulletin-agrom%C3%A9t%C3%A9orologique-d%C3%A9cadaire-m%C3%A9dias-agriculteurs-n18-valable-du-01-au-10-juillet-2025/,path:.pdf,meteoburkina.bf,5eebf5a3908888ea9b55037d47a42d8b
https://meteoburkina.bf/documents/362/Bulletin_du_04_Juillet__2025_%C3%A0_12h00.pdf,https://meteoburkina.bf/produits/bulletin-quotidien/bulletin-meteo-du-03-juillet-2025/,path:.pdf,meteoburkina.bf,9508da76387c47528728cc71e2a80d53
https://meteoburkina.bf/documents/363/Bulletin_du_06_Juillet__2025_%C3%A0_12h00.pdf,https://meteoburkina.bf/produits/bulletin-quotidien/bulletin-meteo-du-09-juillet-2025/,path:.pdf,meteoburkina.bf,db7d56a2eedd69aab10a09dd7c446d6a
https://meteoburkina.bf/documents/364/Bulletin_du_08_Juillet__2025_%C3%A0_12h00.pdf,https://meteoburkina.bf/produits/bulletin-quotidien/bulletin-meteo-du-09-juillet-2025/,path:.pdf,meteoburkina.bf,010edf7a23e993e3e529665811f92097
https://meteoburkina.bf/documents/367/Bulletin_du_09_Juillet__2025_%C3%A0_12h00.pdf,https://meteoburkina.bf/produits/bulletin-quotidien/bulletin-meteo-du-08-juillet-2025/,path:.pdf,meteoburkina.bf,30086781a952acad0b5332216171ec6b
https://meteoburkina.bf/documents/368/Bulletin_du_11_Juillet__2025_%C3%A0_12h00.pdf,https://meteoburkina.bf/produits/bulletin-quotidien/bulletin-meteo-du-12-juillet-2025/,path:.pdf,meteoburkina.bf,e893fd3482be720e279a0f5db9c9211a
https://meteoburkina.bf/documents/37/pr%C3%A9vision_saisonni%C3%A8re_Avril_2020_RXNP9LM.pdf,https://meteoburkina.bf/produits/bulletin-de-previsions-saisonnieres/bulletin-de-previsions-saisonnieres-2020/,path:.pdf,meteoburkina.bf,c6f0ad0ae7c1211532fbcae1459297d7
https://meteoburkina.bf/documents/372/BAD25071.pdf,https://meteoburkina.bf/produits/bulletin-agrometeologique-decadaire/bulletin-agrom%C3%A9t%C3%A9orologique-d%C3%A9cadaire-n19-valable-du-11-au-20-juillet-2025/,path:.pdf,meteoburkina.bf,48d5c3917aca2cd53d2dffb35ff45e60
https://meteoburkina.bf/documents/373/BAD25071_m%C3%A9dia.pdf,https://meteoburkina.bf/produits/bulletin-agrometeo-pour-les-medias/bulletin-agrom%C3%A9t%C3%A9orologique-d%C3%A9cadaire-m%C3%A9dias-agriculteurs-n19-valable-du-11-au-20-juillet-2025/,path:.pdf,meteoburkina.bf,cc2135340348131bf17d9cfa5fdf35c4
https://meteoburkina.bf/documents/375/Bulletin_Mensuel_du_15_juillet_2025.pdf,https://meteoburkina.bf/produits/bulletin-mensuel/bulletin-mensuel-du-15-juillet-2025-valable-du-16-juillet-au-12-ao%C3%BBt-2025/,path:.pdf,meteoburkina.bf,63e4b77375c55aaf50611068f3bea2a1
https://meteoburkina.bf/documents/376/Bulletin_m%C3%A9t%C3%A9orologique_hebdomadaire_du_14_au_20_juillet_2025.pdf,https://meteoburkina.bf/produits/bulletin-hebdomadaire/bulletin-m%C3%A9t%C3%A9orologique-hebdomadaire-du-15-au-21-juillet-2025/,path:.pdf,meteoburkina.bf,305c331826bf7fdd0fcbf2f90c7894a1
https://meteoburkina.bf/documents/377/Bulletin_du_17_Juillet__2025_%C3%A0_12h00.pdf,https://meteoburkina.bf/produits/bulletin-quotidien/bulletin-meteo-du-11-juillet-2025/,path:.pdf,meteoburkina.bf,3a641488b656e9eab7a94973cd581501
https://meteoburkina.bf/documents/378/Bulletin_du_18_Juillet__2025_%C3%A0_12h00.pdf,https://meteoburkina.bf/produits/bulletin-quotidien/bulletin-meteo-du-19-juillet-2025/,path:.pdf,meteoburkina.bf,e332c4a27e7cb954263e31745e1be8e5
https://meteoburkina.bf/documents/379/Bulletin_du_19_Juillet__2025_%C3%A0_12h00.pdf,https://meteoburkina.bf/produits/bulletin-quotidien/bulletin-meteo-du-17-juillet-2025/,path:.pdf,meteoburkina.bf,df5d004129006b93e452d883dcff05be
https://meteoburkina.bf/documents/38/pr%C3%A9vision_saisonni%C3%A8re_Mai_2019.pdf,https://meteoburkina.bf/produits/bulletin-de-previsions-saisonnieres/bulletin-de-previsions-saisonnieres-2019/,path:.pdf,meteoburkina.bf,70d55081d535ed8cdb536c4975a2b297
https://meteoburkina.bf/documents/383/Bulletin_m%C3%A9t%C3%A9orologique_hebdomadaire_du_21_au_27_juillet_2025_Lb5GDjm.pdf,https://meteoburkina.bf/produits/bulletin-hebdomadaire/bulletin-m%C3%A9t%C3%A9orologique-hebdomadaire-du-21-au-27-juillet-2025/,path:.pdf,meteoburkina.bf,52238b2ec3fbbe3dcc764bedeba769a3
https://meteoburkina.bf/documents/384/Bulletin_du_21_Juillet__2025_%C3%A0_12h00.pdf,https://meteoburkina.bf/produits/bulletin-quotidien/bulletin-meteo-du-20-juillet-2025/,path:.pdf,meteoburkina.bf,90aca7f2cf0bb5a646872ba03b2ada87
https://meteoburkina.bf/documents/386/Bulletin_du_23_Juillet__2025_%C3%A0_12h00.pdf,https://meteoburkina.bf/produits/bulletin-quotidien/bulletin-meteo-du-22-juillet-2025/,path:.pdf,meteoburkina.bf,0fe8a4063b8635fd0c92090531af66d2
https://meteoburkina.bf/documents/387/BAD25072.pdf,https://meteoburkina.bf/produits/bulletin-agrometeologique-decadaire/bulletin-agrom%C3%A9t%C3%A9orologique-d%C3%A9cadaire-n20-valable-du-21-au-31-juillet-2025/,path:.pdf,meteoburkina.bf,f4395d669c4cdcb9cc226f7c8fcdc4f9
https://meteoburkina.bf/documents/388/BAD25072_media.pdf,https://meteoburkina.bf/produits/bulletin-agrometeo-pour-les-medias/bulletin-agrom%C3%A9t%C3%A9orologique-d%C3%A9cadaire-m%C3%A9dias-agriculteurs-n20-valable-du-21-au-31-juillet-2025/,path:.pdf,meteoburkina.bf,9d44ac56df90542d87fdc98e40560985
https://meteoburkina.bf/documents/389/Bulletin_du_28_Juillet__2025_%C3%A0_12h00.pdf,https://meteoburkina.bf/produits/bulletin-quotidien/bulletin-m%C3%A9t%C3%A9o-du-28-juillet-2025-%C3%A0-12h-valable-jusquau-29-juillet-2025-%C3%A0-12h/,path:.pdf,meteoburkina.bf,2cc75df17a5ababcdfe19a3a29285b5c
https://meteoburkina.bf/documents/39/pr%C3%A9vision_saisonni%C3%A8re_May_2018.pdf,https://meteoburkina.bf/produits/bulletin-de-previsions-saisonnieres/bulletin-de-previsions-saisonnieres-2018/,path:.pdf,meteoburkina.bf,6f2a119f3e853ff2394bcd3f52bee84e
https://meteoburkina.bf/documents/390/Bulletin_du_27_Juillet__2025_%C3%A0_12h00.pdf,https://meteoburkina.bf/produits/bulletin-quotidien/bulletin-m%C3%A9t%C3%A9o-du-27-juillet-2025-%C3%A0-12h-valable-jusquau-28-juillet-2025-%C3%A0-12h/,path:.pdf,meteoburkina.bf,015692addf09d8d26226c75abc827c20
https://meteoburkina.bf/documents/391/Bulletin_du_27__juillet__2025_%C3%A0_18h00.pdf,https://meteoburkina.bf/produits/bulletin-quotidien/bulletin-m%C3%A9t%C3%A9o-du-27-juillet-2025-%C3%A0-18h-valable-jusquau-28-juillet-2025-%C3%A0-18h/,path:.pdf,meteoburkina.bf,93487a2fd26f3a903c3e36fb486c7ceb
https://meteoburkina.bf/documents/392/Bulletin_du_26__juillet__2025_%C3%A0_18h00.pdf,https://meteoburkina.bf/produits/bulletin-quotidien/bulletin-m%C3%A9t%C3%A9o-du-26-juillet-2025-%C3%A0-18h-valable-jusquau-27-juillet-2025-%C3%A0-18h/,path:.pdf,meteoburkina.bf,e679645d9f2c00f2f701d64b9e0087f0
https://meteoburkina.bf/documents/393/Bulletin_du_26_Juillet__2025_%C3%A0_12h00.pdf,https://meteoburkina.bf/produits/bulletin-quotidien/bulletin-m%C3%A9t%C3%A9o-du-26-juillet-2025-%C3%A0-12h-valable-jusquau-27-juillet-2025-%C3%A0-12h/,path:.pdf,meteoburkina.bf,fef56dfc0be3d3bc1dcea06e4ce75e64
https://meteoburkina.bf/documents/394/Bulletin_du_25_Juillet__2025_%C3%A0_12h00.pdf,https://meteoburkina.bf/produits/bulletin-quotidien/bulletin-m%C3%A9t%C3%A9o-du-25-juillet-2025-%C3%A0-12h-valable-jusquau-26-juillet-2025-%C3%A0-12h/,path:.pdf,meteoburkina.bf,da7cf29965b410c575fb6caa923cff66
https://meteoburkina.bf/documents/395/Bulletin_du_25_juillet__2025_%C3%A0_18h00.pdf,https://meteoburkina.bf/produits/bulletin-quotidien/bulletin-m%C3%A9t%C3%A9o-du-25-juillet-2025-%C3%A0-18h-valable-jusquau-26-juillet-2025-%C3%A0-18h/,path:.pdf,meteoburkina.bf,c6c4934c6af744d74feb2d34df3bf92e
https://meteoburkina.bf/documents/396/Bulletin_du_28__juillet__2025_%C3%A0_18h00.pdf,https://meteoburkina.bf/produits/bulletin-quotidien/bulletin-m%C3%A9t%C3%A9o-du-28-juillet-2025-%C3%A0-18h-valable-jusquau-29-juillet-2025-%C3%A0-18h/,path:.pdf,meteoburkina.bf,abbacd88d25cadcae12f2f83d52a0b91
https://meteoburkina.bf/documents/397/Bulletin_du_24_juillet__2025_%C3%A0_18h00.pdf,https://meteoburkina.bf/produits/bulletin-quotidien/bulletin-m%C3%A9t%C3%A9o-du-24-juillet-2025-%C3%A0-18h-valable-jusquau-25-juillet-2025-%C3%A0-18h/,path:.pdf,meteoburkina.bf,f72128604c39eadd29fd4aae5fdca620
https://meteoburkina.bf/documents/398/Bulletin_du_24_Juillet__2025_%C3%A0_12h00_1.pdf,https://meteoburkina.bf/produits/bulletin-quotidien/bulletin-m%C3%A9t%C3%A9o-du-24-juillet-2025-%C3%A0-12h-valable-jusquau-25-juillet-2025-%C3%A0-12h/,path:.pdf,meteoburkina.bf,d37e845a47c8efe15f9d81753026f102
https://meteoburkina.bf/documents/399/Bulletin_du_23_juillet__2025_%C3%A0_18h00_1.pdf,https://meteoburkina.bf/produits/bulletin-quotidien/bulletin-m%C3%A9t%C3%A9o-du-23-juillet-2025-%C3%A0-18h-valable-jusquau-24-juillet-2025-%C3%A0-18h/,path:.pdf,meteoburkina.bf,dc5978f98372105d50a2f50ee86d31fc
https://meteoburkina.bf/documents/40/Bad23091_G6RSSFQ.pdf,https://meteoburkina.bf/produits/bulletin-agrometeologique-decadaire/bulletin-agrometeorologique-decadaire-n25-01-au-10-septembre-2023/,path:.pdf,meteoburkina.bf,26679032d6b085102a59c65bd221076a
https://meteoburkina.bf/documents/400/Communication_National_2025_Mise_%C3%A0_jour_de_Juin.pdf,https://meteoburkina.bf/produits/bulletin-de-previsions-saisonnieres/communiqu%C3%A9-national-sur-la-pr%C3%A9vision-saisonni%C3%A8re-2025-mise-%C3%A0-jour-de-juin/,path:.pdf,meteoburkina.bf,551e72a5b248642b776fbb2edbabe014
https://meteoburkina.bf/documents/402/Bulletin_m%C3%A9t%C3%A9orologique_hebdomadaire_du_28_juillet_au_03_ao%C3%BBt_2025_b1AvQGL.pdf,https://meteoburkina.bf/produits/bulletin-hebdomadaire/bulletin-m%C3%A9t%C3%A9orologique-hebdomadaire-du-28-juillet-au-03-ao%C3%BBt-2025/,path:.pdf,meteoburkina.bf,3772d82543a56ee466c75a2571f82377
https://meteoburkina.bf/documents/403/Bulletin_du_29_Juillet__2025_%C3%A0_12h00.pdf,https://meteoburkina.bf/produits/bulletin-quotidien/bulletin-m%C3%A9t%C3%A9o-du-29-juillet-2025-%C3%A0-12h-valable-jusquau-30-juillet-2025-%C3%A0-12h/,path:.pdf,meteoburkina.bf,85f3de22cd53a00d665f7d4abe7d7ba4
https://meteoburkina.bf/documents/404/Bulletin_du_29__juillet__2025_%C3%A0_18h00.pdf,https://meteoburkina.bf/produits/bulletin-quotidien/bulletin-m%C3%A9t%C3%A9o-du-29-juillet-2025-%C3%A0-18h-valable-jusquau-30-juillet-2025-%C3%A0-18h/,path:.pdf,meteoburkina.bf,6a93348316b76a26b840850752b1254b
https://meteoburkina.bf/documents/405/Bulletin_du_30__juillet__2025_%C3%A0_18h00.pdf,https://meteoburkina.bf/produits/bulletin-quotidien/bulletin-m%C3%A9t%C3%A9o-du-30-juillet-2025-%C3%A0-18h-valable-jusquau-31-juillet-2025-%C3%A0-18h/,path:.pdf,meteoburkina.bf,ad7a199138900890ccbbe695a8a1f903
https://meteoburkina.bf/documents/406/Bulletin_du_30_Juillet__2025_%C3%A0_12h00.pdf,https://meteoburkina.bf/produits/bulletin-quotidien/bulletin-m%C3%A9t%C3%A9o-du-30-juillet-2025-%C3%A0-12h-valable-jusquau-31-juillet-2025-%C3%A0-12h/,path:.pdf,meteoburkina.bf,9890d18ca084ea3385718643d6e73358
https://meteoburkina.bf/documents/407/Bulletin_Mensuel_du_28_juillet_2025.pdf,https://meteoburkina.bf/produits/bulletin-mensuel/bulletin-mensuel-du-28-juillet-2025-valable-du-28-juillet-au-24-ao%C3%BBt-2025/,path:.pdf,meteoburkina.bf,2f7597b6039bdbaa0f70ee719ab8274a
https://meteoburkina.bf/documents/408/Bulletin_du_31_Juillet__2025_%C3%A0_12h00.pdf,https://meteoburkina.bf/produits/bulletin-quotidien/bulletin-m%C3%A9t%C3%A9o-du-31-juillet-2025-%C3%A0-12h-valable-jusquau-1er-ao%C3%BBt-2025-%C3%A0-12h/,path:.pdf,meteoburkina.bf,3bd814ea0dd6343db9b38d6a904f17f7
https://meteoburkina.bf/documents/409/Bulletin_du_31_juillet__2025_%C3%A0_18h00.pdf,https://meteoburkina.bf/produits/bulletin-quotidien/bulletin-m%C3%A9t%C3%A9o-du-31-juillet-2025-%C3%A0-18h-valable-jusquau-1er-ao%C3%BBt-2025-%C3%A0-18h/,path:.pdf,meteoburkina.bf,f1883796d9f70cc752df098969fa1869
https://meteoburkina.bf/documents/41/Bad23092.pdf,https://meteoburkina.bf/produits/bulletin-agrometeologique-decadaire/bulletin-agrometeorologique-decadaire-n26-11-au-20-septembre-2023/,path:.pdf,meteoburkina.bf,0d635d3dfe34643652df605a6d084dbe
https://meteoburkina.bf/documents/410/Bulletin_du_1er_Ao%C3%BBt__2025_%C3%A0_18h00.pdf,https://meteoburkina.bf/produits/bulletin-quotidien/bulletin-m%C3%A9t%C3%A9o-du-1er-ao%C3%BBt-2025-%C3%A0-18h-valable-jusquau-02-ao%C3%BBt-2025-%C3%A0-18h/,path:.pdf,meteoburkina.bf,5d311d000af288f7d4a1eaad975d6770
https://meteoburkina.bf/documents/411/Bulletin_du_1er_Ao%C3%BBt__2025_%C3%A0_12h00.pdf,https://meteoburkina.bf/produits/bulletin-quotidien/bulletin-m%C3%A9t%C3%A9o-du-1er-ao%C3%BBt-2025-%C3%A0-12h-valable-jusquau-02-ao%C3%BBt-2025-%C3%A0-12h/,path:.pdf,meteoburkina.bf,e228afb82b847aabcb51adb8ecec69d4
https://meteoburkina.bf/documents/412/Bulletin_du_02_Ao%C3%BBt__2025_%C3%A0_12h00.pdf,https://meteoburkina.bf/produits/bulletin-quotidien/bulletin-m%C3%A9t%C3%A9o-du-02-ao%C3%BBt-2025-%C3%A0-12h-valable-jusquau-03-ao%C3%BBt-2025-%C3%A0-12h/,path:.pdf,meteoburkina.bf,f1ff034d9ef76b8c45f3aa53b0feb1c1
https://meteoburkina.bf/documents/413/Bulletin_du_02_Ao%C3%BBt__2025_%C3%A0_18h00.pdf,https://meteoburkina.bf/produits/bulletin-quotidien/bulletin-m%C3%A9t%C3%A9o-du-02-ao%C3%BBt-2025-%C3%A0-18h-valable-jusquau-03-ao%C3%BBt-2025-%C3%A0-18h/,path:.pdf,meteoburkina.bf,8840e0304c7275587320fce735c9d41a
https://meteoburkina.bf/documents/414/Bulletin_du_03_Ao%C3%BBt__2025_%C3%A0_12h00.pdf,https://meteoburkina.bf/produits/bulletin-quotidien/bulletin-m%C3%A9t%C3%A9o-du-03-ao%C3%BBt-2025-%C3%A0-12h-valable-jusquau-04-ao%C3%BBt-2025-%C3%A0-12h/,path:.pdf,meteoburkina.bf,421b0e9b2af8710bf98670c3ad73b669
https://meteoburkina.bf/documents/415/BAD25073_media.pdf,https://meteoburkina.bf/produits/bulletin-agrometeo-pour-les-medias/bulletin-agrom%C3%A9t%C3%A9orologique-d%C3%A9cadaire-m%C3%A9dias-agriculteurs-n21-valable-du-1er-au-10-ao%C3%BBt-2025/,path:.pdf,meteoburkina.bf,660a4a2d08821ec69d30b62df9a22d88
https://meteoburkina.bf/documents/416/BAD25073.pdf,https://meteoburkina.bf/produits/bulletin-agrometeologique-decadaire/bulletin-agrom%C3%A9t%C3%A9orologique-d%C3%A9cadaire-n21-valable-du-1er-au-10-ao%C3%BBt-2025/,path:.pdf,meteoburkina.bf,fd8bd24a671b3a14050fd17ab6cda86e
https://meteoburkina.bf/documents/417/Bulletin_du_03_Ao%C3%BBt__2025_%C3%A0_18h00.pdf,https://meteoburkina.bf/produits/bulletin-quotidien/bulletin-m%C3%A9t%C3%A9o-du-03-ao%C3%BBt-2025-%C3%A0-18h-valable-jusquau-04-ao%C3%BBt-2025-%C3%A0-18h/,path:.pdf,meteoburkina.bf,9a7742b6fe80b485e657fe7299bb1ef3
https://meteoburkina.bf/documents/418/Bulletin_du_04_Ao%C3%BBt__2025_%C3%A0_12h00.pdf,https://meteoburkina.bf/produits/bulletin-quotidien/bulletin-m%C3%A9t%C3%A9o-du-04-ao%C3%BBt-2025-%C3%A0-12h-valable-jusquau-05-ao%C3%BBt-2025-%C3%A0-12h/,path:.pdf,meteoburkina.bf,cafb584d637a6e3c48504c0a723d1491
https://meteoburkina.bf/documents/419/Bulletin_du_04_Ao%C3%BBt__2025_%C3%A0_18h00.pdf,https://meteoburkina.bf/produits/bulletin-quotidien/bulletin-m%C3%A9t%C3%A9o-du-04-ao%C3%BBt-2025-%C3%A0-18h-valable-jusquau-05-ao%C3%BBt-2025-%C3%A0-18h/,path:.pdf,meteoburkina.bf,a7b3da2913abca4cccc7db0cd092bb7b
https://meteoburkina.bf/documents/42/Bad23101.pdf,https://meteoburkina.bf/produits/bulletin-agrometeologique-decadaire/bulletin-agrometeorologique-decadaire-n28-01-au-10-octobre-2023/,path:.pdf,meteoburkina.bf,c446c420f1df3c55f097a25f34eeca03
https://meteoburkina.bf/documents/420/Bulletin_du_05_Ao%C3%BBt__2025_%C3%A0_12h00.pdf,https://meteoburkina.bf/produits/bulletin-quotidien/bulletin-m%C3%A9t%C3%A9o-du-05-ao%C3%BBt-2025-%C3%A0-12h-valable-jusquau-06-ao%C3%BBt-2025-%C3%A0-12h/,path:.pdf,meteoburkina.bf,261f0fac2aaa50f371d728af683596d1
https://meteoburkina.bf/documents/421/Bulletin_du_05_Ao%C3%BBt__2025_%C3%A0_18h00.pdf,https://meteoburkina.bf/produits/bulletin-quotidien/bulletin-m%C3%A9t%C3%A9o-du-05-ao%C3%BBt-2025-%C3%A0-18h-valable-jusquau-06-ao%C3%BBt-2025-%C3%A0-18h/,path:.pdf,meteoburkina.bf,aaae1c0d442a83e34612938299ff50f9
https://meteoburkina.bf/documents/422/Bulletin_m%C3%A9t%C3%A9orologique_hebdomadaire_du_04_au_10_ao%C3%BBt_2025.pdf,https://meteoburkina.bf/produits/bulletin-hebdomadaire/bulletin-m%C3%A9t%C3%A9orologique-hebdomadaire-du-04-au-10-ao%C3%BBt-2025/,path:.pdf,meteoburkina.bf,bf6efec06612d1c6460cf1dcb4ee0eda
https://meteoburkina.bf/documents/423/SITUATION_PLUVIOMETRIQUE_AU_30_JUIN_2025_VF_version_publique_1.pdf,https://meteoburkina.bf/produits/bulletin-agrometeorologique-mensuel/situation-pluviom%C3%A9trique-du-1er-au-30-juin-2025/,path:.pdf,meteoburkina.bf,c30f3bb0f5537639748a002167eba8b3
https://meteoburkina.bf/documents/425/SITUATION_PLUVIOMETRIQUE_AU_31_Juillet_2025_VF_version_publique_2_Mkcm0gx.pdf,https://meteoburkina.bf/produits/bulletin-agrometeorologique-mensuel/situation-pluviom%C3%A9trique-du-1er-avril-au-31-juillet-2025/,path:.pdf,meteoburkina.bf,86ca1f2ee74ba4e5458f1f71276da667
https://meteoburkina.bf/documents/426/Bulletin_du_06_Ao%C3%BBt__2025_%C3%A0_12h00.pdf,https://meteoburkina.bf/produits/bulletin-quotidien/bulletin-m%C3%A9t%C3%A9o-du-06-ao%C3%BBt-2025-%C3%A0-12h-valable-jusquau-07-ao%C3%BBt-2025-%C3%A0-12h/,path:.pdf,meteoburkina.bf,969bdd553dd9344421b937f3b07f5aec
https://meteoburkina.bf/documents/427/Bulletin_du_06_Ao%C3%BBt__2025_%C3%A0_18h00.pdf,https://meteoburkina.bf/produits/bulletin-quotidien/bulletin-m%C3%A9t%C3%A9o-du-06-ao%C3%BBt-2025-%C3%A0-18h-valable-jusquau-07-ao%C3%BBt-2025-%C3%A0-18h/,path:.pdf,meteoburkina.bf,86f84c4ff9c016774af8e60b6c604089
https://meteoburkina.bf/documents/428/Bulletin_du_07_Ao%C3%BBt__2025_%C3%A0_12h00.pdf,https://meteoburkina.bf/produits/bulletin-quotidien/bulletin-m%C3%A9t%C3%A9o-du-07-ao%C3%BBt-2025-%C3%A0-12h-valable-jusquau-08-ao%C3%BBt-2025-%C3%A0-12h/,path:.pdf,meteoburkina.bf,984d88101e336431cd3e119240c4ff27
https://meteoburkina.bf/documents/429/Bulletin_du_07_Ao%C3%BBt__2025_%C3%A0_18h00.pdf,https://meteoburkina.bf/produits/bulletin-quotidien/bulletin-m%C3%A9t%C3%A9o-du-07-ao%C3%BBt-2025-%C3%A0-18h-valable-jusquau-08-ao%C3%BBt-2025-%C3%A0-18h/,path:.pdf,meteoburkina.bf,3132100d3953695a832d74e444c38da9
https://meteoburkina.bf/documents/430/Bulletin_du_08_Ao%C3%BBt__2025_%C3%A0_12h00.pdf,https://meteoburkina.bf/produits/bulletin-quotidien/bulletin-m%C3%A9t%C3%A9o-du-07-ao%C3%BBt-2025-%C3%A0-12h-valable-jusquau-09-ao%C3%BBt-2025-%C3%A0-12h/,path:.pdf,meteoburkina.bf,f6542816b7db0d8a9d66b4c6cb9927c8
https://meteoburkina.bf/documents/433/Bulletin_juillet_2025_PyJXQVr.pdf,https://meteoburkina.bf/produits/bulletin-climatique-mensuel/bulletin-climatique-mensuel/,path:.pdf,meteoburkina.bf,8c2d0b0d7fa6a72e30c0a06c88444049
https://meteoburkina.bf/documents/434/Bulletin_du_09_Ao%C3%BBt__2025_%C3%A0_12h00.pdf,https://meteoburkina.bf/produits/bulletin-quotidien/bulletin-meteo-du-09-aout-2025/,path:.pdf,meteoburkina.bf,0b02b9e98ec04e88e4bfd68927430e12
https://meteoburkina.bf/documents/435/Bulletin_du_10_Ao%C3%BBt__2025_%C3%A0_12h00.pdf,https://meteoburkina.bf/produits/bulletin-quotidien/bulletin-m%C3%A9t%C3%A9o-du-10-ao%C3%BBt-2025-%C3%A0-12h-valable-jusquau-11-ao%C3%BBt-2025-%C3%A0-12h/,path:.pdf,meteoburkina.bf,a3c43bbc2c5465c1fa0c6567d2ee1ef5
https://meteoburkina.bf/documents/436/Bulletin_du_09_Ao%C3%BBt__2025_%C3%A0_12h00_i8VJPtY.pdf,https://meteoburkina.bf/produits/bulletin-quotidien/bulletin-m%C3%A9t%C3%A9o-du-09-ao%C3%BBt-2025-%C3%A0-12h-valable-jusquau-10-ao%C3%BBt-2025-%C3%A0-12h/,path:.pdf,meteoburkina.bf,626ff5e30461da7b55f27327cc3a3fa6
https://meteoburkina.bf/documents/437/Bulletin_du_09_Ao%C3%BBt__2025_%C3%A0_18h00.pdf,https://meteoburkina.bf/produits/bulletin-quotidien/bulletin-m%C3%A9t%C3%A9o-du-09-ao%C3%BBt-2025-%C3%A0-18h-valable-jusquau-10-ao%C3%BBt-2025-%C3%A0-18h/,path:.pdf,meteoburkina.bf,da483f523bba8cf2793fd23ec4757d14
https://meteoburkina.bf/documents/438/Bulletin_du_08_Ao%C3%BBt__2025_%C3%A0_18h00.pdf,https://meteoburkina.bf/produits/bulletin-quotidien/bulletin-m%C3%A9t%C3%A9o-du-08-ao%C3%BBt-2025-%C3%A0-18h-valable-jusquau-09-ao%C3%BBt-2025-%C3%A0-18h/,path:.pdf,meteoburkina.bf,39906c2971bf2206f9f71f029f6b9318
https://meteoburkina.bf/documents/439/Bulletin_du_10_Ao%C3%BBt__2025_%C3%A0_18h00.pdf,https://meteoburkina.bf/produits/bulletin-quotidien/bulletin-m%C3%A9t%C3%A9o-du-10-ao%C3%BBt-2025-%C3%A0-18h-valable-jusquau-11-ao%C3%BBt-2025-%C3%A0-18h/,path:.pdf,meteoburkina.bf,8f4916664864645058918dd694240039
https://meteoburkina.bf/documents/44/Bad23093_kB72SL6.pdf,https://meteoburkina.bf/produits/bulletin-agrometeologique-decadaire/bulletin-agrometeorologique-decadaire-n27-21-au-30-septembre-2023/,path:.pdf,meteoburkina.bf,221629d33a427782df02c4f3c6c8f940
https://meteoburkina.bf/documents/440/Bulletin_du_11_Ao%C3%BBt__2025_%C3%A0_18h00.pdf,https://meteoburkina.bf/produits/bulletin-quotidien/bulletin-m%C3%A9t%C3%A9o-du-11-ao%C3%BBt-2025-%C3%A0-18h-valable-jusquau-12-ao%C3%BBt-2025-%C3%A0-18h/,path:.pdf,meteoburkina.bf,cf7a5e0915774f7135922846a3c34770
https://meteoburkina.bf/documents/441/Bulletin_du_11_Ao%C3%BBt__2025_%C3%A0_12h00.pdf,https://meteoburkina.bf/produits/bulletin-quotidien/bulletin-m%C3%A9t%C3%A9o-du-11-ao%C3%BBt-2025-%C3%A0-12h-valable-jusquau-12-ao%C3%BBt-2025-%C3%A0-12h/,path:.pdf,meteoburkina.bf,fd54f04df9b4c50b4a489572c19bf435
https://meteoburkina.bf/documents/443/alerte12082025_moNG2fM.pdf,https://meteoburkina.bf/produits/bulletin-quotidien/alerte-m%C3%A9t%C3%A9o-du-12-ao%C3%BBt-2025-%C3%A0-09h10/,path:.pdf,meteoburkina.bf,8f2d70b48ab5817feb99c3fe51c33fde
https://meteoburkina.bf/documents/444/Bulletin_du_12_Ao%C3%BBt__2025_%C3%A0_12h00.pdf,https://meteoburkina.bf/produits/bulletin-quotidien/bulletin-m%C3%A9t%C3%A9o-du-12-ao%C3%BBt-2025-%C3%A0-12h-valable-jusquau-13-ao%C3%BBt-2025-%C3%A0-12h/,path:.pdf,meteoburkina.bf,00e524c6c12a451556f160b8b510db1d
https://meteoburkina.bf/documents/445/Bulletin_m%C3%A9t%C3%A9orologique_hebdomadaire_du_11_au_17_ao%C3%BBt_2025.pdf,https://meteoburkina.bf/produits/bulletin-hebdomadaire/bulletin-m%C3%A9t%C3%A9orologique-hebdomadaire-du-11-au-17-ao%C3%BBt-2025/,path:.pdf,meteoburkina.bf,52ecb4cb6b4c31635612901fd470d0c6
https://meteoburkina.bf/documents/446/Bulletin_du_12_Ao%C3%BBt__2025_%C3%A0_18h00_1.pdf,https://meteoburkina.bf/produits/bulletin-quotidien/bulletin-m%C3%A9t%C3%A9o-du-12-ao%C3%BBt-2025-%C3%A0-18h-valable-jusquau-13-ao%C3%BBt-2025-%C3%A0-18h/,path:.pdf,meteoburkina.bf,832861084fa20f78055f6ea755491afe
https://meteoburkina.bf/documents/447/Bulletin_Mensuel_du_12_aout_2025.pdf,https://meteoburkina.bf/produits/bulletin-mensuel/bulletin-mensuel-du-11-ao%C3%BBt-2025-valable-du-11-ao%C3%BBt-au-07-septembre-2025/,path:.pdf,meteoburkina.bf,36a6b516138018ee7eebfcbda85c01e5
https://meteoburkina.bf/documents/448/Bulletin_du_13_Ao%C3%BBt__2025_%C3%A0_12h00.pdf,https://meteoburkina.bf/produits/bulletin-quotidien/bulletin-m%C3%A9t%C3%A9o-du-13-ao%C3%BBt-2025-%C3%A0-12h-valable-jusquau-14-ao%C3%BBt-2025-%C3%A0-12h/,path:.pdf,meteoburkina.bf,c33ffaaea13dcb243a608e8a795b44a9
https://meteoburkina.bf/documents/449/BAD25081_media.pdf,https://meteoburkina.bf/produits/bulletin-agrometeo-pour-les-medias/bulletin-agrom%C3%A9t%C3%A9orologique-d%C3%A9cadaire-m%C3%A9dias-agriculteurs-n22-valable-du-11-au-20-ao%C3%BBt-2025/,path:.pdf,meteoburkina.bf,380168431aee397534071146599812ff
https://meteoburkina.bf/documents/45/Bad23102.pdf,https://meteoburkina.bf/produits/bulletin-agrometeologique-decadaire/bulletin-agrometeorologique-decadaire-n29-11-au-20-octobre-2023/,path:.pdf,meteoburkina.bf,9777dbaf99355334aec3336fd9e96e41
https://meteoburkina.bf/documents/450/BAD25081.pdf,https://meteoburkina.bf/produits/bulletin-agrometeologique-decadaire/bulletin-agrom%C3%A9t%C3%A9orologique-d%C3%A9cadaire-n22-valable-du-11-au-20-ao%C3%BBt-2025/,path:.pdf,meteoburkina.bf,b2385f117f3f8378b4a4cca17a48368a
https://meteoburkina.bf/documents/451/Bulletin_du_14_Ao%C3%BBt__2025_%C3%A0_12h00.pdf,https://meteoburkina.bf/produits/bulletin-quotidien/bulletin-meteo-du-26-avril-2025/,path:.pdf,meteoburkina.bf,069d5b0559b9f7bc99edf297f607a2ef
https://meteoburkina.bf/documents/452/Bulletin_du_14_Ao%C3%BBt__2025_%C3%A0_12h00_jocr1U2.pdf,https://meteoburkina.bf/produits/bulletin-quotidien/bulletin-meteo-du-26-avril-2025/,path:.pdf,meteoburkina.bf,cc68aeee6612fdec755613f00ae15306
https://meteoburkina.bf/documents/453/Bulletin_du_13_Ao%C3%BBt__2025_%C3%A0_18h00.pdf,https://meteoburkina.bf/produits/bulletin-quotidien/bulletin-m%C3%A9t%C3%A9o-du-13-ao%C3%BBt-2025-%C3%A0-18h-valable-jusquau-14-ao%C3%BBt-2025-%C3%A0-18h/,path:.pdf,meteoburkina.bf,0fbd419c12b0cf54ff8aec59b8f9fef8
https://meteoburkina.bf/documents/454/Bulletin_du_14_Ao%C3%BBt__2025_%C3%A0_18h00.pdf,https://meteoburkina.bf/produits/bulletin-quotidien/bulletin-m%C3%A9t%C3%A9o-du-14-ao%C3%BBt-2025-%C3%A0-18h-valable-jusquau-15-ao%C3%BBt-2025-%C3%A0-18h/,path:.pdf,meteoburkina.bf,4afde40520c7d0d713d4476509f62891
https://meteoburkina.bf/documents/456/Bulletin_du_15_Ao%C3%BBt__2025_%C3%A0_18h00.pdf,https://meteoburkina.bf/produits/bulletin-quotidien/bulletin-m%C3%A9t%C3%A9o-du-15-ao%C3%BBt-2025-%C3%A0-18h-valable-jusquau-16-ao%C3%BBt-2025-%C3%A0-18h/,path:.pdf,meteoburkina.bf,5f0ec581396d7b2b10dec764dbcf51f0
https://meteoburkina.bf/documents/457/Bulletin_du_16_Ao%C3%BBt__2025_%C3%A0_18h00.pdf,https://meteoburkina.bf/produits/bulletin-quotidien/bulletin-m%C3%A9t%C3%A9o-du-16-ao%C3%BBt-2025-%C3%A0-18h-valable-jusquau-17-ao%C3%BBt-2025-%C3%A0-18h/,path:.pdf,meteoburkina.bf,4d90b3c4eefeae10e44793973454aa3f
https://meteoburkina.bf/documents/458/Bulletin_du_16_Ao%C3%BBt__2025_%C3%A0_12h00.pdf,https://meteoburkina.bf/produits/bulletin-quotidien/bulletin-m%C3%A9t%C3%A9o-du-16-ao%C3%BBt-2025-%C3%A0-12h-valable-jusquau-17-ao%C3%BBt-2025-%C3%A0-12h/,path:.pdf,meteoburkina.bf,8f4f1677b23305e1ae83793b0c6e8f86
https://meteoburkina.bf/documents/459/Bulletin_du_17_Ao%C3%BBt__2025_%C3%A0_12h00.pdf,https://meteoburkina.bf/produits/bulletin-quotidien/bulletin-m%C3%A9t%C3%A9o-du-17-ao%C3%BBt-2025-%C3%A0-12h-valable-jusquau-18-ao%C3%BBt-2025-%C3%A0-12h/,path:.pdf,meteoburkina.bf,178516e373f4419264be03463df67b31
https://meteoburkina.bf/documents/46/bad23111.pdf,https://meteoburkina.bf/produits/bulletin-agrometeologique-decadaire/bulletin-agrometeorologique-decadaire-n31-01-au-10-novembre-2023/,path:.pdf,meteoburkina.bf,7065d57c262e779d337d2587751d2936
https://meteoburkina.bf/documents/460/Bulletin_du_17_Ao%C3%BBt__2025_%C3%A0_18h00.pdf,https://meteoburkina.bf/produits/bulletin-quotidien/bulletin-m%C3%A9t%C3%A9o-du-17-ao%C3%BBt-2025-%C3%A0-18h-valable-jusquau-18-ao%C3%BBt-2025-%C3%A0-18h/,path:.pdf,meteoburkina.bf,d7456c043defd2be25bdd6470b7f431b
https://meteoburkina.bf/documents/461/Bulletin_du_18_Ao%C3%BBt__2025_%C3%A0_12h00.pdf,https://meteoburkina.bf/produits/bulletin-quotidien/bulletin-m%C3%A9t%C3%A9o-du-18-ao%C3%BBt-2025-%C3%A0-12h-valable-jusquau-19-ao%C3%BBt-2025-%C3%A0-12h/,path:.pdf,meteoburkina.bf,badc51ba168eafe8511e5e5ce017d005
https://meteoburkina.bf/documents/462/Bulletin_du_18_Ao%C3%BBt__2025_%C3%A0_18h00.pdf,https://meteoburkina.bf/produits/bulletin-quotidien/bulletin-m%C3%A9t%C3%A9o-du-18-ao%C3%BBt-2025-%C3%A0-18h-valable-jusquau-19-ao%C3%BBt-2025-%C3%A0-18h/,path:.pdf,meteoburkina.bf,0f824b90ceb578aa692e2ab24daf4eaf
https://meteoburkina.bf/documents/463/Bulletin_du_19_Ao%C3%BBt__2025_%C3%A0_12h00.pdf,https://meteoburkina.bf/produits/bulletin-quotidien/bulletin-m%C3%A9t%C3%A9o-du-19-ao%C3%BBt-2025-%C3%A0-12h-valable-jusquau-20-ao%C3%BBt-2025-%C3%A0-12h/,path:.pdf,meteoburkina.bf,13a53e9cc8e26b5a2911d32a0ef81b02
https://meteoburkina.bf/documents/464/Bulletin_du_19_Ao%C3%BBt__2025_%C3%A0_18h00.pdf,https://meteoburkina.bf/produits/bulletin-quotidien/bulletin-m%C3%A9t%C3%A9o-du-19-ao%C3%BBt-2025-%C3%A0-18h-valable-jusquau-20-ao%C3%BBt-2025-%C3%A0-18h/,path:.pdf,meteoburkina.bf,605ccf1178050f5a3d199364c3a56e32
https://meteoburkina.bf/documents/465/Bulletin_du_20_Ao%C3%BBt__2025_%C3%A0_12h00.pdf,https://meteoburkina.bf/produits/bulletin-quotidien/bulletin-m%C3%A9t%C3%A9o-du-20-ao%C3%BBt-2025-%C3%A0-12h-valable-jusquau-21-ao%C3%BBt-2025-%C3%A0-12h/,path:.pdf,meteoburkina.bf,e83f270e76389a9224aadaf568bf9d5e
https://meteoburkina.bf/documents/467/Bulletin_du_20_Ao%C3%BBt__2025_%C3%A0_18h00.pdf,https://meteoburkina.bf/produits/bulletin-quotidien/bulletin-m%C3%A9t%C3%A9o-du-20-ao%C3%BBt-2025-%C3%A0-18h-valable-jusquau-21-ao%C3%BBt-2025-%C3%A0-18h/,path:.pdf,meteoburkina.bf,153e4e84b7700090a1f94b5e2b59d316
https://meteoburkina.bf/documents/468/Bulletin_du_21_Ao%C3%BBt__2025_%C3%A0_12h00.pdf,https://meteoburkina.bf/produits/bulletin-quotidien/bulletin-m%C3%A9t%C3%A9o-du-21-ao%C3%BBt-2025-%C3%A0-12h-valable-jusquau-22-ao%C3%BBt-2025-%C3%A0-12h/,path:.pdf,meteoburkina.bf,7b6a800ec76d9ac2a0e27c93a0691072
https://meteoburkina.bf/documents/469/Bulletin_du_21_Ao%C3%BBt__2025_%C3%A0_18h00.pdf,https://meteoburkina.bf/produits/bulletin-quotidien/bulletin-m%C3%A9t%C3%A9o-du-21-ao%C3%BBt-2025-%C3%A0-18h-valable-jusquau-22-ao%C3%BBt-2025-%C3%A0-18h/,path:.pdf,meteoburkina.bf,174cd49546ca7d945551c6accf7d7355
https://meteoburkina.bf/documents/47/Bad23103.pdf,https://meteoburkina.bf/produits/bulletin-agrometeologique-decadaire/bulletin-agrometeorologique-decadaire-n30-21-au-31-octobre-2023/,path:.pdf,meteoburkina.bf,00f09164cc9c3bf36c3949bc9814a004
https://meteoburkina.bf/documents/470/Bulletin_du_22_Ao%C3%BBt__2025_%C3%A0_12h00.pdf,https://meteoburkina.bf/produits/bulletin-quotidien/bulletin-m%C3%A9t%C3%A9o-du-22-ao%C3%BBt-2025-%C3%A0-12h-valable-jusquau-23-ao%C3%BBt-2025-%C3%A0-12h/,path:.pdf,meteoburkina.bf,54b16a62d678e30aaedbd3efe0a74952
https://meteoburkina.bf/documents/471/Bulletin_du_22_Ao%C3%BBt__2025_%C3%A0_18h00.pdf,https://meteoburkina.bf/produits/bulletin-quotidien/bulletin-m%C3%A9t%C3%A9o-du-22-ao%C3%BBt-2025-%C3%A0-18h-valable-jusquau-23-ao%C3%BBt-2025-%C3%A0-18h/,path:.pdf,meteoburkina.bf,9cd3eea4fec4390cfc6c453a5c7acaf9
https://meteoburkina.bf/documents/472/Bulletin_du_23_Ao%C3%BBt__2025_%C3%A0_12h00.pdf,https://meteoburkina.bf/produits/bulletin-quotidien/bulletin-meteo-du-23-aout-2025/,path:.pdf,meteoburkina.bf,1e7aa5cbd15b5610a1d800c2a963d7e2
https://meteoburkina.bf/documents/473/BAD25082.pdf,https://meteoburkina.bf/produits/bulletin-agrometeologique-decadaire/bulletin-agrom%C3%A9t%C3%A9orologique-d%C3%A9cadaire-n23-valable-du-21-au-31-ao%C3%BBt-2025/,path:.pdf,meteoburkina.bf,1bd7f3332c9dccdfa5fb7fae37a8436e
https://meteoburkina.bf/documents/474/Bulletin_du_23_Ao%C3%BBt__2025_%C3%A0_18h00.pdf,https://meteoburkina.bf/produits/bulletin-quotidien/bulletin-meteo-du-23-aout-2025-a-18-heures/,path:.pdf,meteoburkina.bf,2d2a69068abe3cc0acf4ce3c63f26034
https://meteoburkina.bf/documents/475/BAD25082_media.pdf,https://meteoburkina.bf/produits/bulletin-agrometeo-pour-les-medias/bulletin-agrom%C3%A9t%C3%A9orologique-d%C3%A9cadaire-m%C3%A9dias-agriculteurs-n23-valable-du-21-au-31-ao%C3%BBt-2025/,path:.pdf,meteoburkina.bf,e01f44431494c5ed77988d053e1dd303
https://meteoburkina.bf/documents/476/Bulletin_du_24_Ao%C3%BBt__2025_%C3%A0_12h00.pdf,https://meteoburkina.bf/produits/bulletin-quotidien/bulletin-m%C3%A9t%C3%A9o-du-24-ao%C3%BBt-2025-%C3%A0-12h-valable-jusquau-25-ao%C3%BBt-2025-%C3%A0-12h/,path:.pdf,meteoburkina.bf,a3880b86e0fda2d57a836d12f1186c8e
https://meteoburkina.bf/documents/477/Bulletin_du_24_Ao%C3%BBt__2025_%C3%A0_18h00.pdf,https://meteoburkina.bf/produits/bulletin-quotidien/bulletin-m%C3%A9t%C3%A9o-du-24-ao%C3%BBt-2025-%C3%A0-18h-valable-jusquau-25-ao%C3%BBt-2025-%C3%A0-18h/,path:.pdf,meteoburkina.bf,215cac3ea9523ceca879535ce9f302d0
https://meteoburkina.bf/documents/478/Bulletin_du_25_Ao%C3%BBt__2025_%C3%A0_12h00.pdf,https://meteoburkina.bf/produits/bulletin-quotidien/bulletin-m%C3%A9t%C3%A9o-du-25-ao%C3%BBt-2025-%C3%A0-12h-valable-jusquau-26-ao%C3%BBt-2025-%C3%A0-12h/,path:.pdf,meteoburkina.bf,f6d6304407cfc5393680c1ab4bf2fe7a
https://meteoburkina.bf/documents/479/Bulletin_du_25_Ao%C3%BBt__2025_%C3%A0_18h00.pdf,https://meteoburkina.bf/produits/bulletin-quotidien/bulletin-m%C3%A9t%C3%A9o-du-25-ao%C3%BBt-2025-%C3%A0-18h-valable-jusquau-26-ao%C3%BBt-2025-%C3%A0-18h/,path:.pdf,meteoburkina.bf,04de7e90373bba8cd8b92efdf27316ba
https://meteoburkina.bf/documents/48/bad23112.pdf,https://meteoburkina.bf/produits/bulletin-agrometeologique-decadaire/bulletin-agrometeorologique-decadaire-n32-11-au-20-novembre-2023/,path:.pdf,meteoburkina.bf,7a3433010385c6040e3606a144a39a25
https://meteoburkina.bf/documents/480/Bulletin_du_26_Ao%C3%BBt__2025_%C3%A0_18h00.pdf,https://meteoburkina.bf/produits/bulletin-quotidien/bulletin-m%C3%A9t%C3%A9o-du-26-ao%C3%BBt-2025-%C3%A0-18h-valable-jusquau-27-ao%C3%BBt-2025-%C3%A0-18h/,path:.pdf,meteoburkina.bf,612c86f4283700802403b91bc80ae448
https://meteoburkina.bf/documents/481/Bulletin_du_26_Ao%C3%BBt__2025_%C3%A0_12h00.pdf,https://meteoburkina.bf/produits/bulletin-quotidien/bulletin-m%C3%A9t%C3%A9o-du-26-ao%C3%BBt-2025-%C3%A0-12h-valable-jusquau-27-ao%C3%BBt-2025-%C3%A0-12h/,path:.pdf,meteoburkina.bf,6eb44869d0bd97bc12a7be27b419116d
https://meteoburkina.bf/documents/482/Bulletin_du_27_Ao%C3%BBt__2025_%C3%A0_12h00.pdf,https://meteoburkina.bf/produits/bulletin-quotidien/bulletin-m%C3%A9t%C3%A9o-du-27-ao%C3%BBt-2025-%C3%A0-12h-valable-jusquau-28-ao%C3%BBt-2025-%C3%A0-12h/,path:.pdf,meteoburkina.bf,4b918da5e0632dd4b93a3ea27f5e7b2b
https://meteoburkina.bf/documents/483/Bulletin_du_27_Ao%C3%BBt__2025_%C3%A0_18h00.pdf,https://meteoburkina.bf/produits/bulletin-quotidien/bulletin-m%C3%A9t%C3%A9o-du-27-ao%C3%BBt-2025-%C3%A0-18h-valable-jusquau-28-ao%C3%BBt-2025-%C3%A0-18h/,path:.pdf,meteoburkina.bf,abdbfee22ff95d1a9c3e47ff5c3f7042
https://meteoburkina.bf/documents/484/Bulletin_m%C3%A9t%C3%A9orologique_hebdomadaire_du_18_au_24_ao%C3%BBt_2025_1.pdf,https://meteoburkina.bf/produits/bulletin-hebdomadaire/bulletin-m%C3%A9t%C3%A9orologique-hebdomadaire-du-18-au-24-ao%C3%BBt-2025/,path:.pdf,meteoburkina.bf,c12d277744e956ca063c0cf1f081cdfa
https://meteoburkina.bf/documents/485/Bulletin_m%C3%A9t%C3%A9orologique_hebdomadaire_du_25_au_31_ao%C3%BBt_2025.pdf,https://meteoburkina.bf/produits/bulletin-hebdomadaire/bulletin-m%C3%A9t%C3%A9orologique-hebdomadaire-du-25-au-31-ao%C3%BBt-2025/,path:.pdf,meteoburkina.bf,c487a5fd0426b18061e9e2173209f081
https://meteoburkina.bf/documents/486/Bulletin_Mensuel_du_26_aout_2025.pdf,https://meteoburkina.bf/produits/bulletin-mensuel/bulletin-mensuel-du-26-ao%C3%BBt-2025-valable-du-26-ao%C3%BBt-au-21-septembre-2025/,path:.pdf,meteoburkina.bf,4ff0eaf1f943fdc39a3c8deff666f238
https://meteoburkina.bf/documents/487/Bulletin_du_28_Ao%C3%BBt__2025_%C3%A0_12h00.pdf,https://meteoburkina.bf/produits/bulletin-quotidien/bulletin-m%C3%A9t%C3%A9o-du-28-ao%C3%BBt-2025-%C3%A0-12h-valable-jusquau-29-ao%C3%BBt-2025-%C3%A0-12h/,path:.pdf,meteoburkina.bf,752773d21ccbe359d0bd5840faf9178f
https://meteoburkina.bf/documents/488/Bulletin_du_28_Ao%C3%BBt__2025_%C3%A0_18h00.pdf,https://meteoburkina.bf/produits/bulletin-quotidien/bulletin-m%C3%A9t%C3%A9o-du-28-ao%C3%BBt-2025-%C3%A0-18h-valable-jusquau-29-ao%C3%BBt-2025-%C3%A0-18h/,path:.pdf,meteoburkina.bf,fd8b99d0b130fac4449c2edfdb1a449a
https://meteoburkina.bf/documents/489/Bulletin_du_29_Ao%C3%BBt__2025_%C3%A0_12h00.pdf,https://meteoburkina.bf/produits/bulletin-quotidien/bulletin-m%C3%A9t%C3%A9o-du-29-ao%C3%BBt-2025-%C3%A0-12h-valable-jusquau-30-ao%C3%BBt-2025-%C3%A0-12h/,path:.pdf,meteoburkina.bf,a2d0e564d288d7942d3beed472a5f81c
https://meteoburkina.bf/documents/49/BAD23121.pdf,https://meteoburkina.bf/produits/bulletin-agrometeologique-decadaire/bulletin-agrometeorologique-decadaire-n34-01-au-10-decembre-2023/,path:.pdf,meteoburkina.bf,e6e129c99b7c2b2e5ec0707bace94e6d
https://meteoburkina.bf/documents/490/Bulletin_du_30_Ao%C3%BBt__2025_%C3%A0_12h00.pdf,https://meteoburkina.bf/produits/bulletin-quotidien/bulletin-m%C3%A9t%C3%A9o-du-30-ao%C3%BBt-2025-%C3%A0-12h-valable-jusquau-31-ao%C3%BBt-2025-%C3%A0-12h/,path:.pdf,meteoburkina.bf,33ba5cf40724dd69fd1082c3db555c7e
https://meteoburkina.bf/documents/491/Bulletin_du_29_Ao%C3%BBt__2025_%C3%A0_18h00.pdf,https://meteoburkina.bf/produits/bulletin-quotidien/bulletin-m%C3%A9t%C3%A9o-du-29-ao%C3%BBt-2025-%C3%A0-18h-valable-jusquau-30-ao%C3%BBt-2025-%C3%A0-18h/,path:.pdf,meteoburkina.bf,0780f2b37557c78274a1df4cb62d245d
https://meteoburkina.bf/documents/492/Bulletin_du_30_Ao%C3%BBt__2025_%C3%A0_18h00.pdf,https://meteoburkina.bf/produits/bulletin-quotidien/bulletin-m%C3%A9t%C3%A9o-du-30-ao%C3%BBt-2025-%C3%A0-18h-valable-jusquau-31-ao%C3%BBt-2025-%C3%A0-18h/,path:.pdf,meteoburkina.bf,f7af13e02f39dc1c447cb50fd75efc81
https://meteoburkina.bf/documents/493/Bulletin_du_31_Ao%C3%BBt__2025_%C3%A0_12h00.pdf,https://meteoburkina.bf/produits/bulletin-quotidien/bulletin-m%C3%A9t%C3%A9o-du-31-ao%C3%BBt-2025-%C3%A0-12h-valable-jusquau-1er-septembre-2025-%C3%A0-12h/,path:.pdf,meteoburkina.bf,1f9165933956cb425ef121a426cec658
https://meteoburkina.bf/documents/494/Bulletin_du_31_Ao%C3%BBt__2025_%C3%A0_18h00.pdf,https://meteoburkina.bf/produits/bulletin-quotidien/bulletin-m%C3%A9t%C3%A9o-du-31-ao%C3%BBt-2025-%C3%A0-18h-valable-jusquau-1er-septembre-2025-%C3%A0-18h/,path:.pdf,meteoburkina.bf,085314fb35faa2416b813f92dc75312f
https://meteoburkina.bf/documents/495/Bulletin_du_1er_Septembre__2025_%C3%A0_12h00.pdf,https://meteoburkina.bf/produits/bulletin-quotidien/bulletin-m%C3%A9t%C3%A9o-du-1er-septembre-2025-%C3%A0-12h-valable-jusquau-02-septembre-2025-%C3%A0-12h/,path:.pdf,meteoburkina.bf,d43a042bc457e41c7ff1669053fc47d2
https://meteoburkina.bf/documents/499/Bulletin_du_1er_Septembre__2025_%C3%A0_18h00.pdf,https://meteoburkina.bf/produits/bulletin-quotidien/bulletin-m%C3%A9t%C3%A9o-du-1er-septembre-2025-%C3%A0-18h-valable-jusquau-02-septembre-2025-%C3%A0-18h/,path:.pdf,meteoburkina.bf,083b1a33b33a02d8bf94f05698f97481
https://meteoburkina.bf/documents/50/BAD23122.pdf,https://meteoburkina.bf/produits/bulletin-agrometeologique-decadaire/bulletin-agrometeorologique-decadaire-n35-11-au-20-decembre-2023/,path:.pdf,meteoburkina.bf,aebb7bd0f34b6a249afe735c99f7388a
https://meteoburkina.bf/documents/501/Bulletin_m%C3%A9t%C3%A9orologique_hebdomadaire_du_1er_au_7_septembre_2025.pdf,https://meteoburkina.bf/produits/bulletin-hebdomadaire/bulletin-m%C3%A9t%C3%A9orologique-hebdomadaire-du-1er-au-07-septembre-2025/,path:.pdf,meteoburkina.bf,6640c8f66e692905ab3fe1afb444b828
https://meteoburkina.bf/documents/503/BAD25083_media.pdf,https://meteoburkina.bf/produits/bulletin-agrometeo-pour-les-medias/bulletin-agrom%C3%A9t%C3%A9orologique-d%C3%A9cadaire-m%C3%A9dias-agriculteurs-n24-valable-du-1er-au-10-septembre-2025/,path:.pdf,meteoburkina.bf,3c85dd25e33f971d87c4ecf13c6cd96e
https://meteoburkina.bf/documents/504/BAD25083.pdf,https://meteoburkina.bf/produits/bulletin-agrometeologique-decadaire/bulletin-agrom%C3%A9t%C3%A9orologique-d%C3%A9cadaire-n24-valable-du-1er-au-10-septembre-2025/,path:.pdf,meteoburkina.bf,ec7a92104bfd9519e6a1ddd1dff9e223
https://meteoburkina.bf/documents/505/Bulletin_du_02_Septembre__2025_%C3%A0_18h00.pdf,https://meteoburkina.bf/produits/bulletin-quotidien/bulletin-m%C3%A9t%C3%A9o-du-02-septembre-2025-%C3%A0-18h-valable-jusquau-03-septembre-2025-%C3%A0-18h/,path:.pdf,meteoburkina.bf,38915f574b0878f102b2504c0ccc433b
https://meteoburkina.bf/documents/507/Bulletin_du_03_Septembre__2025_%C3%A0_12h00_0OmLfu3.pdf,https://meteoburkina.bf/produits/bulletin-quotidien/bulletin-m%C3%A9t%C3%A9o-du-03-septembre-2025-%C3%A0-12h-valable-jusquau-04-septembre-2025-%C3%A0-12h/,path:.pdf,meteoburkina.bf,82ec0a406e0484cb1d32742ab5b6efc2
https://meteoburkina.bf/documents/508/Bulletin_du_03_Septembre__2025_%C3%A0_18h00.pdf,https://meteoburkina.bf/produits/bulletin-quotidien/bulletin-m%C3%A9t%C3%A9o-du-03-septembre-2025-%C3%A0-18h-valable-jusquau-04-septembre-2025-%C3%A0-18h/,path:.pdf,meteoburkina.bf,282a63d70e2b779bdec961108239771c
https://meteoburkina.bf/documents/509/Bulletin_du_04_Septembre__2025_%C3%A0_12h00.pdf,https://meteoburkina.bf/produits/bulletin-quotidien/bulletin-m%C3%A9t%C3%A9o-du-04-septembre-2025-%C3%A0-12h-valable-jusquau-05-septembre-2025-%C3%A0-12h/,path:.pdf,meteoburkina.bf,d09855b0d03e9af1a18a84575ddd32e1
https://meteoburkina.bf/documents/51/Bad23071.pdf,https://meteoburkina.bf/produits/bulletin-agrometeologique-decadaire/bulletin-agrometeorologique-decadaire-n19-01-au-10-juillet-2023/,path:.pdf,meteoburkina.bf,fbd4f7198fbb0b6b8fe98c33ba3807bd
https://meteoburkina.bf/documents/510/Bulletin_du_05_Septembre__2025_%C3%A0_12h00.pdf,https://meteoburkina.bf/produits/bulletin-quotidien/bulletin-meteo-du-15-aout-2025/,path:.pdf,meteoburkina.bf,3a84c559e865bda566f94e8a1d60cf29
https://meteoburkina.bf/documents/511/Bulletin_du_04_Septembre__2025_%C3%A0_18h00.pdf,https://meteoburkina.bf/produits/bulletin-quotidien/bulletin-m%C3%A9t%C3%A9o-du-04-septembre-2025-%C3%A0-18h-valable-jusquau-05-septembre-2025-%C3%A0-18h/,path:.pdf,meteoburkina.bf,015cfe228a074b2b19927cd8b8b3d9f8
https://meteoburkina.bf/documents/512/Bulletin_du_05_Septembre__2025_%C3%A0_18h00.pdf,https://meteoburkina.bf/produits/bulletin-quotidien/bulletin-m%C3%A9t%C3%A9o-du-05eptembre-2025-%C3%A0-18h-valable-jusquau-06-septembre-2025-%C3%A0-18h/,path:.pdf,meteoburkina.bf,8c353564ee96934894b324695e4b6ac7
https://meteoburkina.bf/documents/513/Bulletin_du_06_Septembre__2025_%C3%A0_12h00.pdf,https://meteoburkina.bf/produits/bulletin-quotidien/bulletin-m%C3%A9t%C3%A9o-du-06-septembre-2025-%C3%A0-12h-valable-jusquau-07-septembre-2025-%C3%A0-12h/,path:.pdf,meteoburkina.bf,f40b863ed3e3964c832bb31478270022
https://meteoburkina.bf/documents/514/Bulletin_du_06_Septembre__2025_%C3%A0_18h00.pdf,https://meteoburkina.bf/produits/bulletin-quotidien/bulletin-m%C3%A9t%C3%A9o-du-06-septembre-2025-%C3%A0-18h-valable-jusquau-07-septembre-2025-%C3%A0-18h/,path:.pdf,meteoburkina.bf,3a89daa3a94a340165a87f9e31256a31
https://meteoburkina.bf/documents/515/SITUATION_PLUVIOMETRIQUE_AU_31_ao%C3%BBt_2025_VF_version_publique.pdf,https://meteoburkina.bf/produits/bulletin-agrometeorologique-mensuel/situation-pluviom%C3%A9trique-du-1er-avril-au-31-ao%C3%BBt-2025/,path:.pdf,meteoburkina.bf,f17b690c3206f4e1345dee92531456cb
https://meteoburkina.bf/documents/516/Bulletin_du_07_Septembre__2025_%C3%A0_12h00.pdf,https://meteoburkina.bf/produits/bulletin-quotidien/bulletin-m%C3%A9t%C3%A9orologique-du-07-septembre-2025-%C3%A0-12h-valable-jusquau-08-septembre-2025-%C3%A0-12h/,path:.pdf,meteoburkina.bf,02653ac0aaf49ba54a8e59d909f5385d
https://meteoburkina.bf/documents/517/Bulletin_du_07_Septembre__2025_%C3%A0_18h00.pdf,https://meteoburkina.bf/produits/bulletin-quotidien/bulletin-m%C3%A9t%C3%A9orologique-du-07-septembre-2025-%C3%A0-18h-valable-jusquau-08-septembre-2025-%C3%A0-18h/,path:.pdf,meteoburkina.bf,029cc3fa527d339ec216124a861640cd
https://meteoburkina.bf/documents/519/Bulletin_du_08_Septembre__2025_%C3%A0_12h00_QjNVt3l.pdf,https://meteoburkina.bf/produits/bulletin-quotidien/bulletin-m%C3%A9t%C3%A9orologique-du-08-septembre-2025-%C3%A0-12h-valable-jusquau-09-septembre-2025-%C3%A0-12h/,path:.pdf,meteoburkina.bf,a9627e9578b922e9a972c3f4868b223c
https://meteoburkina.bf/documents/52/Bad23072.pdf,https://meteoburkina.bf/produits/bulletin-agrometeologique-decadaire/bulletin-agrometeorologique-decadaire-n20-11-au-20-juillet-2023/,path:.pdf,meteoburkina.bf,4e54fa9913619bad89fe97f2d1afdf27
https://meteoburkina.bf/documents/520/Bulletin_du_08_Septembre__2025_%C3%A0_18h00.pdf,https://meteoburkina.bf/produits/bulletin-quotidien/bulletin-m%C3%A9t%C3%A9orologique-du-08-septembre-2025-%C3%A0-18h-valable-jusquau-09-septembre-2025-%C3%A0-18h/,path:.pdf,meteoburkina.bf,a39ae26ad56a1370784a0014948c4e29
https://meteoburkina.bf/documents/521/Bulletin_du_09_Septembre__2025_%C3%A0_12h00.pdf,https://meteoburkina.bf/produits/bulletin-quotidien/bulletin-m%C3%A9t%C3%A9orologique-du-09-septembre-2025-%C3%A0-12h-valable-jusquau-10-septembre-%C3%A0-12h/,path:.pdf,meteoburkina.bf,e01ad82bd4e3fbf3638c968f95b81e04
https://meteoburkina.bf/documents/522/Bulletin_du_09_Septembre__2025_%C3%A0_18h00.pdf,https://meteoburkina.bf/produits/bulletin-quotidien/bulletin-m%C3%A9t%C3%A9orologique-du-09-septembre-%C3%A0-18h-valable-jusquau-09-septembre-2025-%C3%A0-18h/,path:.pdf,meteoburkina.bf,d367189d22a6ca9adf4d4dae2cd54223
https://meteoburkina.bf/documents/523/BAD25091.pdf,https://meteoburkina.bf/produits/bulletin-agrometeologique-decadaire/bulletin-agrom%C3%A9t%C3%A9orologique-d%C3%A9cadaire-n25-valable-du-11-au-20-septembre-2025/,path:.pdf,meteoburkina.bf,a4872448a2bf1021abe4f7a90fbea9c9
https://meteoburkina.bf/documents/524/Bulletin_du_10_Septembre__2025_%C3%A0_12h00.pdf,https://meteoburkina.bf/produits/bulletin-quotidien/bulletin-m%C3%A9t%C3%A9orologique-du-10-septembre-2025-%C3%A0-12h-valable-jusquau-11-septembre-2025-%C3%A0-12h/,path:.pdf,meteoburkina.bf,ba56e0c2f61bec1f5042fa14af37f120
https://meteoburkina.bf/documents/525/Bulletin_du_10_Septembre__2025_%C3%A0_18h00.pdf,https://meteoburkina.bf/produits/bulletin-quotidien/bulletin-m%C3%A9t%C3%A9orologique-du-10-septembre-2025-%C3%A0-18h-valable-jusquau-11-septembre-2025-%C3%A0-18h/,path:.pdf,meteoburkina.bf,bbf0e525c0e3533f576762dfe999fb18
https://meteoburkina.bf/documents/527/Bulletin_du_11_Septembre__2025_%C3%A0_18h00.pdf,https://meteoburkina.bf/produits/bulletin-quotidien/bulletin-m%C3%A9t%C3%A9orologique-du-11-septembre-2025-%C3%A0-18h-valable-jusquau-12-septembre-2025-%C3%A0-18h/,path:.pdf,meteoburkina.bf,e998a60c9bf9f16d31abf3689962a762
https://meteoburkina.bf/documents/528/Bulletin_du_12_Septembre__2025_%C3%A0_12h00.pdf,https://meteoburkina.bf/produits/bulletin-quotidien/bulletin-m%C3%A9t%C3%A9orologique-du-12-septembre-2025-%C3%A0-12h-valable-jusquau-13-septembre-2025-%C3%A0-12h/,path:.pdf,meteoburkina.bf,81421afc4a5cf2093373e8f4d4e6e396
https://meteoburkina.bf/documents/529/Bulletin_du_12_Septembre__2025_%C3%A0_18h00.pdf,https://meteoburkina.bf/produits/bulletin-quotidien/bulletin-m%C3%A9t%C3%A9orologique-du-12-septembre-2025-%C3%A0-18h-valable-jusquau-13-septembre-2025-%C3%A0-18h/,path:.pdf,meteoburkina.bf,8d9c35f13230488d396a4463c9083054
https://meteoburkina.bf/documents/53/BAD23123.pdf,https://meteoburkina.bf/produits/bulletin-agrometeologique-decadaire/bulletin-agrometeorologique-decadaire-n36-21-au-31-decembre-2023/,path:.pdf,meteoburkina.bf,8b2b4826b6e22e32fb247b964e81221c
https://meteoburkina.bf/documents/530/Bulletin_du_13_Septembre__2025_%C3%A0_12h00.pdf,https://meteoburkina.bf/produits/bulletin-quotidien/bulletin-m%C3%A9t%C3%A9orologique-du-13-septembre-2025-%C3%A0-12h-valable-jusquau-14-septembre-2025-%C3%A0-12h/,path:.pdf,meteoburkina.bf,583a402d6875c7dad252bfd066e8670f
https://meteoburkina.bf/documents/531/Bulletin_du_13_Septembre__2025_%C3%A0_18h00.pdf,https://meteoburkina.bf/produits/bulletin-quotidien/bulletin-m%C3%A9t%C3%A9orologique-du-13-septembre-2025-%C3%A0-18h-valable-jusquau-14-septembre-2025-%C3%A0-18h/,path:.pdf,meteoburkina.bf,f0fdeb7da9c3f248cf087b9bf0c887fa
https://meteoburkina.bf/documents/532/Bulletin_du_14_Septembre__2025_%C3%A0_12h00.pdf,https://meteoburkina.bf/produits/bulletin-quotidien/bulletin-m%C3%A9t%C3%A9orologique-du-14-septembre-2025-%C3%A0-12h-valable-jusquau-15-septembre-2025-%C3%A0-12h/,path:.pdf,meteoburkina.bf,eae731d783521d18a7a984262fd0d0f7
https://meteoburkina.bf/documents/534/Bulletin_Mensuel_du_09_Septembre_2025.pdf,https://meteoburkina.bf/produits/bulletin-mensuel/bulletin-mensuel-du-09-septembre-2025-valable-du-09-septembre-au-05-octobre-2025/,path:.pdf,meteoburkina.bf,48ec057c4f95df05b8de3fb3dda308ec
https://meteoburkina.bf/documents/535/Bulletin_du_15_Septembre__2025_%C3%A0_12h00.pdf,https://meteoburkina.bf/produits/bulletin-quotidien/bulletin-m%C3%A9t%C3%A9orologique-du-15-septembre-2025-%C3%A0-12h-valable-jusquau-16-septembre-2025-%C3%A0-12h/,path:.pdf,meteoburkina.bf,e0bbcbf3e8d158cc7227fef061a4b8b1
https://meteoburkina.bf/documents/536/Bulletin_du_15_Septembre__2025_%C3%A0_18h00.pdf,https://meteoburkina.bf/produits/bulletin-quotidien/bulletin-m%C3%A9t%C3%A9orologique-du-15-septembre-2025-%C3%A0-18h-valable-jusquau-16-septembre-2025-%C3%A0-18h/,path:.pdf,meteoburkina.bf,ecf94b90d95bd7db07a6ecdd584bff97
https://meteoburkina.bf/documents/537/Bulletin_du_16_Septembre__2025_%C3%A0_12h00.pdf,https://meteoburkina.bf/produits/bulletin-quotidien/bulletin-m%C3%A9t%C3%A9orologique-du-16-septembre-2025-%C3%A0-12h-valable-jusquau-17-septembre-2025-%C3%A0-12h/,path:.pdf,meteoburkina.bf,c9b8b86b01ed50383a335f1ee810c42f
https://meteoburkina.bf/documents/538/Bulletin_du_16_Septembre__2025_%C3%A0_18h00.pdf,https://meteoburkina.bf/produits/bulletin-quotidien/bulletin-m%C3%A9t%C3%A9orologique-du-16-septembre-2025-%C3%A0-18h-valable-jusquau-17-septembre-2025-%C3%A0-18h/,path:.pdf,meteoburkina.bf,52b5114d5b90faa3ce9dfeb3fc81c084
https://meteoburkina.bf/documents/539/Bulletin_aout_2025.pdf,https://meteoburkina.bf/produits/bulletin-climatique-mensuel/bulletin-climatique/,path:.pdf,meteoburkina.bf,23a2d87d2b8a9d1b9c61d90c384f72d2
https://meteoburkina.bf/documents/540/Bulletin_du_17_Septembre__2025_%C3%A0_12h00.pdf,https://meteoburkina.bf/produits/bulletin-quotidien/bulletin-m%C3%A9t%C3%A9orologique-du-17-septembre-2025-%C3%A0-12h-valable-jusquau-18-septembre-2025-%C3%A0-12h/,path:.pdf,meteoburkina.bf,48da00e4dcb10a4105617f10e291d546
https://meteoburkina.bf/documents/542/Bulletin_du_18_Septembre__2025_%C3%A0_12h00.pdf,https://meteoburkina.bf/produits/bulletin-quotidien/bulletin-m%C3%A9t%C3%A9orologique-du-18-septembre-2025-%C3%A0-12h-valable-jusquau-19-septembre-2025-%C3%A0-12h/,path:.pdf,meteoburkina.bf,8819663ff7196653cfc6d74f9ee7e3b1
https://meteoburkina.bf/documents/543/Bulletin_du_18_Septembre__2025_%C3%A0_18h00.pdf,https://meteoburkina.bf/produits/bulletin-quotidien/bulletin-m%C3%A9t%C3%A9orologique-du-18-septembre-2025-%C3%A0-18h-valable-jusquau-19-septembre-2025-%C3%A0-18h/,path:.pdf,meteoburkina.bf,fd4d7e28e7d92db88a18be7e6e3c3ef4
https://meteoburkina.bf/documents/544/Bulletin_du_19_Septembre__2025_%C3%A0_12h00.pdf,https://meteoburkina.bf/produits/bulletin-quotidien/bulletin-m%C3%A9t%C3%A9orologique-du-19-septembre-2025-%C3%A0-12h-valable-jusquau-20-septembre-2025-%C3%A0-12h/,path:.pdf,meteoburkina.bf,7a1c1de77836d2bd7fe93b17a7070a4e
https://meteoburkina.bf/documents/545/Bulletin_du_19_Septembre__2025_%C3%A0_18h00.pdf,https://meteoburkina.bf/produits/bulletin-quotidien/bulletin-m%C3%A9t%C3%A9orologique-du-19-septembre-2025-%C3%A0-18h-valable-jusquau-20-septembre-2025-%C3%A0-18h/,path:.pdf,meteoburkina.bf,c9723860588060686a04309cd85a435c
https://meteoburkina.bf/documents/546/Bulletin_du_20_Septembre__2025_%C3%A0_12h00.pdf,https://meteoburkina.bf/produits/bulletin-quotidien/bulletin-m%C3%A9t%C3%A9orologique-du-20-septembre-2025-%C3%A0-12h-valable-jusquau-21-septembre-2025-%C3%A0-12h/,path:.pdf,meteoburkina.bf,30ab00450dce1bb8d6a502d8d61562a3
https://meteoburkina.bf/documents/547/Bulletin_du_22_Septembre__2025_%C3%A0_12h00.pdf,https://meteoburkina.bf/produits/bulletin-quotidien/bulletin-meteo-du-22-septembre-2025/,path:.pdf,meteoburkina.bf,00a8d0b53025bdf4e5994ec742cab032
https://meteoburkina.bf/documents/549/Bulletin_du_21_Septembre__2025_%C3%A0_12h00.pdf,https://meteoburkina.bf/produits/bulletin-quotidien/bulletin-m%C3%A9t%C3%A9orologique-du-21-septembre-2025-%C3%A0-12h-valable-jusquau-22-septembre-2025-%C3%A0-12h/,path:.pdf,meteoburkina.bf,6bcb1847344f547affc581096d8e8ad7
https://meteoburkina.bf/documents/550/Bulletin_du_21_Septembre__2025_%C3%A0_18h00.pdf,https://meteoburkina.bf/produits/bulletin-quotidien/bulletin-m%C3%A9t%C3%A9orologique-du-21-septembre-2025-%C3%A0-18h-valable-jusquau-22-septembre-2025-%C3%A0-18h/,path:.pdf,meteoburkina.bf,67b6508fb8468db4a284622225c15c79
https://meteoburkina.bf/documents/551/Bulletin_du_22_Septembre__2025_%C3%A0_18h00.pdf,https://meteoburkina.bf/produits/bulletin-quotidien/bulletin-m%C3%A9t%C3%A9orologique-du-22-septembre-2025-%C3%A0-18h-valable-jusquau-23-septembre-2025-%C3%A0-18h/,path:.pdf,meteoburkina.bf,508db9ba349fae5cc534822e49882c56
https://meteoburkina.bf/documents/552/Bulletin_m%C3%A9t%C3%A9orologique_hebdomadaire_du_08_au_14_septembre_2025.pdf,https://meteoburkina.bf/produits/bulletin-hebdomadaire/bulletin-m%C3%A9t%C3%A9orologique-hebdomadaire-du-08-au-14-septembre-2025/,path:.pdf,meteoburkina.bf,f0f7fec4f7fc0019dc62274d5201abca
https://meteoburkina.bf/documents/553/Bulletin_m%C3%A9t%C3%A9orologique_hebdomadaire_du_15_au_21_Septembre_2025.pdf,https://meteoburkina.bf/produits/bulletin-hebdomadaire/bulletin-m%C3%A9t%C3%A9orologique-hebdomadaire-du-15-au-21-septembre-2025/,path:.pdf,meteoburkina.bf,47f1f15e4775914ab432ad88d55b5016
https://meteoburkina.bf/documents/554/Bulletin_m%C3%A9t%C3%A9orologique_hebdomadaire_du_22_au_28_septembre_2025.pdf,https://meteoburkina.bf/produits/bulletin-hebdomadaire/bulletin-m%C3%A9t%C3%A9orologique-hebdomadaire-du-22-au-28-septembre-2025au/,path:.pdf,meteoburkina.bf,381eed005783caef180ce270a3fcb1bd
https://meteoburkina.bf/documents/555/Bulletin_du_23_Septembre__2025_%C3%A0_12h00.pdf,https://meteoburkina.bf/produits/bulletin-quotidien/bulletin-m%C3%A9t%C3%A9orologique-du-23-septembre-2025-%C3%A0-12h-valable-jusquau-24-septembre-2025-%C3%A0-12h/,path:.pdf,meteoburkina.bf,bf7ef030f1d527cced84ad80ac0755ab
https://meteoburkina.bf/documents/556/BAD25092.pdf,https://meteoburkina.bf/produits/bulletin-agrometeologique-decadaire/bulletin-agrom%C3%A9t%C3%A9orologique-d%C3%A9cadaire-n26-valable-du-21-au-30-septembre-2025/,path:.pdf,meteoburkina.bf,be3993387d1e8053702a07db29634eb8
https://meteoburkina.bf/documents/557/BAD25092_m%C3%A9dia.pdf,https://meteoburkina.bf/produits/bulletin-agrometeo-pour-les-medias/bulletin-agrom%C3%A9t%C3%A9orologique-d%C3%A9cadaire-m%C3%A9dias-agriculteurs-n26-valable-du-21-au-30-septembre-2025/,path:.pdf,meteoburkina.bf,8aa7ce4d5ab205efd13cb3d9f11e3b0d
https://meteoburkina.bf/documents/558/Bulletin_du_23_Septembre__2025_%C3%A0_18h00.pdf,https://meteoburkina.bf/produits/bulletin-quotidien/bulletin-m%C3%A9t%C3%A9orologique-du-23-septembre-2025-%C3%A0-18h-valable-jusquau-24-septembre-2025-%C3%A0-18h/,path:.pdf,meteoburkina.bf,f959f521949c5f1ee9dd5bea27fe6dff
https://meteoburkina.bf/documents/559/Bulletin_du_24_Septembre__2025_%C3%A0_12h00.pdf,https://meteoburkina.bf/produits/bulletin-quotidien/bulletin-m%C3%A9t%C3%A9orologique-du-24-septembre-2025-%C3%A0-12h-valable-jusquau-25-septembre-2025-%C3%A0-12h/,path:.pdf,meteoburkina.bf,b31e9948feab892f9cfc4cd5cdb6622e
https://meteoburkina.bf/documents/560/Bulletin_du_24_Septembre__2025_%C3%A0_18h00.pdf,https://meteoburkina.bf/produits/bulletin-quotidien/bulletin-m%C3%A9t%C3%A9orologique-du-24-septembre-2025-%C3%A0-18h-valable-jusquau-25-septembre-2025-%C3%A0-18h/,path:.pdf,meteoburkina.bf,1d5a16cb7a98f231ad1669d197956876
https://meteoburkina.bf/documents/561/Bulletin_du_25_Septembre__2025_%C3%A0_12h00.pdf,https://meteoburkina.bf/produits/bulletin-quotidien/bulletin-m%C3%A9t%C3%A9orologique-du-25-septembre-2025-%C3%A0-12h-valable-jusquau-26-septembre-2025-%C3%A0-12h/,path:.pdf,meteoburkina.bf,dc79edf970830976a2cf6dc19a54adf0
https://meteoburkina.bf/documents/562/Bulletin_du_25__Septembre__2025_%C3%A0_18h00.pdf,https://meteoburkina.bf/produits/bulletin-quotidien/bulletin-m%C3%A9t%C3%A9orologique-du-25-septembre-2025-%C3%A0-18h-valable-jusquau-26-septembre-2025-%C3%A0-18h/,path:.pdf,meteoburkina.bf,5799ea4b7adf4ec3c0c20fd39b071425
https://meteoburkina.bf/documents/563/Bulletin_du_26_Septembre__2025_%C3%A0_12h00.pdf,https://meteoburkina.bf/produits/bulletin-quotidien/bulletin-m%C3%A9t%C3%A9orologique-du-26-septembre-2025-%C3%A0-12h-valable-jusquau-27-septembre-2025-%C3%A0-12h/,path:.pdf,meteoburkina.bf,a9e4e163fc5dc1d09a13f326f5f44750
https://meteoburkina.bf/documents/566/Bulletin_du_27_Septembre__2025_%C3%A0_12h00_RcUNYfS.pdf,https://meteoburkina.bf/produits/bulletin-quotidien/bulletin-m%C3%A9t%C3%A9orologique-du-27-septembre-2025-%C3%A0-12h-valable-jusquau-28-septembre-2025-%C3%A0-12h/,path:.pdf,meteoburkina.bf,a8971b3c65ed2dce6ce1c5f7912f8432
https://meteoburkina.bf/documents/567/Bulletin_du_27__Septembre__2025_%C3%A0_18h00.pdf,https://meteoburkina.bf/produits/bulletin-quotidien/bulletin-m%C3%A9t%C3%A9orologique-du-27-septembre-2025-%C3%A0-18h-valable-jusquau-28-septembre-2025-%C3%A0-18h/,path:.pdf,meteoburkina.bf,887eaaa4077aad86fe3899e58b2a0b2f
https://meteoburkina.bf/documents/57/Bad23073_atGVG9c.pdf,https://meteoburkina.bf/produits/bulletin-agrometeologique-decadaire/bulletin-agrometeorologique-decadaire-n21-21-au-31-juillet-2023/,path:.pdf,meteoburkina.bf,086f2941e69d5c543006d49e3e43243e
https://meteoburkina.bf/documents/572/Bulletin_du_28_Septembre__2025_%C3%A0_12h00_a800Ujv.pdf,https://meteoburkina.bf/produits/bulletin-quotidien/bulletin-m%C3%A9t%C3%A9orologique-du-28-septembre-2025-%C3%A0-12h-valable-jusquau-29-septembre-2025-%C3%A0-12h/,path:.pdf,meteoburkina.bf,214f8bc61dea91a7bdb14befdad839d2
https://meteoburkina.bf/documents/573/Bulletin_du_28__Septembre__2025_%C3%A0_18h00.pdf,https://meteoburkina.bf/produits/bulletin-quotidien/bulletin-m%C3%A9t%C3%A9orologique-du-28-septembre-2025-%C3%A0-18h-valable-jusquau-29-septembre-2025-%C3%A0-18h/,path:.pdf,meteoburkina.bf,f1dc51a49abcdf5845b1e7e55335302c
https://meteoburkina.bf/documents/574/Bulletin_du_29_Septembre__2025_%C3%A0_12h00.pdf,https://meteoburkina.bf/produits/bulletin-quotidien/bulletin-m%C3%A9t%C3%A9orologique-du-29-septembre-2025-%C3%A0-12h-valable-jusquau-30-septembre-2025-%C3%A0-12h/,path:.pdf,meteoburkina.bf,b63c162a018ef718ab452583aca14700
https://meteoburkina.bf/documents/575/Bulletin_du_29__Septembre__2025_%C3%A0_18h00.pdf,https://meteoburkina.bf/produits/bulletin-quotidien/bulletin-m%C3%A9t%C3%A9orologique-du-29-septembre-2025-%C3%A0-18h-valable-jusquau-30-septembre-2025-%C3%A0-18h/,path:.pdf,meteoburkina.bf,46aad17be3f4241cda5caf5c3c10924e
https://meteoburkina.bf/documents/576/Bulletin_du_30_Septembre__2025_%C3%A0_12h00.pdf,https://meteoburkina.bf/produits/bulletin-quotidien/bulletin-m%C3%A9t%C3%A9orologique-du-30-septembre-2025-%C3%A0-12h-valable-jusquau-1er-octobre-2025-%C3%A0-12h/,path:.pdf,meteoburkina.bf,544619612537929fe747fcbfad7c8302
https://meteoburkina.bf/documents/577/Bulletin_du_30__Septembre__2025_%C3%A0_18h00.pdf,https://meteoburkina.bf/produits/bulletin-quotidien/bulletin-m%C3%A9t%C3%A9orologique-du-30-septembre-2025-%C3%A0-18h-valable-jusquau-1er-octobre-2025-%C3%A0-18h/,path:.pdf,meteoburkina.bf,0a6003accfaf1119c5a931ddc9690b56
https://meteoburkina.bf/documents/578/Bulletin_du_1er_Octobre__2025_%C3%A0_12h00.pdf,https://meteoburkina.bf/produits/bulletin-quotidien/bulletin-m%C3%A9t%C3%A9orologique-du-1er-octobre-2025-%C3%A0-12h-valable-jusquau-02-octobre-2025-%C3%A0-12h/,path:.pdf,meteoburkina.bf,23dbbcf3e94b47492ed27130af37eb33
https://meteoburkina.bf/documents/579/Bulletin_du_1er_Octobre__2025_%C3%A0_18h00.pdf,https://meteoburkina.bf/produits/bulletin-quotidien/bulletin-m%C3%A9t%C3%A9orologique-du-1er-octobre-2025-%C3%A0-18h-valable-jusquau-02-octobre-2025-%C3%A0-18h/,path:.pdf,meteoburkina.bf,c4c8e884a579e34b88caa28cecedbe4d
https://meteoburkina.bf/documents/58/bad23011.pdf,https://meteoburkina.bf/produits/bulletin-agrometeologique-decadaire/bulletin-agrometeorologique-decadaire-n01-01-au-10-janvier-2023/,path:.pdf,meteoburkina.bf,1403e480d8aab411b2f26d7fd365c370
https://meteoburkina.bf/documents/580/BAD25093.pdf,https://meteoburkina.bf/produits/bulletin-agrometeologique-decadaire/bulletin-agrom%C3%A9t%C3%A9orologique-d%C3%A9cadaire-n27-valable-du-01-au-10-octobre-2025/,path:.pdf,meteoburkina.bf,c7d16f390c72f8e462a4f303bb9ac3d8
https://meteoburkina.bf/documents/581/BAD25093_m%C3%A9dia.pdf,https://meteoburkina.bf/produits/bulletin-agrometeo-pour-les-medias/bulletin-agrom%C3%A9t%C3%A9orologique-d%C3%A9cadaire-m%C3%A9dias-agriculteurs-n27-valable-du-01-au-10-octobre-2025/,path:.pdf,meteoburkina.bf,855c818551ffe3292d7adb211fcadaea
https://meteoburkina.bf/documents/582/BAD25091_media.pdf,https://meteoburkina.bf/produits/bulletin-agrometeo-pour-les-medias/bulletin-agrom%C3%A9t%C3%A9orologique-d%C3%A9cadaire-m%C3%A9dias-agriculteurs-n25-valable-du-11-au-20-septembre-2025/,path:.pdf,meteoburkina.bf,e5144a9f8d988c07a5ae7f7c8c7aa258
https://meteoburkina.bf/documents/583/Bulletin_du_02_Octobre__2025_%C3%A0_12h00.pdf,https://meteoburkina.bf/produits/bulletin-quotidien/bulletin-m%C3%A9t%C3%A9orologique-du-02-octobre-2025-%C3%A0-12h-valable-jusquau-03-octobre-2025-%C3%A0-12h/,path:.pdf,meteoburkina.bf,ada31590d41ea118b8ae112fef614371
https://meteoburkina.bf/documents/585/Bulletin_du_03_Octobre__2025_%C3%A0_12h00.pdf,https://meteoburkina.bf/produits/bulletin-quotidien/bulletin-m%C3%A9t%C3%A9orologique-du-03-octobre-2025-%C3%A0-12h-valable-jusquau-04-octobre-2025-%C3%A0-12h/,path:.pdf,meteoburkina.bf,a9558d6b6180be5c1d6289501db93102
https://meteoburkina.bf/documents/586/Bulletin_du_03_Octobre__2025_%C3%A0_18h00.pdf,https://meteoburkina.bf/produits/bulletin-quotidien/bulletin-m%C3%A9t%C3%A9orologique-du-03-octobre-2025-%C3%A0-18h-valable-jusquau-04-octobre-2025-%C3%A0-18h/,path:.pdf,meteoburkina.bf,b0cf1544a11529068e93c40f9a4e397c
https://meteoburkina.bf/documents/587/Bulletin_du_04_Octobre__2025_%C3%A0_12h00.pdf,https://meteoburkina.bf/produits/bulletin-quotidien/bulletin-m%C3%A9t%C3%A9orologique-du-04-octobre-2025-%C3%A0-12h-valable-jusquau-05-octobre-2025-%C3%A0-12h/,path:.pdf,meteoburkina.bf,0985de9fdda7148fd6ab5b26b44f7aa6
https://meteoburkina.bf/documents/588/Bulletin_du_04_Octobre__2025_%C3%A0_18h00.pdf,https://meteoburkina.bf/produits/bulletin-quotidien/bulletin-m%C3%A9t%C3%A9orologique-du-04-octobre-2025-%C3%A0-18h-valable-jusquau-05-octobre-2025-%C3%A0-18h/,path:.pdf,meteoburkina.bf,62cf5ce52c32ce27bbcd1f279207fbdb
https://meteoburkina.bf/documents/589/Bulletin_du_05_Octobre__2025_%C3%A0_12h00.pdf,https://meteoburkina.bf/produits/bulletin-quotidien/bulletin-m%C3%A9t%C3%A9orologique-du-05-octobre-2025-%C3%A0-12h-valable-jusquau-06-octobre-2025-%C3%A0-12h/,path:.pdf,meteoburkina.bf,c4ef92c09dada03fe9f48c3fce7474ad
https://meteoburkina.bf/documents/59/BAD23012.pdf,https://meteoburkina.bf/produits/bulletin-agrometeologique-decadaire/bulletin-agrometeorologique-decadaire-n02-11-au-20-janvier-2023/,path:.pdf,meteoburkina.bf,7f84987281139659081ef9f4afd8b82a
https://meteoburkina.bf/documents/591/Bulletin_m%C3%A9t%C3%A9orologique_hebdomadaire_du_29_septembre_au_05_octobre_2025_1.pdf,https://meteoburkina.bf/produits/bulletin-hebdomadaire/bulletin-m%C3%A9t%C3%A9orologique-hebdomadaire-du-29-septembre-au-05-octobre-2025/,path:.pdf,meteoburkina.bf,34f085fb16d3179f0c0fea5c6b3eab57
https://meteoburkina.bf/documents/592/Bulletin_du_06_Octobre__2025_%C3%A0_12h00_CORRIGES.pdf,https://meteoburkina.bf/produits/bulletin-quotidien/bulletin-m%C3%A9t%C3%A9orologique-du-06-octobre-2025-%C3%A0-12h-valable-jusquau-07-octobre-2025-%C3%A0-12h/,path:.pdf,meteoburkina.bf,3f75b5fbf5db972b426fc1bfc2895692
https://meteoburkina.bf/documents/593/SITUATION_PLUVIOMETRIQUE_AU_30_septembre_2025_VF_version_publique.pdf,https://meteoburkina.bf/produits/bulletin-agrometeorologique-mensuel/situation-pluviom%C3%A9trique-du-1er-avril-au-30-septembre-2025/,path:.pdf,meteoburkina.bf,6cc304d7bd20d4a705b60c5e52db1a8c
https://meteoburkina.bf/documents/594/Bulletin_du_06_Octobre__2025_%C3%A0_18h00.pdf,https://meteoburkina.bf/produits/bulletin-quotidien/bulletin-m%C3%A9t%C3%A9orologique-du-06-octobre-2025-%C3%A0-18h-valable-jusquau-07-octobre-2025-%C3%A0-18h/,path:.pdf,meteoburkina.bf,11b003e41c69e1f237a6bd5509446717
https://meteoburkina.bf/documents/595/Bulletin_du_07_Octobre__2025_%C3%A0_12h00.pdf,https://meteoburkina.bf/produits/bulletin-quotidien/bulletin-m%C3%A9t%C3%A9orologique-du-07-octobre-2025-%C3%A0-12h-valable-jusquau-08-octobre-2025-%C3%A0-12h/,path:.pdf,meteoburkina.bf,2d86bc62a0b979db7f5c2275c1eca7a6
https://meteoburkina.bf/documents/596/Bulletin_du_07_Octobre__2025_%C3%A0_18h00.pdf,https://meteoburkina.bf/produits/bulletin-quotidien/bulletin-m%C3%A9t%C3%A9orologique-du-07-octobre-2025-%C3%A0-18h-valable-jusquau-08-octobre-2025-%C3%A0-18h/,path:.pdf,meteoburkina.bf,97b671526fc09959d23e29ee33dd80fa
https://meteoburkina.bf/documents/597/Bulletin_m%C3%A9t%C3%A9orologique_hebdomadaire_du_06__au_12_octobre_2025.pdf,https://meteoburkina.bf/produits/bulletin-hebdomadaire/bulletin-m%C3%A9t%C3%A9orologique-hebdomadaire-du-06-au-12-octobre-2025/,path:.pdf,meteoburkina.bf,15bcf3b569bf5fe0ef96690cb91283f3
https://meteoburkina.bf/documents/598/Bulletin_Mensuel_du_23_septembre_2025_1.pdf,https://meteoburkina.bf/produits/bulletin-mensuel/bulletin-mensuel-du-23-septembre-2025-valable-jusquau-15-octobre-2025/,path:.pdf,meteoburkina.bf,2218faf81e159571e02f4ec86716a0b9
https://meteoburkina.bf/documents/599/Bulletin_Mensuel_du_07_Octobre_2025.pdf,https://meteoburkina.bf/produits/bulletin-mensuel/bulletin-mensuel-du-07-octobre-2025-valable-du-07-octobre-au-02-novembre-2025/,path:.pdf,meteoburkina.bf,4323113789da3f2183078211fb55872a
https://meteoburkina.bf/documents/6/BAD24011.pdf,https://meteoburkina.bf/produits/bulletin-agrometeologique-decadaire/bulletin-agrometeorologique-decadaire-n2-11-au-20-janvier-2024/,path:.pdf,meteoburkina.bf,1f203d27c222d1dfa659b4233302189f
https://meteoburkina.bf/documents/60/BAD23013.pdf,https://meteoburkina.bf/produits/bulletin-agrometeologique-decadaire/bulletin-agrometeorologique-decadaire-n03-21-au-31-janvier-2023/,path:.pdf,meteoburkina.bf,2649fe545622efc3416c982e60d6087e
https://meteoburkina.bf/documents/600/Bulletin_du_08_Octobre__2025_%C3%A0_12h00.pdf,https://meteoburkina.bf/produits/bulletin-quotidien/bulletin-m%C3%A9t%C3%A9orologique-du-08-octobre-2025-%C3%A0-12h-valable-jusquau-09-octobre-2025-%C3%A0-12h/,path:.pdf,meteoburkina.bf,3c3dccf4fb2a7638a0535bd3aab59e09
https://meteoburkina.bf/documents/601/Bulletin_du_08_Octobre__2025_%C3%A0_18h00.pdf,https://meteoburkina.bf/produits/bulletin-quotidien/bulletin-m%C3%A9t%C3%A9orologique-du-08-octobre-2025-%C3%A0-18h-valable-jusquau-09-octobre-2025-%C3%A0-18h/,path:.pdf,meteoburkina.bf,fa9cbb4a47994140edc50cea2048b648
https://meteoburkina.bf/documents/602/Bulletin_du_09_Octobre__2025_%C3%A0_12h00.pdf,https://meteoburkina.bf/produits/bulletin-quotidien/bulletin-m%C3%A9t%C3%A9orologique-du-09-octobre-2025-%C3%A0-12h-valable-jusquau-10-octobre-2025-%C3%A0-12h/,path:.pdf,meteoburkina.bf,5dd0cf50ea81a6962fc710d5ef10e94f
https://meteoburkina.bf/documents/604/SITUATION_PLUVIOMETRIQUE_AU_30_septembre_2025_VF_version_publique_Fs3VKkb.pdf,https://meteoburkina.bf/produits/bulletin-agrometeorologique-mensuel/situation-pluviom%C3%A9trique-du-1er-avril-au-31-septembre-2025/,path:.pdf,meteoburkina.bf,f64424ddacd590bfbe8104669a82bbfe
https://meteoburkina.bf/documents/605/Bulletin_du_09_Octobre__2025_%C3%A0_18h00.pdf,https://meteoburkina.bf/produits/bulletin-quotidien/bulletin-m%C3%A9t%C3%A9orologique-du-09-octobre-2025-%C3%A0-18h-valable-jusquau-10-octobre-2025-%C3%A0-18h/,path:.pdf,meteoburkina.bf,ca4a25d98382d7609987863b764008c0
https://meteoburkina.bf/documents/606/Bulletin_du_10_Octobre__2025_%C3%A0_12h00.pdf,https://meteoburkina.bf/produits/bulletin-quotidien/bulletin-m%C3%A9t%C3%A9orologique-du-10-octobre-2025-%C3%A0-12h-valable-jusquau-11-octobre-2025-%C3%A0-12h/,path:.pdf,meteoburkina.bf,b246d70c37c0581c643e1bf92fb59b27
https://meteoburkina.bf/documents/607/Bulletin_du_10_Octobre__2025_%C3%A0_18h00.pdf,https://meteoburkina.bf/produits/bulletin-quotidien/bulletin-m%C3%A9t%C3%A9orologique-du-10-octobre-2025-%C3%A0-18h-valable-jusquau-11-octobre-2025-%C3%A0-18h/,path:.pdf,meteoburkina.bf,5951d9ac2e5aaf586dfccc69b0942f13
https://meteoburkina.bf/documents/609/Bulletin_du_13_Octobre__2025_%C3%A0_12h00.pdf,https://meteoburkina.bf/produits/bulletin-quotidien/bulletin-meteo-du-13-octobre-2025/,path:.pdf,meteoburkina.bf,2247ac0bf8d1ac4660aa9fc0fc118e23
https://meteoburkina.bf/documents/61/BAD23022.pdf,https://meteoburkina.bf/produits/bulletin-agrometeologique-decadaire/bulletin-agrometeorologique-decadaire-n05-11-au-20-fevrier-2023/,path:.pdf,meteoburkina.bf,b2c5be4e365447662ead2e2b1159f76e
https://meteoburkina.bf/documents/610/BAD25101.pdf,https://meteoburkina.bf/produits/bulletin-agrometeologique-decadaire/bulletin-agrom%C3%A9t%C3%A9orologique-d%C3%A9cadaire-n28-valable-du-11-au-20-octobre-2025/,path:.pdf,meteoburkina.bf,710c6501272f0f3e2cbe08707e985291
https://meteoburkina.bf/documents/611/BAD25101_media.pdf,https://meteoburkina.bf/produits/bulletin-agrometeo-pour-les-medias/bulletin-agrom%C3%A9t%C3%A9orologique-d%C3%A9cadaire-m%C3%A9dias-agriculteurs-n28-valable-du-11-au-20-octobre-2025/,path:.pdf,meteoburkina.bf,37c1fae7952e0061f5dc87989ff6f9e8
https://meteoburkina.bf/documents/612/Bulletin_du_11_Octobre__2025_%C3%A0_18h00.pdf,https://meteoburkina.bf/produits/bulletin-quotidien/bulletin-m%C3%A9t%C3%A9orologique-du-11-octobre-2025-%C3%A0-18h-valable-jusquau-12-octobre-2025-%C3%A0-18h/,path:.pdf,meteoburkina.bf,eef76dc5934dab8a3825086ceb9b2141
https://meteoburkina.bf/documents/613/Bulletin_du_12_Octobre__2025_%C3%A0_12h00.pdf,https://meteoburkina.bf/produits/bulletin-quotidien/bulletin-m%C3%A9t%C3%A9orologique-du-12-octobre-2025-%C3%A0-12h-valable-jusquau-13-octobre-2025-%C3%A0-12h/,path:.pdf,meteoburkina.bf,26cb289a35f5145c2a3322ffe865fb6b
https://meteoburkina.bf/documents/614/Bulletin_du_12_Octobre__2025_%C3%A0_18h00.pdf,https://meteoburkina.bf/produits/bulletin-quotidien/bulletin-m%C3%A9t%C3%A9orologique-du-12-octobre-2025-%C3%A0-18h-valable-jusquau-13-octobre-2025-%C3%A0-18h/,path:.pdf,meteoburkina.bf,5c14ca344939642ac2bd694ad54de8b3
https://meteoburkina.bf/documents/615/Bulletin_du_13_Octobre__2025_%C3%A0_18h00.pdf,https://meteoburkina.bf/produits/bulletin-quotidien/bulletin-m%C3%A9t%C3%A9orologique-du-13-octobre-2025-%C3%A0-18h-valable-jusquau-14-octobre-2025-%C3%A0-18h/,path:.pdf,meteoburkina.bf,e0ba5573852197304f1a1d0f29bfddc3
https://meteoburkina.bf/documents/617/Bulletin_du_14_Octobre__2025_%C3%A0_12h00.pdf,https://meteoburkina.bf/produits/bulletin-quotidien/bulletin-m%C3%A9t%C3%A9orologique-du-14-octobre-2025-%C3%A0-12h-valable-jusquau-15-octobre-2025-%C3%A0-12h/,path:.pdf,meteoburkina.bf,69c900ca12e4e8fc32046049a6ca7778
https://meteoburkina.bf/documents/618/Bulletin_du_14_Octobre__2025_%C3%A0_18h00.pdf,https://meteoburkina.bf/produits/bulletin-quotidien/bulletin-m%C3%A9t%C3%A9orologique-du-14-octobre-2025-%C3%A0-18h-valable-jusquau-15-octobre-2025-%C3%A0-18h/,path:.pdf,meteoburkina.bf,bd9c254ca0373217f08f34232c560198
https://meteoburkina.bf/documents/619/Bulletin_du_15_Octobre__2025_%C3%A0_12h00.pdf,https://meteoburkina.bf/produits/bulletin-quotidien/bulletin-m%C3%A9t%C3%A9orologique-du-15-octobre-2025-%C3%A0-12h-valable-jusquau-16-octobre-2025-%C3%A0-12h/,path:.pdf,meteoburkina.bf,229e495579819f675704c664139166c0
https://meteoburkina.bf/documents/620/Bulletin_du_15_Octobre__2025_%C3%A0_18h00.pdf,https://meteoburkina.bf/produits/bulletin-quotidien/bulletin-m%C3%A9t%C3%A9orologique-du-15-octobre-2025-%C3%A0-18h-valable-jusquau-16-octobre-2025-%C3%A0-18h/,path:.pdf,meteoburkina.bf,a1f1083b81115f1f0ed10a7fec2f7284
https://meteoburkina.bf/documents/621/Bulletin_du_16_Octobre__2025_%C3%A0_12h00.pdf,https://meteoburkina.bf/produits/bulletin-quotidien/bulletin-m%C3%A9t%C3%A9orologique-du-16-octobre-2025-%C3%A0-12h-valable-jusquau-17-octobre-2025-%C3%A0-12h/,path:.pdf,meteoburkina.bf,e48fdb0e000a1424e1cb1249b8db3af1
https://meteoburkina.bf/documents/623/Bulletin_du_20_Octobre__2025_%C3%A0_12h00.pdf,https://meteoburkina.bf/produits/bulletin-quotidien/bulletin-m%C3%A9t%C3%A9orologique-du-20-octobre-2025-%C3%A0-12h-valable-jusquau-21-octobre-2025-%C3%A0-12h/,path:.pdf,meteoburkina.bf,989049e6755d8a186cb7cc1351d63f08
https://meteoburkina.bf/documents/624/Bulletin_m%C3%A9t%C3%A9orologique_hebdomadaire_du_20_au_26_octobre_2025.pdf,https://meteoburkina.bf/produits/bulletin-hebdomadaire/bulletin-m%C3%A9t%C3%A9orologique-hebdomadaire-du-13-au-19-octobre-2025/,path:.pdf,meteoburkina.bf,1c018968a5ac353d7f8ea8db1c79ca0a
https://meteoburkina.bf/documents/625/Bulletin_du_16_Octobre__2025_%C3%A0_18h00.pdf,https://meteoburkina.bf/produits/bulletin-quotidien/bulletin-m%C3%A9t%C3%A9orologique-du-16-octobre-2025-%C3%A0-18h-valable-jusquau-17-octobre-2025-%C3%A0-18/,path:.pdf,meteoburkina.bf,04367e1087a4166cdd12655c1a42a390
https://meteoburkina.bf/documents/626/Bulletin_du_17_Octobre__2025_%C3%A0_12h00.pdf,https://meteoburkina.bf/produits/bulletin-quotidien/bulletin-m%C3%A9t%C3%A9orologique-du-17-octobre-2025-%C3%A0-12h-valable-jusquau-18-octobre-2025-%C3%A0-12h/,path:.pdf,meteoburkina.bf,c0cbd3e2a954af76aff2eeed0a3dd5da
https://meteoburkina.bf/documents/627/Bulletin_du_17_Octobre__2025_%C3%A0_18h00.pdf,https://meteoburkina.bf/produits/bulletin-quotidien/bulletin-m%C3%A9t%C3%A9orologique-du-17-octobre-2025-%C3%A0-18h-valable-jusquau-18-octobre-2025-%C3%A0-18h/,path:.pdf,meteoburkina.bf,3fd0e45788c3550972f00e66d6e616d0
https://meteoburkina.bf/documents/628/Bulletin_du_18_Octobre__2025_%C3%A0_12h00_1x0x27O.pdf,https://meteoburkina.bf/produits/bulletin-quotidien/bulletin-m%C3%A9t%C3%A9orologique-du-18-octobre-2025-%C3%A0-12h-valable-jusquau-19-octobre-2025-%C3%A0-12h/,path:.pdf,meteoburkina.bf,8cfe9181d1a8a3d6580ac302715a2ffe
https://meteoburkina.bf/documents/629/Bulletin_du_18_Octobre__2025_%C3%A0_18h00.pdf,https://meteoburkina.bf/produits/bulletin-quotidien/bulletin-m%C3%A9t%C3%A9orologique-du-18-octobre-2025-%C3%A0-18h-valable-jusquau-19-octobre-2025-%C3%A0-18h/,path:.pdf,meteoburkina.bf,aa63b0ebe8674690569f221c1ec0a750
https://meteoburkina.bf/documents/630/Bulletin_du_19_Octobre__2025_%C3%A0_12h00.pdf,https://meteoburkina.bf/produits/bulletin-quotidien/bulletin-m%C3%A9t%C3%A9orologique-du-19-octobre-2025-%C3%A0-12h-valable-jusquau-20-octobre-2025-%C3%A0-12h/,path:.pdf,meteoburkina.bf,a2dfb641ea7cdae1040e4df6539e6970
https://meteoburkina.bf/documents/631/Bulletin_du_19_Octobre__2025_%C3%A0_18h00.pdf,https://meteoburkina.bf/produits/bulletin-quotidien/bulletin-m%C3%A9t%C3%A9orologique-du-19-octobre-2025-%C3%A0-18h-valable-jusquau-20-octobre-2025-%C3%A0-18h/,path:.pdf,meteoburkina.bf,d11d3c060211991e060389e57e042c43
https://meteoburkina.bf/documents/634/BAD25102.pdf,https://meteoburkina.bf/produits/bulletin-agrometeologique-decadaire/bulletin-agrom%C3%A9t%C3%A9orologique-d%C3%A9cadaire-n29-valable-du-21-au-31-octobre-2025/,path:.pdf,meteoburkina.bf,0cdd4e72768271d0292592d7d0aa3569
https://meteoburkina.bf/documents/635/BAD25102_media.pdf,https://meteoburkina.bf/produits/bulletin-agrometeo-pour-les-medias/bulletin-agrom%C3%A9t%C3%A9orologique-d%C3%A9cadaire-m%C3%A9dias-agriculteurs-n29-valable-du-21-au-31-octobre-2025/,path:.pdf,meteoburkina.bf,5a015c701f3f6d4be61b44b0c91780fc
https://meteoburkina.bf/documents/637/Bulletin_du_25_Octobre__2025_%C3%A0_12h00.pdf,https://meteoburkina.bf/produits/bulletin-quotidien/bulletin-meteo-du-04-novembre-2025/,path:.pdf,meteoburkina.bf,3bfd3b8a17f215e2c292204d676f1339
https://meteoburkina.bf/documents/638/Bulletin_du_21_Octobre__2025_%C3%A0_12h00.pdf,https://meteoburkina.bf/produits/bulletin-quotidien/bulletin-m%C3%A9t%C3%A9orologique-du-21-octobre-2025-%C3%A0-12h-valable-jusquau-22-octobre-2025-%C3%A0-12h/,path:.pdf,meteoburkina.bf,d4722bdefbe9ea227b73d502d6e899fb
https://meteoburkina.bf/documents/639/Bulletin_du_21_Octobre__2025_%C3%A0_18h00.pdf,https://meteoburkina.bf/produits/bulletin-quotidien/bulletin-m%C3%A9t%C3%A9orologique-du-21-octobre-2025-%C3%A0-18h-valable-jusquau-22-octobre-2025-%C3%A0-18h/,path:.pdf,meteoburkina.bf,9b63b3e7b82c80c1a27670fefb402824
https://meteoburkina.bf/documents/640/Bulletin_du_22_Octobre__2025_%C3%A0_12h00.pdf,https://meteoburkina.bf/produits/bulletin-quotidien/bulletin-m%C3%A9t%C3%A9orologique-du-22-octobre-2025-%C3%A0-12h-valable-jusqu%C3%A0-23-octobre-2025-%C3%A0-12h/,path:.pdf,meteoburkina.bf,5f6715bf8d2502606fd6f9ee736b2562
https://meteoburkina.bf/documents/641/Bulletin_du_22_Octobre__2025_%C3%A0_18h00.pdf,https://meteoburkina.bf/produits/bulletin-quotidien/bulletin-m%C3%A9t%C3%A9orologique-du-22-octobre-2025-%C3%A0-18h-valable-jusqu%C3%A0-23-octobre-2025-%C3%A0-18h/,path:.pdf,meteoburkina.bf,3e6d6772d489352b0de712206c48f870
https://meteoburkina.bf/documents/642/Bulletin_du_23_Octobre__2025_%C3%A0_12h00_hl0dnma.pdf,https://meteoburkina.bf/produits/bulletin-quotidien/bulletin-m%C3%A9t%C3%A9orologique-du-23-octobre-2025-%C3%A0-12h-valable-jusqu%C3%A0-24-octobre-2025-%C3%A0-12h/,path:.pdf,meteoburkina.bf,8281dba9877e2ba86e2b6f6bcd627d8d
https://meteoburkina.bf/documents/644/Bulletin_du_24_Octobre__2025_%C3%A0_12h00_dMoCm0H.pdf,https://meteoburkina.bf/produits/bulletin-quotidien/bulletin-m%C3%A9t%C3%A9orologique-du-24-octobre-2025-%C3%A0-12h-valable-jusquau-25-octobre-2025-%C3%A0-12h/,path:.pdf,meteoburkina.bf,e312dc90597b53c6ac2f6ec69750cf49
https://meteoburkina.bf/documents/645/Bulletin_du_24_Octobre__2025_%C3%A0_18h00.pdf,https://meteoburkina.bf/produits/bulletin-quotidien/bulletin-m%C3%A9t%C3%A9orologique-du-24-octobre-2025-%C3%A0-18h-valable-jusquau-25-octobre-2025-%C3%A0-18h/,path:.pdf,meteoburkina.bf,fa9515e3335d53cd3cbe13afaba1662e
https://meteoburkina.bf/documents/646/Bulletin_du_25_Octobre__2025_%C3%A0_18h00.pdf,https://meteoburkina.bf/produits/bulletin-quotidien/bulletin-m%C3%A9t%C3%A9orologique-du-25-octobre-2025-%C3%A0-18h-valable-jusquau-26-octobre-2025-%C3%A0-18h/,path:.pdf,meteoburkina.bf,8fed6db2a395518a4e19845b80a7cb97
https://meteoburkina.bf/documents/647/Bulletin_du_26_Octobre__2025_%C3%A0_12h00.pdf,https://meteoburkina.bf/produits/bulletin-quotidien/bulletin-m%C3%A9t%C3%A9orologique-du-26-octobre-2025-%C3%A0-12h-valable-jusquau-27-octobre-2025-%C3%A0-12h/,path:.pdf,meteoburkina.bf,e7d0047716af26b5b9dc04c1b818b3e7
https://meteoburkina.bf/documents/648/Bulletin_du_26_Octobre__2025_%C3%A0_18h00.pdf,https://meteoburkina.bf/produits/bulletin-quotidien/bulletin-m%C3%A9t%C3%A9orologique-du-26-octobre-2025-%C3%A0-18h-valable-jusquau-27-octobre-2025-%C3%A0-18h/,path:.pdf,meteoburkina.bf,4693ef8f90fdf7163a9a434df3713c84
https://meteoburkina.bf/documents/649/Bulletin_du_27_Octobre__2025_%C3%A0_12h00.pdf,https://meteoburkina.bf/produits/bulletin-quotidien/bulletin-m%C3%A9t%C3%A9orologique-du-27-octobre-2025-%C3%A0-12h-valable-jusquau-28-octobre-2025-%C3%A0-12h/,path:.pdf,meteoburkina.bf,358f5f038c3e7a17802e4c7ae7d2948a
https://meteoburkina.bf/documents/650/Bulletin_du_27_Octobre__2025_%C3%A0_18h00.pdf,https://meteoburkina.bf/produits/bulletin-quotidien/bulletin-m%C3%A9t%C3%A9orologique-du-27-octobre-2025-%C3%A0-18h-valable-jusquau-28-octobre-2025-%C3%A0-18h/,path:.pdf,meteoburkina.bf,a9f626f714d6453e3dfb4894fa65dabe
https://meteoburkina.bf/documents/651/Bulletin_m%C3%A9t%C3%A9orologique_hebdomadaire_du_27_octobre_au_02_novembre_2025.pdf,https://meteoburkina.bf/produits/bulletin-hebdomadaire/bulletin-m%C3%A9t%C3%A9orologique-hebdomadaire-du-27-octobre-au-02-novembre-2025/,path:.pdf,meteoburkina.bf,1186c71181cbcb0daa8eb7221565e0b2
https://meteoburkina.bf/documents/652/Bulletin_du_28_Octobre__2025_%C3%A0_12h00.pdf,https://meteoburkina.bf/produits/bulletin-quotidien/bulletin-m%C3%A9t%C3%A9orologique-du-28-octobre-2025-%C3%A0-12h-valable-jusquau-29-octobre-2025-%C3%A0-12h/,path:.pdf,meteoburkina.bf,9909e43d183dfd2db8581d010049df56
https://meteoburkina.bf/documents/653/Bulletin_du_28_Octobre__2025_%C3%A0_18h00.pdf,https://meteoburkina.bf/produits/bulletin-quotidien/bulletin-m%C3%A9t%C3%A9orologique-du-28-octobre-2025-%C3%A0-18h-valable-jusquau-29-octobre-2025-%C3%A0-18h/,path:.pdf,meteoburkina.bf,3a04e1c9f457af6a117e54022b3fae5b
https://meteoburkina.bf/documents/654/Bulletin_du_29_Octobre__2025_%C3%A0_12h00.pdf,https://meteoburkina.bf/produits/bulletin-quotidien/bulletin-m%C3%A9t%C3%A9orologique-du-29-octobre-2025-%C3%A0-12h-valable-jusquau-30-octobre-2025-%C3%A0-12h/,path:.pdf,meteoburkina.bf,b97d1cfeb661f0d338c8087e9f7121ee
https://meteoburkina.bf/documents/655/Bulletin_du_30_Octobre__2025_%C3%A0_12h00.pdf,https://meteoburkina.bf/produits/bulletin-quotidien/bulletin-m%C3%A9t%C3%A9orologique-du-30-octobre-2025-%C3%A0-12h-valable-jusquau-31-octobre-2025-%C3%A0-12h/,path:.pdf,meteoburkina.bf,2145ed93aa9f7f290115937e87f4380d
https://meteoburkina.bf/documents/656/Bulletin_du_29_Octobre__2025_%C3%A0_18h00.pdf,https://meteoburkina.bf/produits/bulletin-quotidien/bulletin-m%C3%A9t%C3%A9orologique-du-29-octobre-2025-%C3%A0-18h-valable-jusquau-30-octobre-2025-%C3%A0-18h/,path:.pdf,meteoburkina.bf,db963205a0f5103ead51cfa85e1b169a
https://meteoburkina.bf/documents/657/BAD25103.pdf,https://meteoburkina.bf/produits/bulletin-agrometeologique-decadaire/bulletin-agrom%C3%A9t%C3%A9orologique-d%C3%A9cadaire-n30-valable-du-01-au-10-novembre-2025/,path:.pdf,meteoburkina.bf,45dabe6f60ec34113905f705936d061c
https://meteoburkina.bf/documents/658/Bulletin_du_08_Novembre__2025_%C3%A0_12h00.pdf,https://meteoburkina.bf/produits/bulletin-quotidien/bulletin-m%C3%A9t%C3%A9orologique-du-08-novembre-2025-%C3%A0-12h-valable-jusquau-09-novembre-2025-%C3%A0-12h/,path:.pdf,meteoburkina.bf,d766141b75b13f38bdd6384d58ebdad6
https://meteoburkina.bf/documents/659/Bulletin_du_11_Novembre__2025_%C3%A0_12h00.pdf,https://meteoburkina.bf/produits/bulletin-quotidien/bulletin-meteo-du-11-novembre-2025/,path:.pdf,meteoburkina.bf,f92ee2b6d3587a6af5917b8ff0635b83
https://meteoburkina.bf/documents/660/BAD25111.pdf,https://meteoburkina.bf/produits/bulletin-agrometeologique-decadaire/bulletin-agrom%C3%A9t%C3%A9orologique-d%C3%A9cadaire-n31-valable-du-11-au-20-novembre-2025/,path:.pdf,meteoburkina.bf,e6a9c8ca35ae507e57dfda7386ec7ee6
https://meteoburkina.bf/documents/662/Bulletin_du_16_Novembre__2025_%C3%A0_18h00.pdf,https://meteoburkina.bf/produits/bulletin-quotidien/bulletin-meteo-du-16-novembre-2025-a-18-heures/,path:.pdf,meteoburkina.bf,540f928bdd9d700aac6281d40703e5f3
https://meteoburkina.bf/documents/664/Bulletin_du_21_Novembre__2025_%C3%A0_12h00.pdf,https://meteoburkina.bf/produits/bulletin-quotidien/bulletin-meteo-du-16-novembre-2025/,path:.pdf,meteoburkina.bf,83378eaa6b9a85a357b77e70e3619fdb
https://meteoburkina.bf/documents/665/Bulletin_du_22_Novembre__2025_%C3%A0_12h00.pdf,https://meteoburkina.bf/produits/bulletin-quotidien/bulletin-meteo-du-22-novembre-2025/,path:.pdf,meteoburkina.bf,ae279a8d1ab12cc89da3830c7cc3c4a3
https://meteoburkina.bf/documents/666/BAD25103_media.pdf,https://meteoburkina.bf/produits/bulletin-agrometeo-pour-les-medias/bulletin-agrom%C3%A9t%C3%A9orologique-d%C3%A9cadaire-m%C3%A9dias-agriculteurs-n30-valable-du-01-du-10-novembre-2025/,path:.pdf,meteoburkina.bf,3a8da9fc5f4b0d1a48c96881219ca138
https://meteoburkina.bf/documents/667/BAD25111_media.pdf,https://meteoburkina.bf/produits/bulletin-agrometeo-pour-les-medias/bulletin-agrom%C3%A9t%C3%A9orologique-d%C3%A9cadaire-m%C3%A9dias-agriculteurs-n31-valable-du-11-au-20-novembre-2025/,path:.pdf,meteoburkina.bf,2b2faa736f49440c740e387f2d861b39
https://meteoburkina.bf/documents/668/BAD25112_m%C3%A9dia.pdf,https://meteoburkina.bf/produits/bulletin-agrometeo-pour-les-medias/bulletin-agrom%C3%A9t%C3%A9orologique-d%C3%A9cadaire-m%C3%A9dias-agriculteurs-n32-valable-du-21-au-30-novembre-2025/,path:.pdf,meteoburkina.bf,e3c9b64bb6740b86934db1f3d7a1f980
https://meteoburkina.bf/documents/669/BAD_s%C3%A8che_2025_11_2.pdf,https://meteoburkina.bf/produits/bulletin-agrometeologique-decadaire/bulletin-agrom%C3%A9t%C3%A9orologique-d%C3%A9cadaire-n32-valable-du-21-au-30-novembre-2025/,path:.pdf,meteoburkina.bf,ff05fefd964d4947fee9b62d40e234a2
https://meteoburkina.bf/documents/670/Bulletin_du_29_Novembre__2025_%C3%A0_12h00.pdf,https://meteoburkina.bf/produits/bulletin-quotidien/bulletin-meteo-du-29-novembre-2025/,path:.pdf,meteoburkina.bf,911e029f51bea798849e53f72678a8e9
https://meteoburkina.bf/documents/671/BAD25113.pdf,https://meteoburkina.bf/produits/bulletin-agrometeologique-decadaire/bulletin-agrom%C3%A9t%C3%A9orologique-d%C3%A9cadaire-n33-valable-du-01-au-10-d%C3%A9cembre-2025/,path:.pdf,meteoburkina.bf,c358176c7f095022d5bb0f1fd46094bb
https://meteoburkina.bf/documents/674/Bulletin_du_07_D%C3%A9cembre__2025_%C3%A0_18h00_kDP4jKL.pdf,https://meteoburkina.bf/produits/bulletin-quotidien/bulletin-meteo-du-07-decembre-2025-a-18-heures/,path:.pdf,meteoburkina.bf,e6a954abf47f95b671e9dcabd0b9ea71
https://meteoburkina.bf/documents/675/Bulletin_du_08_D%C3%A9cembre__2025_%C3%A0_12h00.pdf,https://meteoburkina.bf/produits/bulletin-quotidien/bulletin-meteo-du-08-decembre-2025/,path:.pdf,meteoburkina.bf,a69a5e9c163bea81cce7f7d4a773fbe6
https://meteoburkina.bf/documents/676/Bulletin_du_09_D%C3%A9cembre__2025_%C3%A0_12h00.pdf,https://meteoburkina.bf/produits/bulletin-quotidien/bulletin-meteo-du-09-decembre-2025/,path:.pdf,meteoburkina.bf,b2b4229df29043e09bf31baf1a5c9bff
https://meteoburkina.bf/documents/677/Bulletin_du_10_D%C3%A9cembre__2025_%C3%A0_12h00.pdf,https://meteoburkina.bf/produits/bulletin-quotidien/bulletin-meteo-du-09-d%C3%A9cembre-2025/,path:.pdf,meteoburkina.bf,3a8227487b220bce01442a401dd316bb
https://meteoburkina.bf/documents/678/Bulletin_du_11_D%C3%A9cembre__2025_%C3%A0_12h00.pdf,https://meteoburkina.bf/produits/bulletin-quotidien/bulletin-meteo-du-11-d%C3%A9cembre-2025/,path:.pdf,meteoburkina.bf,562a6deda7cd8a0fce8f8d63be78357a
https://meteoburkina.bf/documents/679/Bulletin_du_12_D%C3%A9cembre__2025_%C3%A0_12h00.pdf,https://meteoburkina.bf/produits/bulletin-quotidien/bulletin-meteo-du-12-d%C3%A9cembre-2025/,path:.pdf,meteoburkina.bf,77570968b01b1bc12592ea38143b101a
https://meteoburkina.bf/documents/680/Bulletin_du_13_D%C3%A9cembre__2025_%C3%A0_12h00.pdf,https://meteoburkina.bf/produits/bulletin-quotidien/bulletin-meteo-du-13-d%C3%A9cembre-2025/,path:.pdf,meteoburkina.bf,7883ecb839369856f7c5fb5c58d3b2e5
https://meteoburkina.bf/documents/681/BAD25121.pdf,https://meteoburkina.bf/produits/bulletin-agrometeologique-decadaire/bulletin-agrom%C3%A9t%C3%A9orologique-d%C3%A9cadaire-n33-valable-du-11-au-20-d%C3%A9cembre-2025/,path:.pdf,meteoburkina.bf,d7c8944630d851e1c4103ce25c3996dd
https://meteoburkina.bf/documents/682/BAD25121_m%C3%A9dia.pdf,https://meteoburkina.bf/produits/bulletin-agrometeo-pour-les-medias/bulletin-agrom%C3%A9t%C3%A9orologique-d%C3%A9cadaire-m%C3%A9dias-agriculteurs-n34-valable-du-11-au-20-d%C3%A9cembre-2025/,path:.pdf,meteoburkina.bf,e3c5633d3cbb0f23ee11b768d69eb138
https://meteoburkina.bf/documents/683/BAD25113_m%C3%A9dia.pdf,https://meteoburkina.bf/produits/bulletin-agrometeo-pour-les-medias/bulletin-agrom%C3%A9t%C3%A9orologique-d%C3%A9cadaire-m%C3%A9dias-agriculteurs-n33-valable-du-01-au-10-d%C3%A9cembre-2025/,path:.pdf,meteoburkina.bf,fed4f6b9b557ad6ed1913dded021564e
https://meteoburkina.bf/documents/684/Bulletin_du_20_D%C3%A9cembre__2025_%C3%A0_12h00.pdf,https://meteoburkina.bf/produits/bulletin-quotidien/bulletin-meteo-du-20-d%C3%A9cembre-2025/,path:.pdf,meteoburkina.bf,e5f6e221a18836321115c57ef8fd61fc
https://meteoburkina.bf/documents/685/BAD25122.pdf,https://meteoburkina.bf/produits/bulletin-agrometeologique-decadaire/bulletin-agrom%C3%A9t%C3%A9orologique-d%C3%A9cadaire-n35-valable-du-21-au-23-d%C3%A9cembre-2025/,path:.pdf,meteoburkina.bf,22d86041835fad3fe51839f61ddd9683
https://meteoburkina.bf/documents/686/BAD25122_m%C3%A9dia.pdf,https://meteoburkina.bf/produits/bulletin-agrometeo-pour-les-medias/bulletin-agrom%C3%A9t%C3%A9orologique-d%C3%A9cadaire-m%C3%A9dias-agriculteurs-n35-valable-du-21-au-31-d%C3%A9cembre-2025/,path:.pdf,meteoburkina.bf,39dcd3bc60752061b9db61aefd3da932
https://meteoburkina.bf/documents/687/BAD25123_m%C3%A9dia.pdf,https://meteoburkina.bf/produits/bulletin-agrometeo-pour-les-medias/bulletin-agrom%C3%A9t%C3%A9orologique-d%C3%A9cadaire-m%C3%A9dia-agriculteurs-n36-valable-du-1er-au-10-janvier-2026/,path:.pdf,meteoburkina.bf,8968617dd0b33338f192ad0ac8a2b92a
https://meteoburkina.bf/documents/688/BAD25123.pdf,https://meteoburkina.bf/produits/bulletin-agrometeologique-decadaire/bulletin-agrom%C3%A9t%C3%A9orologique-d%C3%A9cadaire-n36-valable-du-1er-au-10-janvier-2026/,path:.pdf,meteoburkina.bf,1163ad735c8c981d058ed78be045f10b
https://meteoburkina.bf/documents/689/BAD26011.pdf,https://meteoburkina.bf/produits/bulletin-agrometeologique-decadaire/bulletin-agrom%C3%A9t%C3%A9orologique-d%C3%A9cadaire-n01-valable-du-11-au-20-janvier-2026/,path:.pdf,meteoburkina.bf,7143dbcae55438987ffdaf472cff808d
https://meteoburkina.bf/documents/690/BAD26011_m%C3%A9dia.pdf,https://meteoburkina.bf/produits/bulletin-agrometeo-pour-les-medias/bulletin-agrom%C3%A9t%C3%A9orologique-d%C3%A9cadaire-m%C3%A9dias-agriculteurs-n01-valable-du-11-au-20-janvier-2026/,path:.pdf,meteoburkina.bf,78eefe649ba454db16440bbb818012b8
https://meteoburkina.bf/documents/691/Bulletin_du_22_Janvier__2026_%C3%A0_12h00.pdf,https://meteoburkina.bf/produits/bulletin-quotidien/bulletin-meteo-du-22-janvier-2025-12-heures/,path:.pdf,meteoburkina.bf,ee7dc45f86fd8bb3434b4f882e73fb86
https://meteoburkina.bf/documents/692/BAD26012.pdf,https://meteoburkina.bf/produits/bulletin-agrometeologique-decadaire/bulletin-agrom%C3%A9t%C3%A9orologique-d%C3%A9cadaire-n02-valable-du-21-au-31-janvier-2026/,path:.pdf,meteoburkina.bf,741aa87c401e3794b1be7fd10dc1cc1a
https://meteoburkina.bf/documents/694/BAD26013.pdf,https://meteoburkina.bf/produits/bulletin-agrometeologique-decadaire/bulletin-agrom%C3%A9t%C3%A9orologique-d%C3%A9cadaire-n3-valable-du-1er-au-10-f%C3%A9vrier-2026/,path:.pdf,meteoburkina.bf,9672b8847e2e6d86dd961c21ccc6563c
https://meteoburkina.bf/documents/695/BAD26013_m%C3%A9dia.pdf,https://meteoburkina.bf/produits/bulletin-agrometeo-pour-les-medias/bulletin-agrom%C3%A9t%C3%A9orologique-d%C3%A9cadaire-m%C3%A9dias-agriculteurs-n03-valable-du-1er-au-10-f%C3%A9vrier-2026/,path:.pdf,meteoburkina.bf,e8d963becbfb6c2e17f9a0f33b4df1d3
https://meteoburkina.bf/documents/696/Bulletin_du_05_F%C3%A9vrier__2026_%C3%A0_12h00.pdf,https://meteoburkina.bf/produits/bulletin-quotidien/bulletin-meteo-du-05-fevrier-2025-12-heures/,path:.pdf,meteoburkina.bf,a64e09b07f2cfae3f5ecbe62c6742c82
https://meteoburkina.bf/documents/697/Bulletin_du_05_F%C3%A9vrier_2026_%C3%A0_18h00.pdf,https://meteoburkina.bf/produits/bulletin-quotidien/bulletin-meteo-du-05-fevrier-2025-18-heures/,path:.pdf,meteoburkina.bf,f5846f03692a547bf17f97691aaf7aea
https://meteoburkina.bf/documents/700/Bulletin_du_10_F%C3%A9vrier__2026_%C3%A0_12h00.pdf,https://meteoburkina.bf/produits/bulletin-quotidien/bulletin-meteo-du-06-fevrier-2025-12-heures/,path:.pdf,meteoburkina.bf,c25ad48e64a04e459f9c2a14c6d45079
https://meteoburkina.bf/documents/702/Bulletin_du_08_F%C3%A9vrier__2026_%C3%A0_12h00.pdf,https://meteoburkina.bf/produits/bulletin-quotidien/bulletin-meteo-du-10-fevrier-2025-18-heures/,path:.pdf,meteoburkina.bf,648d5327508d75872cdbeadfbba8a53c
https://meteoburkina.bf/documents/703/Bulletin_du_11_F%C3%A9vrier__2026_%C3%A0_12h00.pdf,https://meteoburkina.bf/produits/bulletin-quotidien/bulletin-meteo-du-10-fevrier-2025-12-heures/,path:.pdf,meteoburkina.bf,01bf1198f5fbb44c3a123a49a0e5bda9
https://meteoburkina.bf/documents/704/BCM202601.pdf,https://meteoburkina.bf/produits/bulletin-climatique-mensuel/bulletin-climatique-mensuel-de-janvier-2026/,path:.pdf,meteoburkina.bf,1f955d1806d4afc1f879ee3385cfa400
https://meteoburkina.bf/documents/705/BAD26021_m%C3%A9dia.pdf,https://meteoburkina.bf/produits/bulletin-agrometeo-pour-les-medias/bulletin-agrom%C3%A9t%C3%A9orologique-d%C3%A9cadaire-m%C3%A9dias-agriculteurs-n4-valable-du-11-au-20-f%C3%A9vrier-2026/,path:.pdf,meteoburkina.bf,aa22d98a3e3039b1effb7be9cabf8c1b
https://meteoburkina.bf/documents/706/BAD26021.pdf,https://meteoburkina.bf/produits/bulletin-agrometeologique-decadaire/bulletin-agrom%C3%A9t%C3%A9orologique-d%C3%A9cadaire-n4-valable-du-11-au-2o-f%C3%A9vrier-2026/,path:.pdf,meteoburkina.bf,9a98522b3aad7a91c7fcb428aedbf09e
https://meteoburkina.bf/documents/707/Bulletin_du_14_F%C3%A9vrier__2026_%C3%A0_12h00.pdf,https://meteoburkina.bf/produits/bulletin-quotidien/bulletin-meteo-du-14-fevrier-2025-12-heures/,path:.pdf,meteoburkina.bf,d6baf519ed783c83d3d8b27fc132cc1a
https://meteoburkina.bf/documents/710/Bulletin_du_15_F%C3%A9vrier__2026_%C3%A0_12h00.pdf,https://meteoburkina.bf/produits/bulletin-quotidien/bulletin-meteo-du-16-fevrier-2025-12-heures/,path:.pdf,meteoburkina.bf,c964cdb8a5657af1fa61169a55297e7d
https://meteoburkina.bf/documents/711/Bulletin_du_16_F%C3%A9vrier__2026_%C3%A0_12h00.pdf,https://meteoburkina.bf/produits/bulletin-quotidien/bulletin-meteo-du-15-fevrier-2025-12-heures/,path:.pdf,meteoburkina.bf,7bff919f8ab7e6e70f379d7d492eff23
https://meteoburkina.bf/documents/712/Bulletin_du_17_F%C3%A9vrier__2026_%C3%A0_12h00.pdf,https://meteoburkina.bf/produits/bulletin-quotidien/bulletin-meteo-du-17-fevrier-2025-12-heures/,path:.pdf,meteoburkina.bf,5256a4e3da7674baa507e5496192f97e
https://meteoburkina.bf/documents/713/Bulletin_du_19_F%C3%A9vrier__2026_%C3%A0_12h00.pdf,https://meteoburkina.bf/produits/bulletin-quotidien/bulletin-meteo-du-19-fevrier-2025-12-heures/,path:.pdf,meteoburkina.bf,059ffc1a39ceb9ecec31c6ce7e8e702f
https://meteoburkina.bf/documents/714/Bulletin_du_20_F%C3%A9vrier__2026_%C3%A0_12h00.pdf,https://meteoburkina.bf/produits/bulletin-quotidien/bulletin-meteo-du-20-fevrier-2025-12-heures/,path:.pdf,meteoburkina.bf,1a8ab9a55ec3b432fec095dad6fb538a
https://meteoburkina.bf/documents/716/Bulletin_du_22_F%C3%A9vrier__2026_%C3%A0_12h00.pdf,https://meteoburkina.bf/produits/bulletin-quotidien/bulletin-meteo-du-21-fevrier-2026-12-heures/,path:.pdf,meteoburkina.bf,5a80f701357052bebaad8d6a464084bd
https://meteoburkina.bf/documents/717/Bulletin_du_23_F%C3%A9vrier__2026_%C3%A0_12h00.pdf,https://meteoburkina.bf/produits/bulletin-quotidien/bulletin-meteo-du-23-fevrier-2026-12-heures/,path:.pdf,meteoburkina.bf,6229cc7b5fd825dc437643b08f69e664
https://meteoburkina.bf/documents/718/Bulletin_du_23_F%C3%A9vrier__2026_%C3%A0_12h00_ODNrXP6.pdf,https://meteoburkina.bf/produits/bulletin-quotidien/bulletin-meteo-du-23-fevrier-2026-12-heures/,path:.pdf,meteoburkina.bf,c4c81e3fafa66d22bc4aa937a70cb1b2
https://meteoburkina.bf/documents/719/BAD26022.pdf,https://meteoburkina.bf/produits/bulletin-agrometeologique-decadaire/bulletin-agrom%C3%A9t%C3%A9orologique-d%C3%A9cadaire-n5-valable-du-21-au-28-f%C3%A9vrier-2026/,path:.pdf,meteoburkina.bf,eb58c3c91aa4de666fa6a5a149629171
https://meteoburkina.bf/documents/720/BAD26022_m%C3%A9dia.pdf,https://meteoburkina.bf/produits/bulletin-agrometeo-pour-les-medias/bulletin-agrom%C3%A9t%C3%A9orologique-d%C3%A9cadaire-m%C3%A9dias-agriculteurs-n5-valable-du-21-au-28-f%C3%A9vrier-2026/,path:.pdf,meteoburkina.bf,2fcfcdaa34398818364a96370ca16e74
https://meteoburkina.bf/documents/721/Bulletin_du_24_F%C3%A9vrier__2026_%C3%A0_12h00.pdf,https://meteoburkina.bf/produits/bulletin-quotidien/bulletin-meteo-du-24-fevrier-2026-12-heures/,path:.pdf,meteoburkina.bf,d98af250bed1c43eaafd2ce46c0d5bcc
https://meteoburkina.bf/documents/722/Bulletin_du_25_F%C3%A9vrier__2026_%C3%A0_12h00.pdf,https://meteoburkina.bf/produits/bulletin-quotidien/bulletin-meteo-du-25-fevrier-2026-12-heures/,path:.pdf,meteoburkina.bf,14b75c8c90d65883fcf7aad39fc897ef
https://meteoburkina.bf/documents/723/Bulletin_du_26_F%C3%A9vrier__2026_%C3%A0_12h00.pdf,https://meteoburkina.bf/produits/bulletin-quotidien/bulletin-meteo-du-26-fevrier-2026-12-heures/,path:.pdf,meteoburkina.bf,d5189983651edf625107c5807771d100
https://meteoburkina.bf/documents/724/Bulletin_du_27_F%C3%A9vrier__2026_%C3%A0_12h00.pdf,https://meteoburkina.bf/produits/bulletin-quotidien/bulletin-meteo-du-27-fevrier-2026-12-heures/,path:.pdf,meteoburkina.bf,3e0956caadbcb2480d32e32bdaacbfc3
https://meteoburkina.bf/documents/726/Bulletin_du_02_Mars_2026_%C3%A0_12h00.pdf,https://meteoburkina.bf/produits/bulletin-quotidien/bulletin-meteo-du-28-fevrier-2026-12-heures/,path:.pdf,meteoburkina.bf,c73f9b1854b3167c24ed2e7e8555dc90
https://meteoburkina.bf/documents/727/Bulletin_du_03_Mars_2026_%C3%A0_12h00.pdf,https://meteoburkina.bf/produits/bulletin-quotidien/bulletin-meteo-du-03-mars-2026-12-heures/,path:.pdf,meteoburkina.bf,cb4cfefd66c33db4aab8fd579dad47cb
https://meteoburkina.bf/documents/728/Bulletin_du_03_Mars_2026_%C3%A0_12h00_3E9tBHk.pdf,https://meteoburkina.bf/produits/bulletin-quotidien/bulletin-meteo-du-03-mars-2026-12-heures/,path:.pdf,meteoburkina.bf,88256ed1f3794d1bcb61389e32d99d02
https://meteoburkina.bf/documents/729/BAD26023_m%C3%A9dia.pdf,https://meteoburkina.bf/produits/bulletin-agrometeo-pour-les-medias/bulletin-agrom%C3%A9t%C3%A9orologique-d%C3%A9cadaire-m%C3%A9dias-agriculteurs-n6-valable-du-1er-au-10-mars-2026/,path:.pdf,meteoburkina.bf,4b9a964e91f278ce122e961cc31209e0
https://meteoburkina.bf/documents/730/BAD26023.pdf,https://meteoburkina.bf/produits/bulletin-agrometeologique-decadaire/bulletin-agrom%C3%A9t%C3%A9orologique-d%C3%A9cadaire-n6-valable-du-1er-au-10-mars-2026/,path:.pdf,meteoburkina.bf,f61aa6afce7d5ef3d97b9f46c228e5f0
https://meteoburkina.bf/documents/731/Bulletin_du_04_Mars_2026_%C3%A0_12h00.pdf,https://meteoburkina.bf/produits/bulletin-quotidien/bulletin-meteo-du-04-mars-2026-12-heures/,path:.pdf,meteoburkina.bf,9fadf72c882c23bbfd3c25c2fb7a8291
https://meteoburkina.bf/documents/732/Bulletin_du_04_Mars_2026_%C3%A0_12h00_i2PFoly.pdf,https://meteoburkina.bf/produits/bulletin-quotidien/bulletin-meteo-du-04-mars-2026-12-heures/,path:.pdf,meteoburkina.bf,38c847137ef0eec38ef491dabf7fbf88
https://meteoburkina.bf/documents/733/Bulletin_du_05_Mars_2026_%C3%A0_12h00.pdf,https://meteoburkina.bf/produits/bulletin-quotidien/bulletin-meteo-du-05-mars-2026-12-heures/,path:.pdf,meteoburkina.bf,681d17df3dc6eaff235933a1033e8c06
https://meteoburkina.bf/documents/734/Bulletin_du_06_Mars_2026_%C3%A0_12h00.pdf,https://meteoburkina.bf/produits/bulletin-quotidien/bulletin-meteo-du-06-mars-2026-12-heures/,path:.pdf,meteoburkina.bf,52d864e4fb412212d462f50c0812d51c
https://meteoburkina.bf/documents/735/BCM202602.pdf,https://meteoburkina.bf/produits/bulletin-climatique-mensuel/bulletin-climatique-mensuel-de-f%C3%A9vrier-2026/,path:.pdf,meteoburkina.bf,ce14f3dd6d529fce5cc89e95ec0e7e22
https://meteoburkina.bf/documents/736/Bulletin_du_09_Mars_2026_%C3%A0_12h00.pdf,https://meteoburkina.bf/produits/bulletin-quotidien/bulletin-meteo-du-09-mars-2026-12-heures/,path:.pdf,meteoburkina.bf,c89d5c0cdfdf5d666f878c51186cb6df
https://meteoburkina.bf/documents/737/Bulletin_du_10_Mars_2026_%C3%A0_12h00.pdf,https://meteoburkina.bf/produits/bulletin-quotidien/bulletin-meteo-du-10-mars-2026-12-heures/,path:.pdf,meteoburkina.bf,db7f6a471d97fd848566facb82fe2735
https://meteoburkina.bf/documents/738/Bulletin_du_11_Mars_2026_%C3%A0_12h00.pdf,https://meteoburkina.bf/produits/bulletin-quotidien/bulletin-meteo-du-11-mars-2026-12-heures/,path:.pdf,meteoburkina.bf,17f97a39a52f0cfa3e57803b5ad4f3f0
https://meteoburkina.bf/documents/739/Bulletin_du_12_Mars_2026_%C3%A0_12h00.pdf,https://meteoburkina.bf/produits/bulletin-quotidien/bulletin-meteo-du-12-mars-2026-12-heures/,path:.pdf,meteoburkina.bf,877a4455799863f5f1fb799d54664641
https://meteoburkina.bf/documents/740/Bulletin_Pr%C3%A9vision_saisonni%C3%A8re_des_temp%C3%A9ratures_MAM_2026.pdf,https://meteoburkina.bf/produits/bulletin-de-previsions-saisonnieres/bulletin_de_pr%C3%A9vision-_saisonni%C3%A8re_des_temp%C3%A9ratures_mars-mai-avril_2026/,path:.pdf,meteoburkina.bf,b620ef5be0f64425701b64fc442e1d4e
https://meteoburkina.bf/documents/741/Bulletin_du_13_Mars_2026_%C3%A0_12h00.pdf,https://meteoburkina.bf/produits/bulletin-quotidien/bulletin-meteo-du-13-mars-2026-12-heures/,path:.pdf,meteoburkina.bf,e41468d870acc5826b7c0fd5ee01b1bd
https://meteoburkina.bf/documents/742/BAD26031.pdf,https://meteoburkina.bf/produits/bulletin-agrometeologique-decadaire/bulletin-agrom%C3%A9t%C3%A9orologique-d%C3%A9cadaire-n7-valable-du-11-au-20-mars-2026/,path:.pdf,meteoburkina.bf,7d3e9bced167dd5b822811a202663631
https://meteoburkina.bf/documents/743/BAD26031_m%C3%A9dia.pdf,https://meteoburkina.bf/produits/bulletin-agrometeo-pour-les-medias/bulletin-agrom%C3%A9t%C3%A9orologique-d%C3%A9cadaire-m%C3%A9dias-agriculteurs-n7-valable-du-11-au-20-mars-2026/,path:.pdf,meteoburkina.bf,f8aec3582d8619243ad5af30d505bab7
https://meteoburkina.bf/documents/744/Bulletin_du_14_Mars_2026_%C3%A0_12h00.pdf,https://meteoburkina.bf/produits/bulletin-quotidien/bulletin-meteo-du-14-mars-2026-12-heures/,path:.pdf,meteoburkina.bf,d31f6c95dc2b02d24c39078ff068a7d0
https://meteoburkina.bf/documents/745/Bulletin_du_15_Mars_2026_%C3%A0_12h00.pdf,https://meteoburkina.bf/produits/bulletin-quotidien/bulletin-meteo-du-15-mars-2026-12-heures/,path:.pdf,meteoburkina.bf,6b2e30b065af9a72453908647d801fed
https://meteoburkina.bf/documents/746/Bulletin_du_16_Mars_2026_%C3%A0_12h00.pdf,https://meteoburkina.bf/produits/bulletin-quotidien/bulletin-meteo-du-16-mars-2026-12-heures/,path:.pdf,meteoburkina.bf,c9080254f67001470ce96ff7d32bd95b
https://meteoburkina.bf/documents/747/Bulletin_du_17_Mars_2026_%C3%A0_12h00.pdf,https://meteoburkina.bf/produits/bulletin-quotidien/bulletin-meteo-du-17-mars-2026-12-heures/,path:.pdf,meteoburkina.bf,e7353f3104749d0862d981fd28f24c85
https://meteoburkina.bf/documents/748/Bulletin_du_18_Mars_2026_%C3%A0_12h00.pdf,https://meteoburkina.bf/produits/bulletin-quotidien/bulletin-meteo-du-18-mars-2026-12-heures/,path:.pdf,meteoburkina.bf,8a379dd63d6d0e2237d05727ab836f90
https://meteoburkina.bf/documents/749/Bulletin_du_19_Mars_2026_%C3%A0_12h00.pdf,https://meteoburkina.bf/produits/bulletin-quotidien/bulletin-meteo-du-19-mars-2026-12-heures/,path:.pdf,meteoburkina.bf,a3a02feccf259ca30d282efe5c0c76af
https://meteoburkina.bf/documents/753/Bulletin_du_22_Mars_2026_%C3%A0_12h00.pdf,https://meteoburkina.bf/produits/bulletin-quotidien/bulletin-meteo-du-22-mars-2026-12-heures/,path:.pdf,meteoburkina.bf,bf7e1b02c5b70e2f37f205c4923f70b6
https://meteoburkina.bf/documents/755/BAD26032_m%C3%A9dia.pdf,https://meteoburkina.bf/produits/bulletin-agrometeo-pour-les-medias/bulletin-agrom%C3%A9t%C3%A9orologique-d%C3%A9cadaire-m%C3%A9dias-agriculteurs-n8-valable-du-21-au-31-mars-2026/,path:.pdf,meteoburkina.bf,7d6a8fe59ee67d93b77ec6e5b841c031
https://meteoburkina.bf/documents/756/BAD26032.pdf,https://meteoburkina.bf/produits/bulletin-agrometeologique-decadaire/bulletin-agrom%C3%A9t%C3%A9orologique-d%C3%A9cadaire-n8-valable-du-21-au-31-mars-2026/,path:.pdf,meteoburkina.bf,b19b7882e560998030568d92cb9cdbdd
https://meteoburkina.bf/documents/758/Bulletin_du_26_Mars_2026_%C3%A0_12h00.pdf,https://meteoburkina.bf/produits/bulletin-quotidien/bulletin-meteo-du-23-mars-2026-12-heures/,path:.pdf,meteoburkina.bf,cd169df277f9e1e8beb1b124d9195b92
https://meteoburkina.bf/documents/759/Bulletin_du_27_Mars_2026_%C3%A0_12h00.pdf,https://meteoburkina.bf/produits/bulletin-quotidien/bulletin-meteo-du-27-mars-2026-12-heures/,path:.pdf,meteoburkina.bf,69b10137d02d06153fc64a147db84360
https://meteoburkina.bf/documents/760/Bulletin_du_27_Mars_2026_%C3%A0_12h00_TEsYRCU.pdf,https://meteoburkina.bf/produits/bulletin-quotidien/bulletin-meteo-du-27-mars-2026-12-heures/,path:.pdf,meteoburkina.bf,3574d523ef9bfd2dbdd42b82005d9b38
https://meteoburkina.bf/documents/761/Bulletin_du_01_Avril_2026_%C3%A0_12h00.pdf,https://meteoburkina.bf/produits/bulletin-quotidien/bulletin-meteo-du-01-avril-2026-12-heures/,path:.pdf,meteoburkina.bf,4bee30d5e981cd735352246e32f57085
https://meteoburkina.bf/documents/762/Bulletin_du_02_Avril_2026_%C3%A0_12h00.pdf,https://meteoburkina.bf/produits/bulletin-quotidien/bulletin-meteo-du-02-avril-2026-12-heures/,path:.pdf,meteoburkina.bf,d2afeeae706c21e015b77942f63cf292
https://meteoburkina.bf/documents/764/Bulletin_du_03_Avril_2026_%C3%A0_12h00.pdf,https://meteoburkina.bf/produits/bulletin-quotidien/bulletin-meteo-du-03-avril-2026-12-heures/,path:.pdf,meteoburkina.bf,2d7dfb5a647bfedf92a5303360b4e06a
https://meteoburkina.bf/documents/765/BAD26033_m%C3%A9dia.pdf,https://meteoburkina.bf/produits/bulletin-agrometeo-pour-les-medias/bulletin-agrom%C3%A9t%C3%A9orologique-d%C3%A9cadaire-m%C3%A9dias-agriculteurs-n9-valable-du-1er-au-10-avril-2026/,path:.pdf,meteoburkina.bf,d657d4d29d23622659489d7fd09813aa
https://meteoburkina.bf/documents/766/BAD26033.pdf,https://meteoburkina.bf/produits/bulletin-agrometeologique-decadaire/bulletin-agrom%C3%A9t%C3%A9orologique-d%C3%A9cadaire-n9-valable-du-1er-au-10-avril-2026/,path:.pdf,meteoburkina.bf,a8d30a19be177a3d4892e2a5c7951e2a
https://meteoburkina.bf/documents/767/Bulletin_du_05_Avril_2026_%C3%A0_12h00.pdf,https://meteoburkina.bf/produits/bulletin-quotidien/bulletin-meteo-du-05-avril-2026-12-heures/,path:.pdf,meteoburkina.bf,6f5137c6c10a7650f1de0bc894774984
https://meteoburkina.bf/documents/768/Bulletin_du_07_Avril_2026_%C3%A0_12h00.pdf,https://meteoburkina.bf/produits/bulletin-quotidien/bulletin-meteo-du-07-avril-2026-12-heures/,path:.pdf,meteoburkina.bf,e55943d095c7b83a509cbdc7f50dc64c
https://meteoburkina.bf/documents/769/Bulletin_du_07_Avril_2026_%C3%A0_18h00.pdf,https://meteoburkina.bf/produits/bulletin-quotidien/bulletin-meteo-du-07-avril-2026-18-heures/,path:.pdf,meteoburkina.bf,64c49222fc0b9aa06fa4592af6598f4e
https://meteoburkina.bf/documents/770/Bulletin_du_08_Avril_2026_%C3%A0_12h00.pdf,https://meteoburkina.bf/produits/bulletin-quotidien/bulletin-meteo-du-08-avril-2026-12-heures/,path:.pdf,meteoburkina.bf,90809faa47e14aa18695f678c299e52c
https://meteoburkina.bf/documents/771/Bulletin_du_09_Avril_2026_%C3%A0_12h00.pdf,https://meteoburkina.bf/produits/bulletin-quotidien/bulletin-meteo-du-09-avril-2026-12-heures/,path:.pdf,meteoburkina.bf,9fa56ee94a8fddc8be816ffb0e0ead77
https://meteoburkina.bf/documents/772/Bulletin_du_10_Avril_2026_%C3%A0_12h00.pdf,https://meteoburkina.bf/produits/bulletin-quotidien/bulletin-meteo-du-10-avril-2026-12-heures/,path:.pdf,meteoburkina.bf,2154706d12188d144b78d45177598318
https://meteoburkina.bf/documents/773/BCM202603.pdf,https://meteoburkina.bf/produits/bulletin-climatique-mensuel/bulletin-climatique-mensuel-de-mars-2026/,path:.pdf,meteoburkina.bf,55721983e81ce99c5529d04a7e86bf86
https://meteoburkina.bf/documents/774/Bulletin_du_12_Avril_2026_%C3%A0_12h00.pdf,https://meteoburkina.bf/produits/bulletin-quotidien/bulletin-meteo-du-12-avril-2026-12-heures/,path:.pdf,meteoburkina.bf,8cea6b9989cc02f8d6873c59ece3159f
https://meteoburkina.bf/documents/775/Bulletin_du_13_Avril_2026_%C3%A0_12h00.pdf,https://meteoburkina.bf/produits/bulletin-quotidien/bulletin-meteo-du-13-avril-2026-12-heures/,path:.pdf,meteoburkina.bf,0bb63156970895cdc70f72720390829a
https://meteoburkina.bf/documents/776/BAD26041.pdf,https://meteoburkina.bf/produits/bulletin-agrometeologique-decadaire/bulletin-agrom%C3%A9t%C3%A9orologique-d%C3%A9cadaire-n10-valable-du-11-au-20-avril-2026/,path:.pdf,meteoburkina.bf,610808bfa77371da27d8096b2e835673
https://meteoburkina.bf/documents/777/BAD260041_m%C3%A9dia.pdf,https://meteoburkina.bf/produits/bulletin-agrometeo-pour-les-medias/bulletin-agrom%C3%A9t%C3%A9orologique-d%C3%A9cadaire-m%C3%A9dias-agriculteurs-n10-valable-du-11-au-20-avril-2026/,path:.pdf,meteoburkina.bf,71604979d3750c9570ce6b9c17e5d2ed
https://meteoburkina.bf/documents/778/Bulletin_du_14_Avril_2026_%C3%A0_12h00.pdf,https://meteoburkina.bf/produits/bulletin-quotidien/bulletin-meteo-du-14-avril-2026-12-heures/,path:.pdf,meteoburkina.bf,bb35a4693657d3d9bf4ffa3fbf3e3fa1
https://meteoburkina.bf/documents/9/BAD23021.pdf,https://meteoburkina.bf/produits/bulletin-agrometeologique-decadaire/bulletin-agrometeorologique-decadaire-n4-01-au-10-fevrier-2023/,path:.pdf,meteoburkina.bf,dd88a4167cb0913c42798a547a26b80a
